REPORT_DATE_AS_YYYY-MM-DD,REF_WEEK_END,CFTC_NET_LONG,OPEN_INTEREST_ALL,PROD_MERC_POSITIONS_LONG_ALL,PROD_MERC_POSITIONS_SHORT_ALL,SWAP_POSITIONS_LONG_ALL,SWAP__POSITIONS_SHORT_ALL,SWAP__POSITIONS_SPREAD_ALL,M_MONEY_POSITIONS_LONG_ALL,M_MONEY_POSITIONS_SHORT_ALL,M_MONEY_POSITIONS_SPREAD_ALL,OTHER_REPT_POSITIONS_LONG_ALL,OTHER_REPT_POSITIONS_SHORT_ALL,OTHER_REPT_POSITIONS_SPREAD_ALL,TOT_REPT_POSITIONS_LONG_ALL,TOT_REPT_POSITIONS_SHORT_ALL,NONREPT_POSITIONS_LONG_ALL,NONREPT_POSITIONS_SHORT_ALL,OPEN_INTEREST_OLD,PROD_MERC_POSITIONS_LONG_OLD,PROD_MERC_POSITIONS_SHORT_OLD,SWAP_POSITIONS_LONG_OLD,SWAP__POSITIONS_SHORT_OLD,SWAP__POSITIONS_SPREAD_OLD,M_MONEY_POSITIONS_LONG_OLD,M_MONEY_POSITIONS_SHORT_OLD,M_MONEY_POSITIONS_SPREAD_OLD,OTHER_REPT_POSITIONS_LONG_OLD,OTHER_REPT_POSITIONS_SHORT_OLD,OTHER_REPT_POSITIONS_SPREAD_OLD,TOT_REPT_POSITIONS_LONG_OLD,TOT_REPT_POSITIONS_SHORT_OLD,NONREPT_POSITIONS_LONG_OLD,NONREPT_POSITIONS_SHORT_OLD,OPEN_INTEREST_OTHER,PROD_MERC_POSITIONS_LONG_OTHER,PROD_MERC_POSITIONS_SHORT_OTHER,SWAP_POSITIONS_LONG_OTHER,SWAP__POSITIONS_SHORT_OTHER,SWAP__POSITIONS_SPREAD_OTHER,M_MONEY_POSITIONS_LONG_OTHER,M_MONEY_POSITIONS_SHORT_OTHER,M_MONEY_POSITIONS_SPREAD_OTHER,OTHER_REPT_POSITIONS_LONG_OTHER,OTHER_REPT_POSITIONS_SHORT_OTHER,OTHER_REPT_POSITIONS_SPREAD_OTHER,TOT_REPT_POSITIONS_LONG_OTHER,TOT_REPT_POSITIONS_SHORT_OTHER,NONREPT_POSITIONS_LONG_OTHER,NONREPT_POSITIONS_SHORT_OTHER,CHANGE_IN_OPEN_INTEREST_ALL,CHANGE_IN_PROD_MERC_LONG_ALL,CHANGE_IN_PROD_MERC_SHORT_ALL,CHANGE_IN_SWAP_LONG_ALL,CHANGE_IN_SWAP_SHORT_ALL,CHANGE_IN_SWAP_SPREAD_ALL,CHANGE_IN_M_MONEY_LONG_ALL,CHANGE_IN_M_MONEY_SHORT_ALL,CHANGE_IN_M_MONEY_SPREAD_ALL,CHANGE_IN_OTHER_REPT_LONG_ALL,CHANGE_IN_OTHER_REPT_SHORT_ALL,CHANGE_IN_OTHER_REPT_SPREAD_ALL,CHANGE_IN_TOT_REPT_LONG_ALL,CHANGE_IN_TOT_REPT_SHORT_ALL,CHANGE_IN_NONREPT_LONG_ALL,CHANGE_IN_NONREPT_SHORT_ALL,PCT_OF_OPEN_INTEREST_ALL,PCT_OF_OI_PROD_MERC_LONG_ALL,PCT_OF_OI_PROD_MERC_SHORT_ALL,PCT_OF_OI_SWAP_LONG_ALL,PCT_OF_OI_SWAP_SHORT_ALL,PCT_OF_OI_SWAP_SPREAD_ALL,PCT_OF_OI_M_MONEY_LONG_ALL,PCT_OF_OI_M_MONEY_SHORT_ALL,PCT_OF_OI_M_MONEY_SPREAD_ALL,PCT_OF_OI_OTHER_REPT_LONG_ALL,PCT_OF_OI_OTHER_REPT_SHORT_ALL,PCT_OF_OI_OTHER_REPT_SPREAD_ALL,PCT_OF_OI_TOT_REPT_LONG_ALL,PCT_OF_OI_TOT_REPT_SHORT_ALL,PCT_OF_OI_NONREPT_LONG_ALL,PCT_OF_OI_NONREPT_SHORT_ALL,PCT_OF_OPEN_INTEREST_OLD,PCT_OF_OI_PROD_MERC_LONG_OLD,PCT_OF_OI_PROD_MERC_SHORT_OLD,PCT_OF_OI_SWAP_LONG_OLD,PCT_OF_OI_SWAP_SHORT_OLD,PCT_OF_OI_SWAP_SPREAD_OLD,PCT_OF_OI_M_MONEY_LONG_OLD,PCT_OF_OI_M_MONEY_SHORT_OLD,PCT_OF_OI_M_MONEY_SPREAD_OLD,PCT_OF_OI_OTHER_REPT_LONG_OLD,PCT_OF_OI_OTHER_REPT_SHORT_OLD,PCT_OF_OI_OTHER_REPT_SPREAD_OLD,PCT_OF_OI_TOT_REPT_LONG_OLD,PCT_OF_OI_TOT_REPT_SHORT_OLD,PCT_OF_OI_NONREPT_LONG_OLD,PCT_OF_OI_NONREPT_SHORT_OLD,PCT_OF_OPEN_INTEREST_OTHER,PCT_OF_OI_PROD_MERC_LONG_OTHER,PCT_OF_OI_PROD_MERC_SHORT_OTHER,PCT_OF_OI_SWAP_LONG_OTHER,PCT_OF_OI_SWAP_SHORT_OTHER,PCT_OF_OI_SWAP_SPREAD_OTHER,PCT_OF_OI_M_MONEY_LONG_OTHER,PCT_OF_OI_M_MONEY_SHORT_OTHER,PCT_OF_OI_M_MONEY_SPREAD_OTHER,PCT_OF_OI_OTHER_REPT_LONG_OTHER,PCT_OF_OI_OTHER_REPT_SHORT_OTHER,PCT_OF_OI_OTHER_REPT_SPREAD_OTHER,PCT_OF_OI_TOT_REPT_LONG_OTHER,PCT_OF_OI_TOT_REPT_SHORT_OTHER,PCT_OF_OI_NONREPT_LONG_OTHER,PCT_OF_OI_NONREPT_SHORT_OTHER,TRADERS_PROD_MERC_LONG_ALL,TRADERS_PROD_MERC_SHORT_ALL,TRADERS_SWAP_LONG_ALL,TRADERS_SWAP_SHORT_ALL,TRADERS_SWAP_SPREAD_ALL,TRADERS_M_MONEY_LONG_ALL,TRADERS_M_MONEY_SHORT_ALL,TRADERS_M_MONEY_SPREAD_ALL,TRADERS_OTHER_REPT_LONG_ALL,TRADERS_OTHER_REPT_SHORT_ALL,TRADERS_OTHER_REPT_SPREAD_ALL,TRADERS_TOT_REPT_LONG_ALL,TRADERS_TOT_REPT_SHORT_ALL,TRADERS_PROD_MERC_LONG_OLD,TRADERS_PROD_MERC_SHORT_OLD,TRADERS_SWAP_LONG_OLD,TRADERS_SWAP_SHORT_OLD,TRADERS_SWAP_SPREAD_OLD,TRADERS_M_MONEY_LONG_OLD,TRADERS_M_MONEY_SHORT_OLD,TRADERS_M_MONEY_SPREAD_OLD,TRADERS_OTHER_REPT_LONG_OLD,TRADERS_OTHER_REPT_SHORT_OLD,TRADERS_OTHER_REPT_SPREAD_OLD,TRADERS_TOT_REPT_LONG_OLD,TRADERS_TOT_REPT_SHORT_OLD,TRADERS_PROD_MERC_LONG_OTHER,TRADERS_PROD_MERC_SHORT_OTHER,TRADERS_SWAP_LONG_OTHER,TRADERS_SWAP_SHORT_OTHER,TRADERS_SWAP_SPREAD_OTHER,TRADERS_M_MONEY_LONG_OTHER,TRADERS_M_MONEY_SHORT_OTHER,TRADERS_M_MONEY_SPREAD_OTHER,TRADERS_OTHER_REPT_LONG_OTHER,TRADERS_OTHER_REPT_SHORT_OTHER,TRADERS_OTHER_REPT_SPREAD_OTHER,TRADERS_TOT_REPT_LONG_OTHER,TRADERS_TOT_REPT_SHORT_OTHER,CONC_GROSS_LE_4_TDR_LONG_ALL,CONC_GROSS_LE_4_TDR_SHORT_ALL,CONC_GROSS_LE_8_TDR_LONG_ALL,CONC_GROSS_LE_8_TDR_SHORT_ALL,CONC_NET_LE_4_TDR_LONG_ALL,CONC_NET_LE_4_TDR_SHORT_ALL,CONC_NET_LE_8_TDR_LONG_ALL,CONC_NET_LE_8_TDR_SHORT_ALL,CONC_GROSS_LE_4_TDR_LONG_OLD,CONC_GROSS_LE_4_TDR_SHORT_OLD,CONC_GROSS_LE_8_TDR_LONG_OLD,CONC_GROSS_LE_8_TDR_SHORT_OLD,CONC_NET_LE_4_TDR_LONG_OLD,CONC_NET_LE_4_TDR_SHORT_OLD,CONC_NET_LE_8_TDR_LONG_OLD,CONC_NET_LE_8_TDR_SHORT_OLD,CONC_GROSS_LE_4_TDR_LONG_OTHER,CONC_GROSS_LE_4_TDR_SHORT_OTHER,CONC_GROSS_LE_8_TDR_LONG_OTHER,CONC_GROSS_LE_8_TDR_SHORT_OTHER,CONC_NET_LE_4_TDR_LONG_OTHER,CONC_NET_LE_4_TDR_SHORT_OTHER,CONC_NET_LE_8_TDR_LONG_OTHER,CONC_NET_LE_8_TDR_SHORT_OTHER
2023-01-03,2023-01-06,0,363278,167388,178264,2566,32797,20133,24455,32301,12053,70061,18766,55851,352507,350165,10771,13113,363278,167388,178264,2566,32797,20133,24455,32301,12053,70061,18766,55851,352507,350165,10771,13113,0,0,0,0,0,0,0,0,0,0,0,0,0,0,0,0,   -3544,    6702,   -7093,    -341,     -27,    -788,    -852,    -108,     847,   -9541,    3284,      66,   -3907,   -3819,     363,     275,100.0,46.1,49.1,0.7,9.0,5.5,6.7,8.9,3.3,19.3,5.2,15.4,97.0,96.4,3.0,3.6,100.0,46.1,49.1,0.7,9.0,5.5,6.7,8.9,3.3,19.3,5.2,15.4,97.0,96.4,3.0,3.6,100.0,0.0,0.0,0.0,0.0,0.0,0.0,0.0,0.0,0.0,0.0,0.0,0.0,0.0,0.0,0.0,     33,     35,      5,     10,     15,      6,     10,      8,     12,     17,     23,88,87,     33,     35,      5,     10,     15,      6,     10,      8,     12,     17,     23,     88,     87,      0,      0,      0,      0,      0,      0,      0,      0,      0,      0,      0,      0,      0,45.7,27.1,60.6,43.1,39.7,22.5,48.2,34.1,45.7,27.1,60.6,43.1,39.7,22.5,48.2,34.1,0.0,0.0,0.0,0.0,0.0,0.0,0.0,0.0
2023-01-03,2023-01-06,0,131126,32590,15755,4834,63082,3421,0,0,0,47055,10948,6990,94890,100196,36236,30930,131126,32590,15755,4834,63082,3421,0,0,0,47055,10948,6990,94890,100196,36236,30930,0,0,0,0,0,0,0,0,0,0,0,0,0,0,0,0,  -16477,  -11186,    -731,   -1709,   -6889,    -548,       0,   -1016,       0,   -6826,   -5829,   -1476,  -21745,  -16489,    5268,      12,100.0,24.9,12.0,3.7,48.1,2.6,0.0,0.0,0.0,35.9,8.3,5.3,72.4,76.4,27.6,23.6,100.0,24.9,12.0,3.7,48.1,2.6,0.0,0.0,0.0,35.9,8.3,5.3,72.4,76.4,27.6,23.6,100.0,0.0,0.0,0.0,0.0,0.0,0.0,0.0,0.0,0.0,0.0,0.0,0.0,0.0,0.0,0.0,      9,     11,.,      7,      5,      0,      0,      0,      6,.,      5,20,27,      9,     11,.,      7,      5,      0,      0,      0,      6,.,      5,     20,     27,      0,      0,      0,      0,      0,      0,      0,      0,      0,      0,      0,      0,      0,54.5,37.0,63.6,58.9,48.0,37.0,55.8,56.1,54.5,37.0,63.6,58.9,48.0,37.0,55.8,56.1,0.0,0.0,0.0,0.0,0.0,0.0,0.0,0.0
2023-01-10,2023-01-13,0,375908,171557,184758,2919,33732,19500,23200,35061,16699,74392,16628,56660,364927,363038,10981,12870,375908,171557,184758,2919,33732,19500,23200,35061,16699,74392,16628,56660,364927,363038,10981,12870,0,0,0,0,0,0,0,0,0,0,0,0,0,0,0,0,   12630,    4169,    6494,     353,     935,    -633,   -1255,    2760,    4646,    4331,   -2138,     809,   12420,   12873,     210,    -243,100.0,45.6,49.1,0.8,9.0,5.2,6.2,9.3,4.4,19.8,4.4,15.1,97.1,96.6,2.9,3.4,100.0,45.6,49.1,0.8,9.0,5.2,6.2,9.3,4.4,19.8,4.4,15.1,97.1,96.6,2.9,3.4,100.0,0.0,0.0,0.0,0.0,0.0,0.0,0.0,0.0,0.0,0.0,0.0,0.0,0.0,0.0,0.0,     35,     37,      4,     11,     15,      7,      9,     11,     13,     15,     26,92,92,     35,     37,      4,     11,     15,      7,      9,     11,     13,     15,     26,     92,     92,      0,      0,      0,      0,      0,      0,      0,      0,      0,      0,      0,      0,      0,45.2,27.6,59.1,43.7,38.5,22.8,46.8,34.4,45.2,27.6,59.1,43.7,38.5,22.8,46.8,34.4,0.0,0.0,0.0,0.0,0.0,0.0,0.0,0.0
2023-01-10,2023-01-13,0,139987,38481,18856,4558,63125,4387,0,0,0,45094,10831,10847,103367,108046,36620,31941,139987,38481,18856,4558,63125,4387,0,0,0,45094,10831,10847,103367,108046,36620,31941,0,0,0,0,0,0,0,0,0,0,0,0,0,0,0,0,    8861,    5891,    3101,    -276,      43,     966,       0,       0,       0,   -1961,    -117,    3857,    8477,    7850,     384,    1011,100.0,27.5,13.5,3.3,45.1,3.1,0.0,0.0,0.0,32.2,7.7,7.7,73.8,77.2,26.2,22.8,100.0,27.5,13.5,3.3,45.1,3.1,0.0,0.0,0.0,32.2,7.7,7.7,73.8,77.2,26.2,22.8,100.0,0.0,0.0,0.0,0.0,0.0,0.0,0.0,0.0,0.0,0.0,0.0,0.0,0.0,0.0,0.0,     11,     11,.,      7,      5,      0,      0,      0,      6,.,      6,23,27,     11,     11,.,      7,      5,      0,      0,      0,      6,.,      6,     23,     27,      0,      0,      0,      0,      0,      0,      0,      0,      0,      0,      0,      0,      0,51.1,34.6,61.3,55.3,44.6,34.5,51.9,52.5,51.1,34.6,61.3,55.3,44.6,34.5,51.9,52.5,0.0,0.0,0.0,0.0,0.0,0.0,0.0,0.0
2023-01-17,2023-01-20,0,141333,38860,18892,4558,62456,4783,0,0,0,45098,11260,11387,104686,108778,36647,32555,141333,38860,18892,4558,62456,4783,0,0,0,45098,11260,11387,104686,108778,36647,32555,0,0,0,0,0,0,0,0,0,0,0,0,0,0,0,0,    1346,     379,      36,       0,    -669,     396,       0,       0,       0,       4,     429,     540,    1319,     732,      27,     614,100.0,27.5,13.4,3.2,44.2,3.4,0.0,0.0,0.0,31.9,8.0,8.1,74.1,77.0,25.9,23.0,100.0,27.5,13.4,3.2,44.2,3.4,0.0,0.0,0.0,31.9,8.0,8.1,74.1,77.0,25.9,23.0,100.0,0.0,0.0,0.0,0.0,0.0,0.0,0.0,0.0,0.0,0.0,0.0,0.0,0.0,0.0,0.0,     12,     12,.,      7,      5,      0,      0,      0,      8,.,      7,26,29,     12,     12,.,      7,      5,      0,      0,      0,      8,.,      7,     26,     29,      0,      0,      0,      0,      0,      0,      0,      0,      0,      0,      0,      0,      0,50.1,34.7,60.7,55.2,43.7,34.6,52.0,51.8,50.1,34.7,60.7,55.2,43.7,34.6,52.0,51.8,0.0,0.0,0.0,0.0,0.0,0.0,0.0,0.0
2023-01-17,2023-01-20,0,386049,182718,192596,2625,34356,20302,17256,34038,18792,75972,18069,54242,371907,372395,14142,13654,386049,182718,192596,2625,34356,20302,17256,34038,18792,75972,18069,54242,371907,372395,14142,13654,0,0,0,0,0,0,0,0,0,0,0,0,0,0,0,0,   10141,   11161,    7838,    -294,     624,     802,   -5944,   -1023,    2093,    1580,    1441,   -2418,    6980,    9357,    3161,     784,100.0,47.3,49.9,0.7,8.9,5.3,4.5,8.8,4.9,19.7,4.7,14.1,96.3,96.5,3.7,3.5,100.0,47.3,49.9,0.7,8.9,5.3,4.5,8.8,4.9,19.7,4.7,14.1,96.3,96.5,3.7,3.5,100.0,0.0,0.0,0.0,0.0,0.0,0.0,0.0,0.0,0.0,0.0,0.0,0.0,0.0,0.0,0.0,     37,     34,      6,      9,     15,      7,     10,     13,     10,     18,     26,97,90,     37,     34,      6,      9,     15,      7,     10,     13,     10,     18,     26,     97,     90,      0,      0,      0,      0,      0,      0,      0,      0,      0,      0,      0,      0,      0,41.9,27.5,56.0,43.2,35.6,21.8,45.3,33.6,41.9,27.5,56.0,43.2,35.6,21.8,45.3,33.6,0.0,0.0,0.0,0.0,0.0,0.0,0.0,0.0
2023-01-24,2023-01-27,0,147592,36580,22431,4618,62299,5071,0,0,0,51554,11759,12221,110044,113781,37548,33811,147592,36580,22431,4618,62299,5071,0,0,0,51554,11759,12221,110044,113781,37548,33811,0,0,0,0,0,0,0,0,0,0,0,0,0,0,0,0,    6259,   -2280,    3539,      60,    -157,     288,       0,       0,       0,    6456,     499,     834,    5358,    5003,     901,    1256,100.0,24.8,15.2,3.1,42.2,3.4,0.0,0.0,0.0,34.9,8.0,8.3,74.6,77.1,25.4,22.9,100.0,24.8,15.2,3.1,42.2,3.4,0.0,0.0,0.0,34.9,8.0,8.3,74.6,77.1,25.4,22.9,100.0,0.0,0.0,0.0,0.0,0.0,0.0,0.0,0.0,0.0,0.0,0.0,0.0,0.0,0.0,0.0,     14,     15,.,      7,      5,      0,      0,      0,      8,.,      8,29,32,     14,     15,.,      7,      5,      0,      0,      0,      8,.,      8,     29,     32,      0,      0,      0,      0,      0,      0,      0,      0,      0,      0,      0,      0,      0,50.9,33.6,60.5,53.5,44.3,33.6,51.2,49.9,50.9,33.6,60.5,53.5,44.3,33.6,51.2,49.9,0.0,0.0,0.0,0.0,0.0,0.0,0.0,0.0
2023-01-24,2023-01-27,0,387454,190550,193590,3733,33763,20167,10820,30067,14884,72641,21636,59562,372357,373669,15097,13785,387454,190550,193590,3733,33763,20167,10820,30067,14884,72641,21636,59562,372357,373669,15097,13785,0,0,0,0,0,0,0,0,0,0,0,0,0,0,0,0,    1405,    7832,     994,    1108,    -593,    -135,   -6436,   -3971,   -3908,   -3331,    3567,    5320,     450,    1274,     955,     131,100.0,49.2,50.0,1.0,8.7,5.2,2.8,7.8,3.8,18.7,5.6,15.4,96.1,96.4,3.9,3.6,100.0,49.2,50.0,1.0,8.7,5.2,2.8,7.8,3.8,18.7,5.6,15.4,96.1,96.4,3.9,3.6,100.0,0.0,0.0,0.0,0.0,0.0,0.0,0.0,0.0,0.0,0.0,0.0,0.0,0.0,0.0,0.0,     36,     35,      6,      9,     15,      9,      8,     12,     10,     22,     26,96,94,     36,     35,      6,      9,     15,      9,      8,     12,     10,     22,     26,     96,     94,      0,      0,      0,      0,      0,      0,      0,      0,      0,      0,      0,      0,      0,41.0,26.4,54.1,41.8,33.7,19.8,42.1,31.0,41.0,26.4,54.1,41.8,33.7,19.8,42.1,31.0,0.0,0.0,0.0,0.0,0.0,0.0,0.0,0.0
2023-01-31,2023-02-03,0,407466,202703,202327,2848,34703,21147,10667,29431,17776,75986,23956,64233,395360,393573,12106,13893,407466,202703,202327,2848,34703,21147,10667,29431,17776,75986,23956,64233,395360,393573,12106,13893,0,0,0,0,0,0,0,0,0,0,0,0,0,0,0,0,   20012,   12153,    8737,    -885,     940,     980,    -153,    -636,    2892,    3345,    2320,    4671,   23003,   19904,   -2991,     108,100.0,49.7,49.7,0.7,8.5,5.2,2.6,7.2,4.4,18.6,5.9,15.8,97.0,96.6,3.0,3.4,100.0,49.7,49.7,0.7,8.5,5.2,2.6,7.2,4.4,18.6,5.9,15.8,97.0,96.6,3.0,3.4,100.0,0.0,0.0,0.0,0.0,0.0,0.0,0.0,0.0,0.0,0.0,0.0,0.0,0.0,0.0,0.0,     38,     40,      6,      9,     15,      9,      8,     13,     12,     20,     25,97,99,     38,     40,      6,      9,     15,      9,      8,     13,     12,     20,     25,     97,     99,      0,      0,      0,      0,      0,      0,      0,      0,      0,      0,      0,      0,      0,40.4,26.4,53.8,41.0,32.4,19.3,41.6,30.0,40.4,26.4,53.8,41.0,32.4,19.3,41.6,30.0,0.0,0.0,0.0,0.0,0.0,0.0,0.0,0.0
2023-01-31,2023-02-03,0,154980,42341,25226,4618,70479,5241,0,0,0,55417,11927,12541,120158,125414,34822,29566,154980,42341,25226,4618,70479,5241,0,0,0,55417,11927,12541,120158,125414,34822,29566,0,0,0,0,0,0,0,0,0,0,0,0,0,0,0,0,    7388,    5761,    2795,       0,    8180,     170,       0,       0,       0,    3863,     168,     320,   10114,   11633,   -2726,   -4245,100.0,27.3,16.3,3.0,45.5,3.4,0.0,0.0,0.0,35.8,7.7,8.1,77.5,80.9,22.5,19.1,100.0,27.3,16.3,3.0,45.5,3.4,0.0,0.0,0.0,35.8,7.7,8.1,77.5,80.9,22.5,19.1,100.0,0.0,0.0,0.0,0.0,0.0,0.0,0.0,0.0,0.0,0.0,0.0,0.0,0.0,0.0,0.0,     17,     16,.,      8,      5,      0,      0,      0,      8,.,      9,32,35,     17,     16,.,      8,      5,      0,      0,      0,      8,.,      9,     32,     35,      0,      0,      0,      0,      0,      0,      0,      0,      0,      0,      0,      0,      0,52.1,33.5,61.1,52.8,45.9,33.5,52.5,50.2,52.1,33.5,61.1,52.8,45.9,33.5,52.5,50.2,0.0,0.0,0.0,0.0,0.0,0.0,0.0,0.0
2023-02-07,2023-02-10,0,136593,28768,20965,6031,63926,3889,0,0,0,55546,11272,7345,101579,107397,35014,29196,136593,28768,20965,6031,63926,3889,0,0,0,55546,11272,7345,101579,107397,35014,29196,0,0,0,0,0,0,0,0,0,0,0,0,0,0,0,0,  -18387,  -13573,   -4261,    1413,   -6553,   -1352,       0,       0,       0,     129,    -655,   -5196,  -18579,  -18017,     192,    -370,100.0,21.1,15.3,4.4,46.8,2.8,0.0,0.0,0.0,40.7,8.3,5.4,74.4,78.6,25.6,21.4,100.0,21.1,15.3,4.4,46.8,2.8,0.0,0.0,0.0,40.7,8.3,5.4,74.4,78.6,25.6,21.4,100.0,0.0,0.0,0.0,0.0,0.0,0.0,0.0,0.0,0.0,0.0,0.0,0.0,0.0,0.0,0.0,     10,     14,.,      8,      5,      0,      0,      0,      7,.,      6,24,30,     10,     14,.,      8,      5,      0,      0,      0,      7,.,      6,     24,     30,      0,      0,      0,      0,      0,      0,      0,      0,      0,      0,      0,      0,      0,56.3,35.3,64.0,56.3,48.7,34.5,56.2,53.9,56.3,35.3,64.0,56.3,48.7,34.5,56.2,53.9,0.0,0.0,0.0,0.0,0.0,0.0,0.0,0.0
2023-02-07,2023-02-10,0,431938,223102,219463,3160,35118,21964,5710,26582,22546,78587,27000,65453,420522,418126,11416,13812,431938,223102,219463,3160,35118,21964,5710,26582,22546,78587,27000,65453,420522,418126,11416,13812,0,0,0,0,0,0,0,0,0,0,0,0,0,0,0,0,   24472,   20399,   17136,     312,     415,     817,   -4957,   -2849,    4770,    2601,    3044,    1220,   25162,   24553,    -690,     -81,100.0,51.7,50.8,0.7,8.1,5.1,1.3,6.2,5.2,18.2,6.3,15.2,97.4,96.8,2.6,3.2,100.0,51.7,50.8,0.7,8.1,5.1,1.3,6.2,5.2,18.2,6.3,15.2,97.4,96.8,2.6,3.2,100.0,0.0,0.0,0.0,0.0,0.0,0.0,0.0,0.0,0.0,0.0,0.0,0.0,0.0,0.0,0.0,     39,     42,      7,      9,     16,      7,     10,     13,     12,     20,     27,101,103,     39,     42,      7,      9,     16,      7,     10,     13,     12,     20,     27,    101,    103,      0,      0,      0,      0,      0,      0,      0,      0,      0,      0,      0,      0,      0,40.0,26.6,53.5,41.5,32.5,19.1,41.2,29.1,40.0,26.6,53.5,41.5,32.5,19.1,41.2,29.1,0.0,0.0,0.0,0.0,0.0,0.0,0.0,0.0
2023-02-14,2023-02-17,0,142701,30805,24085,6725,64534,4821,0,0,0,57137,11766,8469,107957,113675,34744,29026,142701,30805,24085,6725,64534,4821,0,0,0,57137,11766,8469,107957,113675,34744,29026,0,0,0,0,0,0,0,0,0,0,0,0,0,0,0,0,    6108,    2037,    3120,     694,     608,     932,       0,       0,       0,    1591,     494,    1124,    6378,    6278,    -270,    -170,100.0,21.6,16.9,4.7,45.2,3.4,0.0,0.0,0.0,40.0,8.2,5.9,75.7,79.7,24.3,20.3,100.0,21.6,16.9,4.7,45.2,3.4,0.0,0.0,0.0,40.0,8.2,5.9,75.7,79.7,24.3,20.3,100.0,0.0,0.0,0.0,0.0,0.0,0.0,0.0,0.0,0.0,0.0,0.0,0.0,0.0,0.0,0.0,      9,     13,.,      8,      6,      0,      0,      0,      7,.,      7,23,32,      9,     13,.,      8,      6,      0,      0,      0,      7,.,      7,     23,     32,      0,      0,      0,      0,      0,      0,      0,      0,      0,      0,      0,      0,      0,55.3,34.1,63.6,54.6,47.3,33.3,54.7,52.3,55.3,34.1,63.6,54.6,47.3,33.3,54.7,52.3,0.0,0.0,0.0,0.0,0.0,0.0,0.0,0.0
2023-02-14,2023-02-17,0,455777,223390,240732,3181,34862,22853,5853,25291,27539,91737,23565,66035,440588,440877,15189,14900,455777,223390,240732,3181,34862,22853,5853,25291,27539,91737,23565,66035,440588,440877,15189,14900,0,0,0,0,0,0,0,0,0,0,0,0,0,0,0,0,   23839,     288,   21269,      21,    -256,     889,     143,   -1291,    4993,   13150,   -3435,     582,   20066,   22751,    3773,    1088,100.0,49.0,52.8,0.7,7.6,5.0,1.3,5.5,6.0,20.1,5.2,14.5,96.7,96.7,3.3,3.3,100.0,49.0,52.8,0.7,7.6,5.0,1.3,5.5,6.0,20.1,5.2,14.5,96.7,96.7,3.3,3.3,100.0,0.0,0.0,0.0,0.0,0.0,0.0,0.0,0.0,0.0,0.0,0.0,0.0,0.0,0.0,0.0,     40,     40,      6,      9,     15,      5,     10,     11,     12,     19,     27,97,100,     40,     40,      6,      9,     15,      5,     10,     11,     12,     19,     27,     97,    100,      0,      0,      0,      0,      0,      0,      0,      0,      0,      0,      0,      0,      0,38.3,26.4,51.5,41.2,30.2,18.5,38.5,28.5,38.3,26.4,51.5,41.2,30.2,18.5,38.5,28.5,0.0,0.0,0.0,0.0,0.0,0.0,0.0,0.0
2023-02-21,2023-02-24,0,143973,33872,26059,6980,64790,4821,0,0,0,56947,11820,8607,111227,116097,32746,27876,143973,33872,26059,6980,64790,4821,0,0,0,56947,11820,8607,111227,116097,32746,27876,0,0,0,0,0,0,0,0,0,0,0,0,0,0,0,0,    1272,    3067,    1974,     255,     256,       0,       0,       0,       0,    -190,      54,     138,    3270,    2422,   -1998,   -1150,100.0,23.5,18.1,4.8,45.0,3.3,0.0,0.0,0.0,39.6,8.2,6.0,77.3,80.6,22.7,19.4,100.0,23.5,18.1,4.8,45.0,3.3,0.0,0.0,0.0,39.6,8.2,6.0,77.3,80.6,22.7,19.4,100.0,0.0,0.0,0.0,0.0,0.0,0.0,0.0,0.0,0.0,0.0,0.0,0.0,0.0,0.0,0.0,     13,     15,.,      8,      6,      0,      0,      0,      7,.,      7,27,34,     13,     15,.,      8,      6,      0,      0,      0,      7,.,      7,     27,     34,      0,      0,      0,      0,      0,      0,      0,      0,      0,      0,      0,      0,      0,54.6,33.8,63.1,54.3,46.4,33.0,54.0,52.0,54.6,33.8,63.1,54.3,46.4,33.0,54.0,52.0,0.0,0.0,0.0,0.0,0.0,0.0,0.0,0.0
2023-02-21,2023-02-24,0,430682,214969,233040,3786,33469,20883,10016,18173,25770,81058,21211,62954,419436,415500,11246,15182,430682,214969,233040,3786,33469,20883,10016,18173,25770,81058,21211,62954,419436,415500,11246,15182,0,0,0,0,0,0,0,0,0,0,0,0,0,0,0,0,  -25095,   -8421,   -7692,     605,   -1393,   -1970,    4163,   -7118,   -1769,  -10679,   -2354,   -3081,  -21152,  -25377,   -3943,     282,100.0,49.9,54.1,0.9,7.8,4.8,2.3,4.2,6.0,18.8,4.9,14.6,97.4,96.5,2.6,3.5,100.0,49.9,54.1,0.9,7.8,4.8,2.3,4.2,6.0,18.8,4.9,14.6,97.4,96.5,2.6,3.5,100.0,0.0,0.0,0.0,0.0,0.0,0.0,0.0,0.0,0.0,0.0,0.0,0.0,0.0,0.0,0.0,     38,     40,      5,      9,     14,      7,      8,     11,     11,     19,     25,93,96,     38,     40,      5,      9,     14,      7,      8,     11,     11,     19,     25,     93,     96,      0,      0,      0,      0,      0,      0,      0,      0,      0,      0,      0,      0,      0,40.0,27.5,53.0,42.8,30.4,19.4,38.0,29.5,40.0,27.5,53.0,42.8,30.4,19.4,38.0,29.5,0.0,0.0,0.0,0.0,0.0,0.0,0.0,0.0
2023-02-28,2023-03-03,0,147885,35008,25979,6857,67164,4821,0,0,0,59224,11999,8184,114094,118147,33791,29738,147885,35008,25979,6857,67164,4821,0,0,0,59224,11999,8184,114094,118147,33791,29738,0,0,0,0,0,0,0,0,0,0,0,0,0,0,0,0,    3912,    1136,     -80,    -123,    2374,       0,       0,       0,       0,    2277,     179,    -423,    2867,    2050,    1045,    1862,100.0,23.7,17.6,4.6,45.4,3.3,0.0,0.0,0.0,40.0,8.1,5.5,77.2,79.9,22.8,20.1,100.0,23.7,17.6,4.6,45.4,3.3,0.0,0.0,0.0,40.0,8.1,5.5,77.2,79.9,22.8,20.1,100.0,0.0,0.0,0.0,0.0,0.0,0.0,0.0,0.0,0.0,0.0,0.0,0.0,0.0,0.0,0.0,     14,     14,.,      8,      6,      0,      0,      0,      7,.,      6,28,32,     14,     14,.,      8,      6,      0,      0,      0,      7,.,      6,     28,     32,      0,      0,      0,      0,      0,      0,      0,      0,      0,      0,      0,      0,      0,54.3,34.5,62.6,54.3,46.6,33.7,54.1,52.2,54.3,34.5,62.6,54.3,46.6,33.7,54.1,52.2,0.0,0.0,0.0,0.0,0.0,0.0,0.0,0.0
2023-02-28,2023-03-03,0,434238,210242,231661,3775,38051,25364,4216,16472,31147,88537,18707,60053,423334,421455,10904,12783,434238,210242,231661,3775,38051,25364,4216,16472,31147,88537,18707,60053,423334,421455,10904,12783,0,0,0,0,0,0,0,0,0,0,0,0,0,0,0,0,    3556,   -4727,   -1379,     -11,    4582,    4481,   -5800,   -1701,    5377,    7479,   -2504,   -2901,    3898,    5955,    -342,   -2399,100.0,48.4,53.3,0.9,8.8,5.8,1.0,3.8,7.2,20.4,4.3,13.8,97.5,97.1,2.5,2.9,100.0,48.4,53.3,0.9,8.8,5.8,1.0,3.8,7.2,20.4,4.3,13.8,97.5,97.1,2.5,2.9,100.0,0.0,0.0,0.0,0.0,0.0,0.0,0.0,0.0,0.0,0.0,0.0,0.0,0.0,0.0,0.0,     39,     40,      7,      8,     15,      6,      8,     12,     12,     19,     27,96,98,     39,     40,      7,      8,     15,      6,      8,     12,     12,     19,     27,     96,     98,      0,      0,      0,      0,      0,      0,      0,      0,      0,      0,      0,      0,      0,39.4,25.7,53.2,42.4,31.1,19.6,39.1,29.6,39.4,25.7,53.2,42.4,31.1,19.6,39.1,29.6,0.0,0.0,0.0,0.0,0.0,0.0,0.0,0.0
2023-03-07,2023-03-10,0,131152,24288,23576,6490,56804,3168,0,0,0,55613,12444,7176,96735,103168,34417,27984,131152,24288,23576,6490,56804,3168,0,0,0,55613,12444,7176,96735,103168,34417,27984,0,0,0,0,0,0,0,0,0,0,0,0,0,0,0,0,  -16733,  -10720,   -2403,    -367,  -10360,   -1653,       0,       0,       0,   -3611,     445,   -1008,  -17359,  -14979,     626,   -1754,100.0,18.5,18.0,4.9,43.3,2.4,0.0,0.0,0.0,42.4,9.5,5.5,73.8,78.7,26.2,21.3,100.0,18.5,18.0,4.9,43.3,2.4,0.0,0.0,0.0,42.4,9.5,5.5,73.8,78.7,26.2,21.3,100.0,0.0,0.0,0.0,0.0,0.0,0.0,0.0,0.0,0.0,0.0,0.0,0.0,0.0,0.0,0.0,     12,     16,.,      7,      5,      0,      0,      0,      6,.,      4,24,31,     12,     16,.,      7,      5,      0,      0,      0,      6,.,      4,     24,     31,      0,      0,      0,      0,      0,      0,      0,      0,      0,      0,      0,      0,      0,55.5,33.3,63.9,55.1,46.6,33.1,54.2,51.8,55.5,33.3,63.9,55.1,46.6,33.1,54.2,51.8,0.0,0.0,0.0,0.0,0.0,0.0,0.0,0.0
2023-03-07,2023-03-10,0,431983,198776,221239,3332,40837,26535,7343,19895,31281,92301,16397,62280,421848,418464,10135,13519,431983,198776,221239,3332,40837,26535,7343,19895,31281,92301,16397,62280,421848,418464,10135,13519,0,0,0,0,0,0,0,0,0,0,0,0,0,0,0,0,   -2255,  -11466,  -10422,    -443,    2786,    1171,    3127,    3423,     134,    3764,   -2310,    2227,   -1486,   -2991,    -769,     736,100.0,46.0,51.2,0.8,9.5,6.1,1.7,4.6,7.2,21.4,3.8,14.4,97.7,96.9,2.3,3.1,100.0,46.0,51.2,0.8,9.5,6.1,1.7,4.6,7.2,21.4,3.8,14.4,97.7,96.9,2.3,3.1,100.0,0.0,0.0,0.0,0.0,0.0,0.0,0.0,0.0,0.0,0.0,0.0,0.0,0.0,0.0,0.0,     37,     38,      7,      8,     15,      5,     12,     13,     18,     16,     31,99,102,     37,     38,      7,      8,     15,      5,     12,     13,     18,     16,     31,     99,    102,      0,      0,      0,      0,      0,      0,      0,      0,      0,      0,      0,      0,      0,37.9,26.9,51.5,42.8,29.4,21.2,37.4,31.3,37.9,26.9,51.5,42.8,29.4,21.2,37.4,31.3,0.0,0.0,0.0,0.0,0.0,0.0,0.0,0.0
2023-03-14,2023-03-17,0,435506,217169,213625,5541,44938,25985,4594,24748,28288,79767,20735,62313,423657,420632,11849,14874,435506,217169,213625,5541,44938,25985,4594,24748,28288,79767,20735,62313,423657,420632,11849,14874,0,0,0,0,0,0,0,0,0,0,0,0,0,0,0,0,    3523,   18393,   -7614,    2209,    4101,    -550,   -2749,    4853,   -2993,  -12534,    4338,      33,    1809,    2168,    1714,    1355,100.0,49.9,49.1,1.3,10.3,6.0,1.1,5.7,6.5,18.3,4.8,14.3,97.3,96.6,2.7,3.4,100.0,49.9,49.1,1.3,10.3,6.0,1.1,5.7,6.5,18.3,4.8,14.3,97.3,96.6,2.7,3.4,100.0,0.0,0.0,0.0,0.0,0.0,0.0,0.0,0.0,0.0,0.0,0.0,0.0,0.0,0.0,0.0,     39,     42,      5,     10,     15,      4,     12,     12,     15,     19,     29,100,104,     39,     42,      5,     10,     15,      4,     12,     12,     15,     19,     29,    100,    104,      0,      0,      0,      0,      0,      0,      0,      0,      0,      0,      0,      0,      0,36.0,27.5,49.4,42.2,28.2,21.0,37.8,30.5,36.0,27.5,49.4,42.2,28.2,21.0,37.8,30.5,0.0,0.0,0.0,0.0,0.0,0.0,0.0,0.0
2023-03-14,2023-03-17,0,133657,26066,24965,5881,56911,3456,0,0,0,55231,14055,7923,98557,107310,35100,26347,133657,26066,24965,5881,56911,3456,0,0,0,55231,14055,7923,98557,107310,35100,26347,0,0,0,0,0,0,0,0,0,0,0,0,0,0,0,0,    2505,    1778,    1389,    -609,     107,     288,       0,       0,       0,    -382,    1611,     747,    1822,    4142,     683,   -1637,100.0,19.5,18.7,4.4,42.6,2.6,0.0,0.0,0.0,41.3,10.5,5.9,73.7,80.3,26.3,19.7,100.0,19.5,18.7,4.4,42.6,2.6,0.0,0.0,0.0,41.3,10.5,5.9,73.7,80.3,26.3,19.7,100.0,0.0,0.0,0.0,0.0,0.0,0.0,0.0,0.0,0.0,0.0,0.0,0.0,0.0,0.0,0.0,     13,     15,.,      7,      5,      0,      0,      0,      6,.,      7,26,33,     13,     15,.,      7,      5,      0,      0,      0,      6,.,      7,     26,     33,      0,      0,      0,      0,      0,      0,      0,      0,      0,      0,      0,      0,      0,54.3,32.5,62.2,54.0,45.7,32.4,52.6,50.7,54.3,32.5,62.2,54.0,45.7,32.4,52.6,50.7,0.0,0.0,0.0,0.0,0.0,0.0,0.0,0.0
2023-03-21,2023-03-24,0,137456,34148,26208,5121,56783,4052,0,0,0,52828,14384,7618,103767,109045,33689,28411,137456,34148,26208,5121,56783,4052,0,0,0,52828,14384,7618,103767,109045,33689,28411,0,0,0,0,0,0,0,0,0,0,0,0,0,0,0,0,    3799,    8082,    1243,    -760,    -128,     596,       0,       0,       0,   -2403,     329,    -305,    5210,    1735,   -1411,    2064,100.0,24.8,19.1,3.7,41.3,2.9,0.0,0.0,0.0,38.4,10.5,5.5,75.5,79.3,24.5,20.7,100.0,24.8,19.1,3.7,41.3,2.9,0.0,0.0,0.0,38.4,10.5,5.5,75.5,79.3,24.5,20.7,100.0,0.0,0.0,0.0,0.0,0.0,0.0,0.0,0.0,0.0,0.0,0.0,0.0,0.0,0.0,0.0,     15,     15,.,      7,      5,      0,      0,      0,      6,.,      7,28,33,     15,     15,.,      7,      5,      0,      0,      0,      6,.,      7,     28,     33,      0,      0,      0,      0,      0,      0,      0,      0,      0,      0,      0,      0,      0,52.2,31.5,61.2,51.9,44.5,31.3,52.2,49.2,52.2,31.5,61.2,51.9,44.5,31.3,52.2,49.2,0.0,0.0,0.0,0.0,0.0,0.0,0.0,0.0
2023-03-21,2023-03-24,0,437454,212084,207416,9168,41638,21795,3899,19434,35189,73135,26438,68958,424228,420868,13226,16586,437454,212084,207416,9168,41638,21795,3899,19434,35189,73135,26438,68958,424228,420868,13226,16586,0,0,0,0,0,0,0,0,0,0,0,0,0,0,0,0,    1948,   -5085,   -6209,    3627,   -3300,   -4190,    -695,   -5314,    6901,   -6632,    5703,    6645,     571,     236,    1377,    1712,100.0,48.5,47.4,2.1,9.5,5.0,0.9,4.4,8.0,16.7,6.0,15.8,97.0,96.2,3.0,3.8,100.0,48.5,47.4,2.1,9.5,5.0,0.9,4.4,8.0,16.7,6.0,15.8,97.0,96.2,3.0,3.8,100.0,0.0,0.0,0.0,0.0,0.0,0.0,0.0,0.0,0.0,0.0,0.0,0.0,0.0,0.0,0.0,     35,     35,      6,      9,     15,.,     11,     12,     10,     23,     27,93,94,     35,     35,      6,      9,     15,.,     11,     12,     10,     23,     27,     93,     94,      0,      0,      0,      0,      0,      0,      0,      0,      0,      0,      0,      0,      0,37.2,29.0,51.3,45.6,30.5,23.4,39.2,32.7,37.2,29.0,51.3,45.6,30.5,23.4,39.2,32.7,0.0,0.0,0.0,0.0,0.0,0.0,0.0,0.0
2023-03-28,2023-03-31,0,447347,208167,224128,13452,42452,21209,6958,15654,34991,81153,24953,68173,434103,431560,13244,15787,447347,208167,224128,13452,42452,21209,6958,15654,34991,81153,24953,68173,434103,431560,13244,15787,0,0,0,0,0,0,0,0,0,0,0,0,0,0,0,0,    9893,   -3917,   16712,    4284,     814,    -586,    3059,   -3780,    -198,    8018,   -1485,    -785,    9875,   10692,      18,    -799,100.0,46.5,50.1,3.0,9.5,4.7,1.6,3.5,7.8,18.1,5.6,15.2,97.0,96.5,3.0,3.5,100.0,46.5,50.1,3.0,9.5,4.7,1.6,3.5,7.8,18.1,5.6,15.2,97.0,96.5,3.0,3.5,100.0,0.0,0.0,0.0,0.0,0.0,0.0,0.0,0.0,0.0,0.0,0.0,0.0,0.0,0.0,0.0,     37,     35,      8,      8,     15,      6,     11,     13,     14,     21,     29,101,97,     37,     35,      8,      8,     15,      6,     11,     13,     14,     21,     29,    101,     97,      0,      0,      0,      0,      0,      0,      0,      0,      0,      0,      0,      0,      0,37.1,29.4,50.6,45.5,29.4,24.4,39.2,33.9,37.1,29.4,50.6,45.5,29.4,24.4,39.2,33.9,0.0,0.0,0.0,0.0,0.0,0.0,0.0,0.0
2023-03-28,2023-03-31,0,141271,36657,27666,5148,58900,4184,0,0,0,53195,12266,7416,106600,110432,34671,30839,141271,36657,27666,5148,58900,4184,0,0,0,53195,12266,7416,106600,110432,34671,30839,0,0,0,0,0,0,0,0,0,0,0,0,0,0,0,0,    3815,    2509,    1458,      27,    2117,     132,       0,       0,       0,     367,   -2118,    -202,    2833,    1387,     982,    2428,100.0,25.9,19.6,3.6,41.7,3.0,0.0,0.0,0.0,37.7,8.7,5.2,75.5,78.2,24.5,21.8,100.0,25.9,19.6,3.6,41.7,3.0,0.0,0.0,0.0,37.7,8.7,5.2,75.5,78.2,24.5,21.8,100.0,0.0,0.0,0.0,0.0,0.0,0.0,0.0,0.0,0.0,0.0,0.0,0.0,0.0,0.0,0.0,     16,     17,.,      7,      5,      0,      0,      0,      6,.,      6,28,34,     16,     17,.,      7,      5,      0,      0,      0,      6,.,      6,     28,     34,      0,      0,      0,      0,      0,      0,      0,      0,      0,      0,      0,      0,      0,51.1,32.2,60.0,52.1,43.6,32.0,51.3,49.4,51.1,32.2,60.0,52.1,43.6,32.0,51.3,49.4,0.0,0.0,0.0,0.0,0.0,0.0,0.0,0.0
2023-04-04,2023-04-07,0,464769,212407,221645,13733,44453,26518,10594,20635,34270,75614,25431,74007,447143,446959,17626,17810,464769,212407,221645,13733,44453,26518,10594,20635,34270,75614,25431,74007,447143,446959,17626,17810,0,0,0,0,0,0,0,0,0,0,0,0,0,0,0,0,   17422,    4240,   -2483,     281,    2001,    5309,    3636,    4981,    -721,   -5539,     478,    5834,   13040,   15399,    4382,    2023,100.0,45.7,47.7,3.0,9.6,5.7,2.3,4.4,7.4,16.3,5.5,15.9,96.2,96.2,3.8,3.8,100.0,45.7,47.7,3.0,9.6,5.7,2.3,4.4,7.4,16.3,5.5,15.9,96.2,96.2,3.8,3.8,100.0,0.0,0.0,0.0,0.0,0.0,0.0,0.0,0.0,0.0,0.0,0.0,0.0,0.0,0.0,0.0,     41,     42,      6,     10,     15,      8,     12,     13,      9,     21,     29,103,104,     41,     42,      6,     10,     15,      8,     12,     13,      9,     21,     29,    103,    104,      0,      0,      0,      0,      0,      0,      0,      0,      0,      0,      0,      0,      0,35.9,30.7,48.9,47.0,27.0,23.9,37.4,33.3,35.9,30.7,48.9,47.0,27.0,23.9,37.4,33.3,0.0,0.0,0.0,0.0,0.0,0.0,0.0,0.0
2023-04-04,2023-04-07,0,127362,29970,23688,3036,45824,4970,0,0,0,47001,12387,8092,93069,94961,34293,32401,127362,29970,23688,3036,45824,4970,0,0,0,47001,12387,8092,93069,94961,34293,32401,0,0,0,0,0,0,0,0,0,0,0,0,0,0,0,0,  -13909,   -6687,   -3978,   -2112,  -13076,     786,       0,       0,       0,   -6194,     121,     676,  -13531,  -15471,    -378,    1562,100.0,23.5,18.6,2.4,36.0,3.9,0.0,0.0,0.0,36.9,9.7,6.4,73.1,74.6,26.9,25.4,100.0,23.5,18.6,2.4,36.0,3.9,0.0,0.0,0.0,36.9,9.7,6.4,73.1,74.6,26.9,25.4,100.0,0.0,0.0,0.0,0.0,0.0,0.0,0.0,0.0,0.0,0.0,0.0,0.0,0.0,0.0,0.0,     14,     16,.,      6,      5,      0,      0,      0,      6,.,      6,26,33,     14,     16,.,      6,      5,      0,      0,      0,      6,.,      6,     26,     33,      0,      0,      0,      0,      0,      0,      0,      0,      0,      0,      0,      0,      0,48.1,31.9,58.8,50.5,39.6,31.8,48.8,46.8,48.1,31.9,58.8,50.5,39.6,31.8,48.8,46.8,0.0,0.0,0.0,0.0,0.0,0.0,0.0,0.0
2023-04-11,2023-04-14,0,133555,30484,23719,7093,46229,5721,0,0,0,48641,13362,8083,100022,97114,33533,36441,133555,30484,23719,7093,46229,5721,0,0,0,48641,13362,8083,100022,97114,33533,36441,0,0,0,0,0,0,0,0,0,0,0,0,0,0,0,0,    6193,     514,      31,    4057,     405,     751,       0,       0,       0,    1640,     975,      -9,    6953,    2153,    -760,    4040,100.0,22.8,17.8,5.3,34.6,4.3,0.0,0.0,0.0,36.4,10.0,6.1,74.9,72.7,25.1,27.3,100.0,22.8,17.8,5.3,34.6,4.3,0.0,0.0,0.0,36.4,10.0,6.1,74.9,72.7,25.1,27.3,100.0,0.0,0.0,0.0,0.0,0.0,0.0,0.0,0.0,0.0,0.0,0.0,0.0,0.0,0.0,0.0,     15,     14,.,      7,      6,      0,      0,      0,      6,.,      6,28,32,     15,     14,.,      7,      6,      0,      0,      0,      6,.,      6,     28,     32,      0,      0,      0,      0,      0,      0,      0,      0,      0,      0,      0,      0,      0,47.0,31.2,58.5,49.2,38.8,31.2,48.6,45.4,47.0,31.2,58.5,49.2,38.8,31.2,48.6,45.4,0.0,0.0,0.0,0.0,0.0,0.0,0.0,0.0
2023-04-11,2023-04-14,0,464199,213400,222154,17465,43673,25966,9794,20017,35293,72817,26698,73574,448309,447375,15890,16824,464199,213400,222154,17465,43673,25966,9794,20017,35293,72817,26698,73574,448309,447375,15890,16824,0,0,0,0,0,0,0,0,0,0,0,0,0,0,0,0,    -570,     993,     509,    3732,    -780,    -552,    -800,    -618,    1023,   -2797,    1267,    -433,    1166,     416,   -1736,    -986,100.0,46.0,47.9,3.8,9.4,5.6,2.1,4.3,7.6,15.7,5.8,15.8,96.6,96.4,3.4,3.6,100.0,46.0,47.9,3.8,9.4,5.6,2.1,4.3,7.6,15.7,5.8,15.8,96.6,96.4,3.4,3.6,100.0,0.0,0.0,0.0,0.0,0.0,0.0,0.0,0.0,0.0,0.0,0.0,0.0,0.0,0.0,0.0,     43,     44,      7,      9,     15,      9,     12,     13,      9,     22,     30,106,107,     43,     44,      7,      9,     15,      9,     12,     13,      9,     22,     30,    106,    107,      0,      0,      0,      0,      0,      0,      0,      0,      0,      0,      0,      0,      0,35.1,30.2,48.2,46.2,26.6,24.2,36.5,33.7,35.1,30.2,48.2,46.2,26.6,24.2,36.5,33.7,0.0,0.0,0.0,0.0,0.0,0.0,0.0,0.0
2023-04-18,2023-04-21,0,138058,32235,25044,7804,47104,5577,0,0,0,49524,14190,8758,103898,100673,34160,37385,138058,32235,25044,7804,47104,5577,0,0,0,49524,14190,8758,103898,100673,34160,37385,0,0,0,0,0,0,0,0,0,0,0,0,0,0,0,0,    4503,    1751,    1325,     711,     875,    -144,       0,       0,       0,     883,     828,     675,    3876,    3559,     627,     944,100.0,23.3,18.1,5.7,34.1,4.0,0.0,0.0,0.0,35.9,10.3,6.3,75.3,72.9,24.7,27.1,100.0,23.3,18.1,5.7,34.1,4.0,0.0,0.0,0.0,35.9,10.3,6.3,75.3,72.9,24.7,27.1,100.0,0.0,0.0,0.0,0.0,0.0,0.0,0.0,0.0,0.0,0.0,0.0,0.0,0.0,0.0,0.0,     17,     16,.,      7,      6,      0,      0,      0,      6,.,      6,30,34,     17,     16,.,      7,      6,      0,      0,      0,      6,.,      6,     30,     34,      0,      0,      0,      0,      0,      0,      0,      0,      0,      0,      0,      0,      0,45.7,31.2,57.8,48.5,37.9,31.2,48.0,45.0,45.7,31.2,57.8,48.5,37.9,31.2,48.0,45.0,0.0,0.0,0.0,0.0,0.0,0.0,0.0,0.0
2023-04-18,2023-04-21,0,457199,217233,226738,13866,25178,27547,9140,22461,33101,64542,30503,77217,442646,442745,14553,14454,457199,217233,226738,13866,25178,27547,9140,22461,33101,64542,30503,77217,442646,442745,14553,14454,0,0,0,0,0,0,0,0,0,0,0,0,0,0,0,0,   -7000,    3833,    4584,   -3599,  -18495,    1581,    -654,    2444,   -2192,   -8275,    3805,    3643,   -5663,   -4630,   -1337,   -2370,100.0,47.5,49.6,3.0,5.5,6.0,2.0,4.9,7.2,14.1,6.7,16.9,96.8,96.8,3.2,3.2,100.0,47.5,49.6,3.0,5.5,6.0,2.0,4.9,7.2,14.1,6.7,16.9,96.8,96.8,3.2,3.2,100.0,0.0,0.0,0.0,0.0,0.0,0.0,0.0,0.0,0.0,0.0,0.0,0.0,0.0,0.0,0.0,     41,     41,      7,      9,     15,      7,     12,     11,     10,     25,     33,105,106,     41,     41,      7,      9,     15,      7,     12,     11,     10,     25,     33,    105,    106,      0,      0,      0,      0,      0,      0,      0,      0,      0,      0,      0,      0,      0,33.5,28.9,47.6,44.6,26.1,22.6,35.7,30.4,33.5,28.9,47.6,44.6,26.1,22.6,35.7,30.4,0.0,0.0,0.0,0.0,0.0,0.0,0.0,0.0
2023-04-25,2023-04-28,0,142157,34632,25320,7872,50135,5719,0,0,0,50214,14817,9385,107822,105376,34335,36781,142157,34632,25320,7872,50135,5719,0,0,0,50214,14817,9385,107822,105376,34335,36781,0,0,0,0,0,0,0,0,0,0,0,0,0,0,0,0,    4099,    2397,     276,      68,    3031,     142,       0,       0,       0,     690,     627,     627,    3924,    4703,     175,    -604,100.0,24.4,17.8,5.5,35.3,4.0,0.0,0.0,0.0,35.3,10.4,6.6,75.8,74.1,24.2,25.9,100.0,24.4,17.8,5.5,35.3,4.0,0.0,0.0,0.0,35.3,10.4,6.6,75.8,74.1,24.2,25.9,100.0,0.0,0.0,0.0,0.0,0.0,0.0,0.0,0.0,0.0,0.0,0.0,0.0,0.0,0.0,0.0,     17,     17,.,      7,      7,      0,      0,      0,      6,.,      6,31,35,     17,     17,.,      7,      7,      0,      0,      0,      6,.,      6,     31,     35,      0,      0,      0,      0,      0,      0,      0,      0,      0,      0,      0,      0,      0,45.5,32.8,57.1,49.7,37.7,32.7,47.8,46.0,45.5,32.8,57.1,49.7,37.7,32.7,47.8,46.0,0.0,0.0,0.0,0.0,0.0,0.0,0.0,0.0
2023-04-25,2023-04-28,0,460663,224391,229214,15495,24048,26458,11694,24844,27191,59280,33498,81760,446269,447013,14394,13650,460663,224391,229214,15495,24048,26458,11694,24844,27191,59280,33498,81760,446269,447013,14394,13650,0,0,0,0,0,0,0,0,0,0,0,0,0,0,0,0,    3464,    7158,    2476,    1629,   -1130,   -1089,    2554,    2383,   -5910,   -5262,    2995,    4543,    3623,    4268,    -159,    -804,100.0,48.7,49.8,3.4,5.2,5.7,2.5,5.4,5.9,12.9,7.3,17.7,96.9,97.0,3.1,3.0,100.0,48.7,49.8,3.4,5.2,5.7,2.5,5.4,5.9,12.9,7.3,17.7,96.9,97.0,3.1,3.0,100.0,0.0,0.0,0.0,0.0,0.0,0.0,0.0,0.0,0.0,0.0,0.0,0.0,0.0,0.0,0.0,     40,     40,      7,      9,     15,      6,     13,     12,     10,     24,     33,104,108,     40,     40,      7,      9,     15,      6,     13,     12,     10,     24,     33,    104,    108,      0,      0,      0,      0,      0,      0,      0,      0,      0,      0,      0,      0,      0,32.2,28.3,46.4,43.3,25.4,22.0,33.6,28.8,32.2,28.3,46.4,43.3,25.4,22.0,33.6,28.8,0.0,0.0,0.0,0.0,0.0,0.0,0.0,0.0
2023-05-02,2023-05-05,0,463856,221968,232968,15359,22754,27820,9646,24697,26035,63700,33864,83752,448280,451890,15576,11966,463856,221968,232968,15359,22754,27820,9646,24697,26035,63700,33864,83752,448280,451890,15576,11966,0,0,0,0,0,0,0,0,0,0,0,0,0,0,0,0,    3193,   -2423,    3754,    -136,   -1294,    1362,   -2048,    -147,   -1156,    4420,     366,    1992,    2011,    4877,    1182,   -1684,100.0,47.9,50.2,3.3,4.9,6.0,2.1,5.3,5.6,13.7,7.3,18.1,96.6,97.4,3.4,2.6,100.0,47.9,50.2,3.3,4.9,6.0,2.1,5.3,5.6,13.7,7.3,18.1,96.6,97.4,3.4,2.6,100.0,0.0,0.0,0.0,0.0,0.0,0.0,0.0,0.0,0.0,0.0,0.0,0.0,0.0,0.0,0.0,     43,     40,      9,      7,     15,      5,     11,      9,     11,     24,     34,105,105,     43,     40,      9,      7,     15,      5,     11,      9,     11,     24,     34,    105,    105,      0,      0,      0,      0,      0,      0,      0,      0,      0,      0,      0,      0,      0,31.5,28.8,45.7,44.7,23.4,22.9,32.2,29.4,31.5,28.8,45.7,44.7,23.4,22.9,32.2,29.4,0.0,0.0,0.0,0.0,0.0,0.0,0.0,0.0
2023-05-02,2023-05-05,0,123125,21551,19304,8327,41123,4927,0,0,0,46180,13640,7887,88872,86881,34253,36244,123125,21551,19304,8327,41123,4927,0,0,0,46180,13640,7887,88872,86881,34253,36244,0,0,0,0,0,0,0,0,0,0,0,0,0,0,0,0,  -19032,  -13081,   -6016,     455,   -9012,    -792,       0,       0,       0,   -4034,   -1177,   -1498,  -18950,  -18495,     -82,    -537,100.0,17.5,15.7,6.8,33.4,4.0,0.0,0.0,0.0,37.5,11.1,6.4,72.2,70.6,27.8,29.4,100.0,17.5,15.7,6.8,33.4,4.0,0.0,0.0,0.0,37.5,11.1,6.4,72.2,70.6,27.8,29.4,100.0,0.0,0.0,0.0,0.0,0.0,0.0,0.0,0.0,0.0,0.0,0.0,0.0,0.0,0.0,0.0,     11,     13,      4,      6,      7,      0,      0,      0,      6,.,      5,24,31,     11,     13,      4,      6,      7,      0,      0,      0,      6,.,      5,     24,     31,      0,      0,      0,      0,      0,      0,      0,      0,      0,      0,      0,      0,      0,45.3,33.8,57.1,49.1,38.5,33.8,47.7,44.7,45.3,33.8,57.1,49.1,38.5,33.8,47.7,44.7,0.0,0.0,0.0,0.0,0.0,0.0,0.0,0.0
2023-05-09,2023-05-12,0,126504,22169,19412,7983,41566,5434,0,0,0,48956,14099,7749,92291,88260,34213,38244,126504,22169,19412,7983,41566,5434,0,0,0,48956,14099,7749,92291,88260,34213,38244,0,0,0,0,0,0,0,0,0,0,0,0,0,0,0,0,    3379,     618,     108,    -344,     443,     507,       0,       0,       0,    2776,     459,    -138,    3419,    1379,     -40,    2000,100.0,17.5,15.3,6.3,32.9,4.3,0.0,0.0,0.0,38.7,11.1,6.1,73.0,69.8,27.0,30.2,100.0,17.5,15.3,6.3,32.9,4.3,0.0,0.0,0.0,38.7,11.1,6.1,73.0,69.8,27.0,30.2,100.0,0.0,0.0,0.0,0.0,0.0,0.0,0.0,0.0,0.0,0.0,0.0,0.0,0.0,0.0,0.0,     11,     12,.,      7,      7,      0,      0,      0,      6,.,      5,24,30,     11,     12,.,      7,      7,      0,      0,      0,      6,.,      5,     24,     30,      0,      0,      0,      0,      0,      0,      0,      0,      0,      0,      0,      0,      0,46.1,33.4,57.8,48.2,39.9,33.4,48.8,44.0,46.1,33.4,57.8,48.2,39.9,33.4,48.8,44.0,0.0,0.0,0.0,0.0,0.0,0.0,0.0,0.0
2023-05-09,2023-05-12,0,464582,218269,225762,15207,22892,29093,8890,27271,31858,75091,43141,73399,451807,453416,12775,11166,464582,218269,225762,15207,22892,29093,8890,27271,31858,75091,43141,73399,451807,453416,12775,11166,0,0,0,0,0,0,0,0,0,0,0,0,0,0,0,0,     726,   -3699,   -7206,    -152,     138,    1273,    -756,    2574,    5823,   11391,    9277,  -10353,    3527,    1526,   -2801,    -800,100.0,47.0,48.6,3.3,4.9,6.3,1.9,5.9,6.9,16.2,9.3,15.8,97.3,97.6,2.7,2.4,100.0,47.0,48.6,3.3,4.9,6.3,1.9,5.9,6.9,16.2,9.3,15.8,97.3,97.6,2.7,2.4,100.0,0.0,0.0,0.0,0.0,0.0,0.0,0.0,0.0,0.0,0.0,0.0,0.0,0.0,0.0,0.0,     37,     36,      9,      7,     15,      7,     11,     10,     13,     25,     35,103,103,     37,     36,      9,      7,     15,      7,     11,     10,     13,     25,     35,    103,    103,      0,      0,      0,      0,      0,      0,      0,      0,      0,      0,      0,      0,      0,31.5,27.6,46.5,43.9,24.1,23.2,34.3,30.3,31.5,27.6,46.5,43.9,24.1,23.2,34.3,30.3,0.0,0.0,0.0,0.0,0.0,0.0,0.0,0.0
2023-05-16,2023-05-19,0,127977,24803,20973,8272,41557,5395,0,0,0,49298,16941,7758,95526,92624,32451,35353,127977,24803,20973,8272,41557,5395,0,0,0,49298,16941,7758,95526,92624,32451,35353,0,0,0,0,0,0,0,0,0,0,0,0,0,0,0,0,    1473,    2634,    1561,     289,      -9,     -39,       0,       0,       0,     342,    2842,       9,    3235,    4364,   -1762,   -2891,100.0,19.4,16.4,6.5,32.5,4.2,0.0,0.0,0.0,38.5,13.2,6.1,74.6,72.4,25.4,27.6,100.0,19.4,16.4,6.5,32.5,4.2,0.0,0.0,0.0,38.5,13.2,6.1,74.6,72.4,25.4,27.6,100.0,0.0,0.0,0.0,0.0,0.0,0.0,0.0,0.0,0.0,0.0,0.0,0.0,0.0,0.0,0.0,     12,     13,.,      7,      7,      0,      0,      0,      6,      4,      6,26,32,     12,     13,.,      7,      7,      0,      0,      0,      6,      4,      6,     26,     32,      0,      0,      0,      0,      0,      0,      0,      0,      0,      0,      0,      0,      0,45.4,33.5,57.4,48.0,39.5,33.5,48.6,43.9,45.4,33.5,57.4,48.0,39.5,33.5,48.6,43.9,0.0,0.0,0.0,0.0,0.0,0.0,0.0,0.0
2023-05-16,2023-05-19,0,487494,225081,246032,14648,24993,31342,9120,28613,33028,83966,34122,77222,474407,475352,13087,12142,487494,225081,246032,14648,24993,31342,9120,28613,33028,83966,34122,77222,474407,475352,13087,12142,0,0,0,0,0,0,0,0,0,0,0,0,0,0,0,0,   22912,    6812,   20270,    -559,    2101,    2249,     230,    1342,    1170,    8875,   -9019,    3823,   22600,   21936,     312,     976,100.0,46.2,50.5,3.0,5.1,6.4,1.9,5.9,6.8,17.2,7.0,15.8,97.3,97.5,2.7,2.5,100.0,46.2,50.5,3.0,5.1,6.4,1.9,5.9,6.8,17.2,7.0,15.8,97.3,97.5,2.7,2.5,100.0,0.0,0.0,0.0,0.0,0.0,0.0,0.0,0.0,0.0,0.0,0.0,0.0,0.0,0.0,0.0,     40,     39,      7,      8,     15,      8,     11,     10,     17,     22,     34,107,107,     40,     39,      7,      8,     15,      8,     11,     10,     17,     22,     34,    107,    107,      0,      0,      0,      0,      0,      0,      0,      0,      0,      0,      0,      0,      0,29.6,28.2,42.7,43.6,21.2,23.0,30.8,29.5,29.6,28.2,42.7,43.6,21.2,23.0,30.8,29.5,0.0,0.0,0.0,0.0,0.0,0.0,0.0,0.0
2023-05-23,2023-05-26,0,487050,229440,257380,11692,31621,23548,15030,20236,30453,79439,27662,84847,474449,475747,12601,11303,487050,229440,257380,11692,31621,23548,15030,20236,30453,79439,27662,84847,474449,475747,12601,11303,0,0,0,0,0,0,0,0,0,0,0,0,0,0,0,0,    -444,    4359,   11348,   -2956,    6628,   -7794,    5910,   -8377,   -2575,   -4527,   -6460,    7625,      42,     395,    -486,    -839,100.0,47.1,52.8,2.4,6.5,4.8,3.1,4.2,6.3,16.3,5.7,17.4,97.4,97.7,2.6,2.3,100.0,47.1,52.8,2.4,6.5,4.8,3.1,4.2,6.3,16.3,5.7,17.4,97.4,97.7,2.6,2.3,100.0,0.0,0.0,0.0,0.0,0.0,0.0,0.0,0.0,0.0,0.0,0.0,0.0,0.0,0.0,0.0,     39,     42,      7,      7,     13,      7,     12,     12,     18,     23,     33,106,110,     39,     42,      7,      7,     13,      7,     12,     12,     18,     23,     33,    106,    110,      0,      0,      0,      0,      0,      0,      0,      0,      0,      0,      0,      0,      0,30.0,31.3,43.7,46.9,18.2,25.0,27.2,32.1,30.0,31.3,43.7,46.9,18.2,25.0,27.2,32.1,0.0,0.0,0.0,0.0,0.0,0.0,0.0,0.0
2023-05-23,2023-05-26,0,131284,25950,21813,8272,43113,5395,0,0,0,51135,17362,7949,98701,95632,32583,35652,131284,25950,21813,8272,43113,5395,0,0,0,51135,17362,7949,98701,95632,32583,35652,0,0,0,0,0,0,0,0,0,0,0,0,0,0,0,0,    3307,    1147,     840,       0,    1556,       0,       0,       0,       0,    1837,     421,     191,    3175,    3008,     132,     299,100.0,19.8,16.6,6.3,32.8,4.1,0.0,0.0,0.0,38.9,13.2,6.1,75.2,72.8,24.8,27.2,100.0,19.8,16.6,6.3,32.8,4.1,0.0,0.0,0.0,38.9,13.2,6.1,75.2,72.8,24.8,27.2,100.0,0.0,0.0,0.0,0.0,0.0,0.0,0.0,0.0,0.0,0.0,0.0,0.0,0.0,0.0,0.0,     13,     14,.,      7,      7,      0,      0,      0,      6,      4,      6,27,33,     13,     14,.,      7,      7,      0,      0,      0,      6,      4,      6,     27,     33,      0,      0,      0,      0,      0,      0,      0,      0,      0,      0,      0,      0,      0,45.8,34.1,58.0,48.2,40.4,34.1,49.3,44.2,45.8,34.1,58.0,48.2,40.4,34.1,49.3,44.2,0.0,0.0,0.0,0.0,0.0,0.0,0.0,0.0
2023-05-30,2023-06-02,0,140880,37528,19184,8247,55115,4090,0,0,0,49280,17745,8863,108008,104997,32872,35883,140880,37528,19184,8247,55115,4090,0,0,0,49280,17745,8863,108008,104997,32872,35883,0,0,0,0,0,0,0,0,0,0,0,0,0,0,0,0,    9596,   11578,   -2629,     -25,   12002,   -1305,       0,       0,       0,   -1855,     383,     914,    9307,    9365,     289,     231,100.0,26.6,13.6,5.9,39.1,2.9,0.0,0.0,0.0,35.0,12.6,6.3,76.7,74.5,23.3,25.5,100.0,26.6,13.6,5.9,39.1,2.9,0.0,0.0,0.0,35.0,12.6,6.3,76.7,74.5,23.3,25.5,100.0,0.0,0.0,0.0,0.0,0.0,0.0,0.0,0.0,0.0,0.0,0.0,0.0,0.0,0.0,0.0,     13,     14,.,      7,      6,      0,      0,      0,      6,      4,      6,26,33,     13,     14,.,      7,      6,      0,      0,      0,      6,      4,      6,     26,     33,      0,      0,      0,      0,      0,      0,      0,      0,      0,      0,      0,      0,      0,50.2,37.4,61.2,52.7,43.7,37.4,52.9,49.8,50.2,37.4,61.2,52.7,43.7,37.4,52.9,49.8,0.0,0.0,0.0,0.0,0.0,0.0,0.0,0.0
2023-05-30,2023-06-02,0,496375,248268,252239,10697,32095,23020,4468,27825,32554,80361,32024,84725,484093,484482,12282,11893,496375,248268,252239,10697,32095,23020,4468,27825,32554,80361,32024,84725,484093,484482,12282,11893,0,0,0,0,0,0,0,0,0,0,0,0,0,0,0,0,    9325,   18828,   -5141,    -995,     474,    -528,  -10562,    7589,    2101,     922,    4362,    -122,    9644,    8735,    -319,     590,100.0,50.0,50.8,2.2,6.5,4.6,0.9,5.6,6.6,16.2,6.5,17.1,97.5,97.6,2.5,2.4,100.0,50.0,50.8,2.2,6.5,4.6,0.9,5.6,6.6,16.2,6.5,17.1,97.5,97.6,2.5,2.4,100.0,0.0,0.0,0.0,0.0,0.0,0.0,0.0,0.0,0.0,0.0,0.0,0.0,0.0,0.0,0.0,     40,     41,      6,      8,     13,      5,     14,     13,     17,     22,     30,105,107,     40,     41,      6,      8,     13,      5,     14,     13,     17,     22,     30,    105,    107,      0,      0,      0,      0,      0,      0,      0,      0,      0,      0,      0,      0,      0,30.9,30.4,44.5,46.6,18.8,23.9,28.8,32.6,30.9,30.4,44.5,46.6,18.8,23.9,28.8,32.6,0.0,0.0,0.0,0.0,0.0,0.0,0.0,0.0
2023-06-06,2023-06-09,0,122213,31785,12687,5262,48710,2508,0,0,0,42023,16108,8365,89943,88378,32270,33835,122213,31785,12687,5262,48710,2508,0,0,0,42023,16108,8365,89943,88378,32270,33835,0,0,0,0,0,0,0,0,0,0,0,0,0,0,0,0,  -18667,   -5743,   -6497,   -2985,   -6405,   -1582,       0,       0,       0,   -7257,   -1637,    -498,  -18065,  -16619,    -602,   -2048,100.0,26.0,10.4,4.3,39.9,2.1,0.0,0.0,0.0,34.4,13.2,6.8,73.6,72.3,26.4,27.7,100.0,26.0,10.4,4.3,39.9,2.1,0.0,0.0,0.0,34.4,13.2,6.8,73.6,72.3,26.4,27.7,100.0,0.0,0.0,0.0,0.0,0.0,0.0,0.0,0.0,0.0,0.0,0.0,0.0,0.0,0.0,0.0,     11,     12,.,      6,      5,      0,      0,      0,      6,      4,      5,22,30,     11,     12,.,      6,      5,      0,      0,      0,      6,      4,      5,     22,     30,      0,      0,      0,      0,      0,      0,      0,      0,      0,      0,      0,      0,      0,53.1,38.9,62.5,54.7,45.8,38.9,53.1,51.1,53.1,38.9,62.5,54.7,45.8,38.9,53.1,51.1,0.0,0.0,0.0,0.0,0.0,0.0,0.0,0.0
2023-06-06,2023-06-09,0,528997,276106,267958,12306,32978,24488,4074,37396,30762,79944,34535,89514,517194,517631,11803,11366,528997,276106,267958,12306,32978,24488,4074,37396,30762,79944,34535,89514,517194,517631,11803,11366,0,0,0,0,0,0,0,0,0,0,0,0,0,0,0,0,   32622,   27838,   15719,    1609,     883,    1468,    -394,    9571,   -1792,    -417,    2511,    4789,   33101,   33149,    -479,    -527,100.0,52.2,50.7,2.3,6.2,4.6,0.8,7.1,5.8,15.1,6.5,16.9,97.8,97.9,2.2,2.1,100.0,52.2,50.7,2.3,6.2,4.6,0.8,7.1,5.8,15.1,6.5,16.9,97.8,97.9,2.2,2.1,100.0,0.0,0.0,0.0,0.0,0.0,0.0,0.0,0.0,0.0,0.0,0.0,0.0,0.0,0.0,0.0,     41,     38,      6,      8,     13,      4,     14,     13,     19,     22,     32,108,104,     41,     38,      6,      8,     13,      4,     14,     13,     19,     22,     32,    108,    104,      0,      0,      0,      0,      0,      0,      0,      0,      0,      0,      0,      0,      0,29.4,29.4,44.1,44.8,18.2,23.0,27.9,32.4,29.4,29.4,44.1,44.8,18.2,23.0,27.9,32.4,0.0,0.0,0.0,0.0,0.0,0.0,0.0,0.0
2023-06-13,2023-06-16,0,125128,33562,14636,5344,48405,2528,0,0,0,43180,16079,8360,92974,90008,32154,35120,125128,33562,14636,5344,48405,2528,0,0,0,43180,16079,8360,92974,90008,32154,35120,0,0,0,0,0,0,0,0,0,0,0,0,0,0,0,0,    2915,    1777,    1949,      82,    -305,      20,       0,       0,       0,    1157,     -29,      -5,    3031,    1630,    -116,    1285,100.0,26.8,11.7,4.3,38.7,2.0,0.0,0.0,0.0,34.5,12.9,6.7,74.3,71.9,25.7,28.1,100.0,26.8,11.7,4.3,38.7,2.0,0.0,0.0,0.0,34.5,12.9,6.7,74.3,71.9,25.7,28.1,100.0,0.0,0.0,0.0,0.0,0.0,0.0,0.0,0.0,0.0,0.0,0.0,0.0,0.0,0.0,0.0,     12,     12,.,      6,      5,      0,      0,      0,      6,      4,      5,23,30,     12,     12,.,      6,      5,      0,      0,      0,      6,      4,      5,     23,     30,      0,      0,      0,      0,      0,      0,      0,      0,      0,      0,      0,      0,      0,53.2,38.0,63.9,53.2,45.8,38.0,53.6,49.8,53.2,38.0,63.9,53.2,45.8,38.0,53.6,49.8,0.0,0.0,0.0,0.0,0.0,0.0,0.0,0.0
2023-06-13,2023-06-16,0,525534,252898,255593,17393,31758,22657,5185,36661,35984,85824,38211,93991,513932,514855,11602,10679,525534,252898,255593,17393,31758,22657,5185,36661,35984,85824,38211,93991,513932,514855,11602,10679,0,0,0,0,0,0,0,0,0,0,0,0,0,0,0,0,   -3463,  -23208,  -12365,    5087,   -1220,   -1831,    1111,    -735,    5222,    5880,    3676,    4477,   -3262,   -2776,    -201,    -687,100.0,48.1,48.6,3.3,6.0,4.3,1.0,7.0,6.8,16.3,7.3,17.9,97.8,98.0,2.2,2.0,100.0,48.1,48.6,3.3,6.0,4.3,1.0,7.0,6.8,16.3,7.3,17.9,97.8,98.0,2.2,2.0,100.0,0.0,0.0,0.0,0.0,0.0,0.0,0.0,0.0,0.0,0.0,0.0,0.0,0.0,0.0,0.0,     43,     41,      6,      8,     13,      6,     12,     16,     16,     26,     34,114,109,     43,     41,      6,      8,     13,      6,     12,     16,     16,     26,     34,    114,    109,      0,      0,      0,      0,      0,      0,      0,      0,      0,      0,      0,      0,      0,28.8,29.2,41.8,45.5,18.2,23.7,26.8,33.0,28.8,29.2,41.8,45.5,18.2,23.7,26.8,33.0,0.0,0.0,0.0,0.0,0.0,0.0,0.0,0.0
2023-06-20,2023-06-23,0,126197,32136,15156,5269,49063,2528,0,0,0,45016,15269,8671,93620,90687,32577,35510,126197,32136,15156,5269,49063,2528,0,0,0,45016,15269,8671,93620,90687,32577,35510,0,0,0,0,0,0,0,0,0,0,0,0,0,0,0,0,    1069,   -1426,     520,     -75,     658,       0,       0,       0,       0,    1836,    -810,     311,     646,     679,     423,     390,100.0,25.5,12.0,4.2,38.9,2.0,0.0,0.0,0.0,35.7,12.1,6.9,74.2,71.9,25.8,28.1,100.0,25.5,12.0,4.2,38.9,2.0,0.0,0.0,0.0,35.7,12.1,6.9,74.2,71.9,25.8,28.1,100.0,0.0,0.0,0.0,0.0,0.0,0.0,0.0,0.0,0.0,0.0,0.0,0.0,0.0,0.0,0.0,     11,     12,.,      6,      5,      0,      0,      0,      6,      4,      7,24,30,     11,     12,.,      6,      5,      0,      0,      0,      6,      4,      7,     24,     30,      0,      0,      0,      0,      0,      0,      0,      0,      0,      0,      0,      0,      0,53.5,38.3,63.6,53.0,46.6,38.3,53.8,49.6,53.5,38.3,63.6,53.0,46.6,38.3,53.8,49.6,0.0,0.0,0.0,0.0,0.0,0.0,0.0,0.0
2023-06-20,2023-06-23,0,495063,234081,253696,15494,21372,22429,10293,38128,29633,86191,31616,87211,485332,484085,9731,10978,495063,234081,253696,15494,21372,22429,10293,38128,29633,86191,31616,87211,485332,484085,9731,10978,0,0,0,0,0,0,0,0,0,0,0,0,0,0,0,0,  -30471,  -18817,   -1897,   -1899,  -10386,    -228,    5108,    1467,   -6351,     367,   -6595,   -6780,  -28600,  -30770,   -1871,     299,100.0,47.3,51.2,3.1,4.3,4.5,2.1,7.7,6.0,17.4,6.4,17.6,98.0,97.8,2.0,2.2,100.0,47.3,51.2,3.1,4.3,4.5,2.1,7.7,6.0,17.4,6.4,17.6,98.0,97.8,2.0,2.2,100.0,0.0,0.0,0.0,0.0,0.0,0.0,0.0,0.0,0.0,0.0,0.0,0.0,0.0,0.0,0.0,     45,     39,      6,      8,     13,      7,     12,     14,     19,     21,     32,114,104,     45,     39,      6,      8,     13,      7,     12,     14,     19,     21,     32,    114,    104,      0,      0,      0,      0,      0,      0,      0,      0,      0,      0,      0,      0,      0,30.9,30.3,44.5,46.5,19.6,25.3,27.6,34.4,30.9,30.3,44.5,46.5,19.6,25.3,27.6,34.4,0.0,0.0,0.0,0.0,0.0,0.0,0.0,0.0
2023-06-27,2023-06-30,0,132761,35218,19603,5176,51349,2586,0,0,0,48968,15139,8746,100694,97423,32067,35338,132761,35218,19603,5176,51349,2586,0,0,0,48968,15139,8746,100694,97423,32067,35338,0,0,0,0,0,0,0,0,0,0,0,0,0,0,0,0,    6564,    3082,    4447,     -93,    2286,      58,       0,       0,       0,    3952,    -130,      75,    7074,    6736,    -510,    -172,100.0,26.5,14.8,3.9,38.7,1.9,0.0,0.0,0.0,36.9,11.4,6.6,75.8,73.4,24.2,26.6,100.0,26.5,14.8,3.9,38.7,1.9,0.0,0.0,0.0,36.9,11.4,6.6,75.8,73.4,24.2,26.6,100.0,0.0,0.0,0.0,0.0,0.0,0.0,0.0,0.0,0.0,0.0,0.0,0.0,0.0,0.0,0.0,     14,     13,.,      6,      5,      0,      0,      0,      6,      4,      7,27,31,     14,     13,.,      6,      5,      0,      0,      0,      6,      4,      7,     27,     31,      0,      0,      0,      0,      0,      0,      0,      0,      0,      0,      0,      0,      0,53.7,38.0,64.4,52.0,47.2,38.0,54.6,49.5,53.7,38.0,64.4,52.0,47.2,38.0,54.6,49.5,0.0,0.0,0.0,0.0,0.0,0.0,0.0,0.0
2023-06-27,2023-06-30,0,512855,252294,265015,13628,21688,24900,9321,35073,22976,82616,35760,95650,501385,501062,11470,11793,512855,252294,265015,13628,21688,24900,9321,35073,22976,82616,35760,95650,501385,501062,11470,11793,0,0,0,0,0,0,0,0,0,0,0,0,0,0,0,0,   17792,   18213,   11319,   -1866,     316,    2471,    -972,   -3055,   -6657,   -3575,    4144,    8439,   16053,   16977,    1739,     815,100.0,49.2,51.7,2.7,4.2,4.9,1.8,6.8,4.5,16.1,7.0,18.7,97.8,97.7,2.2,2.3,100.0,49.2,51.7,2.7,4.2,4.9,1.8,6.8,4.5,16.1,7.0,18.7,97.8,97.7,2.2,2.3,100.0,0.0,0.0,0.0,0.0,0.0,0.0,0.0,0.0,0.0,0.0,0.0,0.0,0.0,0.0,0.0,     44,     38,      7,      7,     13,      7,     12,     14,     19,     23,     32,114,104,     44,     38,      7,      7,     13,      7,     12,     14,     19,     23,     32,    114,    104,      0,      0,      0,      0,      0,      0,      0,      0,      0,      0,      0,      0,      0,30.3,30.2,44.3,46.9,19.1,22.6,27.7,31.6,30.3,30.2,44.3,46.9,19.1,22.6,27.7,31.6,0.0,0.0,0.0,0.0,0.0,0.0,0.0,0.0
2023-07-03,2023-07-07,0,117652,26250,14524,4828,45618,3427,0,0,0,40321,12895,8363,83189,84827,34463,32825,117652,26250,14524,4828,45618,3427,0,0,0,40321,12895,8363,83189,84827,34463,32825,0,0,0,0,0,0,0,0,0,0,0,0,0,0,0,0,  -15109,   -8968,   -5079,    -348,   -5731,     841,       0,       0,       0,   -8647,   -2244,    -383,  -17505,  -12596,    2396,   -2513,100.0,22.3,12.3,4.1,38.8,2.9,0.0,0.0,0.0,34.3,11.0,7.1,70.7,72.1,29.3,27.9,100.0,22.3,12.3,4.1,38.8,2.9,0.0,0.0,0.0,34.3,11.0,7.1,70.7,72.1,29.3,27.9,100.0,0.0,0.0,0.0,0.0,0.0,0.0,0.0,0.0,0.0,0.0,0.0,0.0,0.0,0.0,0.0,      9,      9,.,      6,      5,      0,      0,      0,      4,      4,      6,21,25,      9,      9,.,      6,      5,      0,      0,      0,      4,      4,      6,     21,     25,      0,      0,      0,      0,      0,      0,      0,      0,      0,      0,      0,      0,      0,53.7,39.2,62.5,54.2,46.2,39.2,53.1,50.1,53.7,39.2,62.5,54.2,46.2,39.2,53.1,50.1,0.0,0.0,0.0,0.0,0.0,0.0,0.0,0.0
2023-07-03,2023-07-07,0,519512,247571,272795,13693,20836,24955,11559,34076,23472,89221,34479,99288,509759,509901,9753,9611,519512,247571,272795,13693,20836,24955,11559,34076,23472,89221,34479,99288,509759,509901,9753,9611,0,0,0,0,0,0,0,0,0,0,0,0,0,0,0,0,    6657,   -4723,    7780,      65,    -852,      55,    2238,    -997,     496,    6605,   -1281,    3638,    8374,    8839,   -1717,   -2182,100.0,47.7,52.5,2.6,4.0,4.8,2.2,6.6,4.5,17.2,6.6,19.1,98.1,98.1,1.9,1.9,100.0,47.7,52.5,2.6,4.0,4.8,2.2,6.6,4.5,17.2,6.6,19.1,98.1,98.1,1.9,1.9,100.0,0.0,0.0,0.0,0.0,0.0,0.0,0.0,0.0,0.0,0.0,0.0,0.0,0.0,0.0,0.0,     43,     39,      6,      8,     13,      6,     12,     14,     21,     23,     37,118,108,     43,     39,      6,      8,     13,      6,     12,     14,     21,     23,     37,    118,    108,      0,      0,      0,      0,      0,      0,      0,      0,      0,      0,      0,      0,      0,29.8,29.8,43.4,45.5,19.5,22.8,28.0,31.6,29.8,29.8,43.4,45.5,19.5,22.8,28.0,31.6,0.0,0.0,0.0,0.0,0.0,0.0,0.0,0.0
2023-07-11,2023-07-14,0,129360,34585,14543,5548,50475,4114,0,0,0,40897,13976,9107,94251,92215,35109,37145,129360,34585,14543,5548,50475,4114,0,0,0,40897,13976,9107,94251,92215,35109,37145,0,0,0,0,0,0,0,0,0,0,0,0,0,0,0,0,   11708,    8335,      19,     720,    4857,     687,       0,       0,       0,     576,    1081,     744,   11062,    7388,     646,    4320,100.0,26.7,11.2,4.3,39.0,3.2,0.0,0.0,0.0,31.6,10.8,7.0,72.9,71.3,27.1,28.7,100.0,26.7,11.2,4.3,39.0,3.2,0.0,0.0,0.0,31.6,10.8,7.0,72.9,71.3,27.1,28.7,100.0,0.0,0.0,0.0,0.0,0.0,0.0,0.0,0.0,0.0,0.0,0.0,0.0,0.0,0.0,0.0,     11,     12,      4,      6,      6,      0,      0,      0,      5,      4,      7,25,30,     11,     12,      4,      6,      6,      0,      0,      0,      5,      4,      7,     25,     30,      0,      0,      0,      0,      0,      0,      0,      0,      0,      0,      0,      0,      0,55.0,39.7,63.2,53.2,48.4,39.7,54.9,49.7,55.0,39.7,63.2,53.2,48.4,39.7,54.9,49.7,0.0,0.0,0.0,0.0,0.0,0.0,0.0,0.0
2023-07-11,2023-07-14,0,531107,244634,275784,15169,19985,27253,12756,34417,25499,87655,31288,104199,517165,518425,13942,12682,531107,244634,275784,15169,19985,27253,12756,34417,25499,87655,31288,104199,517165,518425,13942,12682,0,0,0,0,0,0,0,0,0,0,0,0,0,0,0,0,   11595,   -2937,    2989,    1476,    -851,    2298,    1197,     341,    2027,   -1566,   -3191,    4911,    7406,    8524,    4189,    3071,100.0,46.1,51.9,2.9,3.8,5.1,2.4,6.5,4.8,16.5,5.9,19.6,97.4,97.6,2.6,2.4,100.0,46.1,51.9,2.9,3.8,5.1,2.4,6.5,4.8,16.5,5.9,19.6,97.4,97.6,2.6,2.4,100.0,0.0,0.0,0.0,0.0,0.0,0.0,0.0,0.0,0.0,0.0,0.0,0.0,0.0,0.0,0.0,     40,     38,      6,      8,     13,      6,     11,     14,     20,     22,     33,110,102,     40,     38,      6,      8,     13,      6,     11,     14,     20,     22,     33,    110,    102,      0,      0,      0,      0,      0,      0,      0,      0,      0,      0,      0,      0,      0,29.7,29.9,44.0,45.6,19.9,23.4,27.6,31.9,29.7,29.9,44.0,45.6,19.9,23.4,27.6,31.9,0.0,0.0,0.0,0.0,0.0,0.0,0.0,0.0
2023-07-18,2023-07-21,0,527903,240212,286072,13484,19450,30991,19181,39260,18369,94344,25287,98198,514779,517627,13124,10276,527903,240212,286072,13484,19450,30991,19181,39260,18369,94344,25287,98198,514779,517627,13124,10276,0,0,0,0,0,0,0,0,0,0,0,0,0,0,0,0,   -3204,   -4422,   10288,   -1685,    -535,    3738,    6425,    4843,   -7130,    6689,   -6001,   -6001,   -2386,    -798,    -818,   -2406,100.0,45.5,54.2,2.6,3.7,5.9,3.6,7.4,3.5,17.9,4.8,18.6,97.5,98.1,2.5,1.9,100.0,45.5,54.2,2.6,3.7,5.9,3.6,7.4,3.5,17.9,4.8,18.6,97.5,98.1,2.5,1.9,100.0,0.0,0.0,0.0,0.0,0.0,0.0,0.0,0.0,0.0,0.0,0.0,0.0,0.0,0.0,0.0,     40,     36,      5,      9,     13,      7,     10,     12,     16,     23,     36,107,101,     40,     36,      5,      9,     13,      7,     10,     12,     16,     23,     36,    107,    101,      0,      0,      0,      0,      0,      0,      0,      0,      0,      0,      0,      0,      0,29.3,29.4,44.5,45.2,18.5,23.8,27.5,31.4,29.3,29.4,44.5,45.2,18.5,23.8,27.5,31.4,0.0,0.0,0.0,0.0,0.0,0.0,0.0,0.0
2023-07-18,2023-07-21,0,133049,34933,15864,5564,51357,4082,0,0,0,42951,14059,9422,96952,94784,36097,38265,133049,34933,15864,5564,51357,4082,0,0,0,42951,14059,9422,96952,94784,36097,38265,0,0,0,0,0,0,0,0,0,0,0,0,0,0,0,0,    3689,     348,    1321,      16,     882,     -32,       0,       0,       0,    2054,      83,     315,    2701,    2569,     988,    1120,100.0,26.3,11.9,4.2,38.6,3.1,0.0,0.0,0.0,32.3,10.6,7.1,72.9,71.2,27.1,28.8,100.0,26.3,11.9,4.2,38.6,3.1,0.0,0.0,0.0,32.3,10.6,7.1,72.9,71.2,27.1,28.8,100.0,0.0,0.0,0.0,0.0,0.0,0.0,0.0,0.0,0.0,0.0,0.0,0.0,0.0,0.0,0.0,     11,     12,      4,      6,      6,      0,      0,      0,      5,      4,      7,25,30,     11,     12,      4,      6,      6,      0,      0,      0,      5,      4,      7,     25,     30,      0,      0,      0,      0,      0,      0,      0,      0,      0,      0,      0,      0,      0,54.6,39.4,63.3,52.2,48.6,39.4,54.9,49.1,54.6,39.4,63.3,52.2,48.6,39.4,54.9,49.1,0.0,0.0,0.0,0.0,0.0,0.0,0.0,0.0
2023-07-25,2023-07-28,0,507655,236141,272840,9257,19234,31315,16479,30314,23701,75962,19616,100580,493435,497600,14220,10055,507655,236141,272840,9257,19234,31315,16479,30314,23701,75962,19616,100580,493435,497600,14220,10055,0,0,0,0,0,0,0,0,0,0,0,0,0,0,0,0,  -20248,   -4071,  -13232,   -4227,    -216,     324,   -2702,   -8946,    5332,  -18382,   -5671,    2382,  -21344,  -20027,    1096,    -221,100.0,46.5,53.7,1.8,3.8,6.2,3.2,6.0,4.7,15.0,3.9,19.8,97.2,98.0,2.8,2.0,100.0,46.5,53.7,1.8,3.8,6.2,3.2,6.0,4.7,15.0,3.9,19.8,97.2,98.0,2.8,2.0,100.0,0.0,0.0,0.0,0.0,0.0,0.0,0.0,0.0,0.0,0.0,0.0,0.0,0.0,0.0,0.0,     41,     36,      4,     10,     14,      8,     11,     14,     20,     19,     35,110,104,     41,     36,      4,     10,     14,      8,     11,     14,     20,     19,     35,    110,    104,      0,      0,      0,      0,      0,      0,      0,      0,      0,      0,      0,      0,      0,29.9,31.5,43.1,46.1,17.3,22.4,25.3,28.8,29.9,31.5,43.1,46.1,17.3,22.4,25.3,28.8,0.0,0.0,0.0,0.0,0.0,0.0,0.0,0.0
2023-07-25,2023-07-28,0,137464,35582,18248,10579,51505,2460,0,0,0,44460,14213,10083,103164,96509,34300,40955,137464,35582,18248,10579,51505,2460,0,0,0,44460,14213,10083,103164,96509,34300,40955,0,0,0,0,0,0,0,0,0,0,0,0,0,0,0,0,    4415,     649,    2384,    5015,     148,   -1622,       0,       0,       0,    1509,     154,     661,    6212,    1725,   -1797,    2690,100.0,25.9,13.3,7.7,37.5,1.8,0.0,0.0,0.0,32.3,10.3,7.3,75.0,70.2,25.0,29.8,100.0,25.9,13.3,7.7,37.5,1.8,0.0,0.0,0.0,32.3,10.3,7.3,75.0,70.2,25.0,29.8,100.0,0.0,0.0,0.0,0.0,0.0,0.0,0.0,0.0,0.0,0.0,0.0,0.0,0.0,0.0,0.0,     13,     14,      4,      6,      5,      0,      0,      0,      5,      4,      7,27,31,     13,     14,      4,      6,      5,      0,      0,      0,      5,      4,      7,     27,     31,      0,      0,      0,      0,      0,      0,      0,      0,      0,      0,      0,      0,      0,53.8,38.7,64.8,50.8,48.1,38.7,57.0,48.0,53.8,38.7,64.8,50.8,48.1,38.7,57.0,48.0,0.0,0.0,0.0,0.0,0.0,0.0,0.0,0.0
2023-08-01,2023-08-04,0,126830,31792,15839,10043,50963,4300,0,0,0,42364,12224,11018,99517,94344,27313,32486,126830,31792,15839,10043,50963,4300,0,0,0,42364,12224,11018,99517,94344,27313,32486,0,0,0,0,0,0,0,0,0,0,0,0,0,0,0,0,  -10634,   -3790,   -2409,    -536,    -542,    1840,       0,       0,       0,   -2096,   -1989,     935,   -3647,   -2165,   -6987,   -8469,100.0,25.1,12.5,7.9,40.2,3.4,0.0,0.0,0.0,33.4,9.6,8.7,78.5,74.4,21.5,25.6,100.0,25.1,12.5,7.9,40.2,3.4,0.0,0.0,0.0,33.4,9.6,8.7,78.5,74.4,21.5,25.6,100.0,0.0,0.0,0.0,0.0,0.0,0.0,0.0,0.0,0.0,0.0,0.0,0.0,0.0,0.0,0.0,     10,     12,      5,      6,      6,      0,      0,      0,      7,.,      8,26,31,     10,     12,      5,      6,      6,      0,      0,      0,      7,.,      8,     26,     31,      0,      0,      0,      0,      0,      0,      0,      0,      0,      0,      0,      0,      0,52.2,39.5,64.0,52.6,46.2,39.5,56.7,50.1,52.2,39.5,64.0,52.6,46.2,39.5,56.7,50.1,0.0,0.0,0.0,0.0,0.0,0.0,0.0,0.0
2023-08-01,2023-08-04,0,521014,241593,274518,12228,17809,31630,14814,40454,26626,80327,19601,100215,507433,510853,13581,10161,521014,241593,274518,12228,17809,31630,14814,40454,26626,80327,19601,100215,507433,510853,13581,10161,0,0,0,0,0,0,0,0,0,0,0,0,0,0,0,0,   13359,    5452,    1678,    2971,   -1425,     315,   -1665,   10140,    2925,    4365,     -15,    -365,   13998,   13253,    -639,     106,100.0,46.4,52.7,2.3,3.4,6.1,2.8,7.8,5.1,15.4,3.8,19.2,97.4,98.0,2.6,2.0,100.0,46.4,52.7,2.3,3.4,6.1,2.8,7.8,5.1,15.4,3.8,19.2,97.4,98.0,2.6,2.0,100.0,0.0,0.0,0.0,0.0,0.0,0.0,0.0,0.0,0.0,0.0,0.0,0.0,0.0,0.0,0.0,     43,     40,      5,      9,     14,      9,     13,     16,     21,     19,     35,114,112,     43,     40,      5,      9,     14,      9,     13,     16,     21,     19,     35,    114,    112,      0,      0,      0,      0,      0,      0,      0,      0,      0,      0,      0,      0,      0,30.8,30.3,43.1,46.2,17.0,22.4,24.5,29.9,30.8,30.3,43.1,46.2,17.0,22.4,24.5,29.9,0.0,0.0,0.0,0.0,0.0,0.0,0.0,0.0
2023-08-08,2023-08-11,0,527899,250693,272911,10473,18730,32312,12744,43839,22035,78406,19983,107726,514389,517536,13510,10363,527899,250693,272911,10473,18730,32312,12744,43839,22035,78406,19983,107726,514389,517536,13510,10363,0,0,0,0,0,0,0,0,0,0,0,0,0,0,0,0,    6885,    9100,   -1607,   -1755,     921,     682,   -2070,    3385,   -4591,   -1921,     382,    7511,    6956,    6683,     -71,     202,100.0,47.5,51.7,2.0,3.5,6.1,2.4,8.3,4.2,14.9,3.8,20.4,97.4,98.0,2.6,2.0,100.0,47.5,51.7,2.0,3.5,6.1,2.4,8.3,4.2,14.9,3.8,20.4,97.4,98.0,2.6,2.0,100.0,0.0,0.0,0.0,0.0,0.0,0.0,0.0,0.0,0.0,0.0,0.0,0.0,0.0,0.0,0.0,     45,     43,      6,      8,     14,      7,     14,     14,     20,     20,     36,115,114,     45,     43,      6,      8,     14,      7,     14,     14,     20,     20,     36,    115,    114,      0,      0,      0,      0,      0,      0,      0,      0,      0,      0,      0,      0,      0,30.4,29.6,42.8,44.3,15.7,19.4,23.4,26.6,30.4,29.6,42.8,44.3,15.7,19.4,23.4,26.6,0.0,0.0,0.0,0.0,0.0,0.0,0.0,0.0
2023-08-08,2023-08-11,0,132194,31820,19688,10444,51154,4358,0,0,0,46730,13207,11318,104670,99725,27524,32469,132194,31820,19688,10444,51154,4358,0,0,0,46730,13207,11318,104670,99725,27524,32469,0,0,0,0,0,0,0,0,0,0,0,0,0,0,0,0,    5364,      28,    3849,     401,     191,      58,       0,       0,       0,    4366,     983,     300,    5153,    5381,     211,     -17,100.0,24.1,14.9,7.9,38.7,3.3,0.0,0.0,0.0,35.3,10.0,8.6,79.2,75.4,20.8,24.6,100.0,24.1,14.9,7.9,38.7,3.3,0.0,0.0,0.0,35.3,10.0,8.6,79.2,75.4,20.8,24.6,100.0,0.0,0.0,0.0,0.0,0.0,0.0,0.0,0.0,0.0,0.0,0.0,0.0,0.0,0.0,0.0,     13,     13,      4,      7,      5,      0,      0,      0,      7,.,      8,29,31,     13,     13,      4,      7,      5,      0,      0,      0,      7,.,      8,     29,     31,      0,      0,      0,      0,      0,      0,      0,      0,      0,      0,      0,      0,      0,53.6,38.3,65.2,53.4,48.0,38.3,58.2,49.7,53.6,38.3,65.2,53.4,48.0,38.3,58.2,49.7,0.0,0.0,0.0,0.0,0.0,0.0,0.0,0.0
2023-08-15,2023-08-18,0,556799,269614,285242,6843,17372,35895,9188,37689,32182,70220,17474,119968,543910,545822,12889,10977,556799,269614,285242,6843,17372,35895,9188,37689,32182,70220,17474,119968,543910,545822,12889,10977,0,0,0,0,0,0,0,0,0,0,0,0,0,0,0,0,   28900,   18921,   12331,   -3630,   -1358,    3583,   -3556,   -6150,   10147,   -8186,   -2509,   12242,   29521,   28286,    -621,     614,100.0,48.4,51.2,1.2,3.1,6.4,1.7,6.8,5.8,12.6,3.1,21.5,97.7,98.0,2.3,2.0,100.0,48.4,51.2,1.2,3.1,6.4,1.7,6.8,5.8,12.6,3.1,21.5,97.7,98.0,2.3,2.0,100.0,0.0,0.0,0.0,0.0,0.0,0.0,0.0,0.0,0.0,0.0,0.0,0.0,0.0,0.0,0.0,     46,     43,      5,      9,     14,      7,     16,     17,     20,     19,     35,118,116,     46,     43,      5,      9,     14,      7,     16,     17,     20,     19,     35,    118,    116,      0,      0,      0,      0,      0,      0,      0,      0,      0,      0,      0,      0,      0,30.8,30.5,43.5,44.2,16.6,19.5,23.9,25.0,30.8,30.5,43.5,44.2,16.6,19.5,23.9,25.0,0.0,0.0,0.0,0.0,0.0,0.0,0.0,0.0
2023-08-15,2023-08-18,0,137084,34098,22768,10606,51133,4482,0,0,0,48372,14909,11267,108825,104559,28259,32525,137084,34098,22768,10606,51133,4482,0,0,0,48372,14909,11267,108825,104559,28259,32525,0,0,0,0,0,0,0,0,0,0,0,0,0,0,0,0,    4890,    2278,    3080,     162,     -21,     124,       0,       0,       0,    1642,    1702,     -51,    4155,    4834,     735,      56,100.0,24.9,16.6,7.7,37.3,3.3,0.0,0.0,0.0,35.3,10.9,8.2,79.4,76.3,20.6,23.7,100.0,24.9,16.6,7.7,37.3,3.3,0.0,0.0,0.0,35.3,10.9,8.2,79.4,76.3,20.6,23.7,100.0,0.0,0.0,0.0,0.0,0.0,0.0,0.0,0.0,0.0,0.0,0.0,0.0,0.0,0.0,0.0,     13,     15,      4,      7,      5,      0,      0,      0,      6,      4,      8,29,33,     13,     15,      4,      7,      5,      0,      0,      0,      6,      4,      8,     29,     33,      0,      0,      0,      0,      0,      0,      0,      0,      0,      0,      0,      0,      0,52.9,37.7,64.0,53.6,47.3,37.7,57.5,50.3,52.9,37.7,64.0,53.6,47.3,37.7,57.5,50.3,0.0,0.0,0.0,0.0,0.0,0.0,0.0,0.0
2023-08-22,2023-08-25,0,563454,297981,312327,13325,21659,30290,6674,34353,22621,71887,23538,106984,549762,551772,13692,11682,563454,297981,312327,13325,21659,30290,6674,34353,22621,71887,23538,106984,549762,551772,13692,11682,0,0,0,0,0,0,0,0,0,0,0,0,0,0,0,0,    6655,   28367,   27085,    6482,    4287,   -5605,   -2514,   -3336,   -9561,    1667,    6064,  -12984,    5852,    5950,     803,     705,100.0,52.9,55.4,2.4,3.8,5.4,1.2,6.1,4.0,12.8,4.2,19.0,97.6,97.9,2.4,2.1,100.0,52.9,55.4,2.4,3.8,5.4,1.2,6.1,4.0,12.8,4.2,19.0,97.6,97.9,2.4,2.1,100.0,0.0,0.0,0.0,0.0,0.0,0.0,0.0,0.0,0.0,0.0,0.0,0.0,0.0,0.0,0.0,     47,     46,      4,     10,     15,      6,     15,     16,     18,     21,     33,116,118,     47,     46,      4,     10,     15,      6,     15,     16,     18,     21,     33,    116,    118,      0,      0,      0,      0,      0,      0,      0,      0,      0,      0,      0,      0,      0,38.1,37.0,49.7,50.7,23.4,28.8,31.5,34.3,38.1,37.0,49.7,50.7,23.4,28.8,31.5,34.3,0.0,0.0,0.0,0.0,0.0,0.0,0.0,0.0
2023-08-22,2023-08-25,0,143395,35536,28475,10711,51674,5355,0,0,0,52511,15204,10482,114595,111190,28800,32205,143395,35536,28475,10711,51674,5355,0,0,0,52511,15204,10482,114595,111190,28800,32205,0,0,0,0,0,0,0,0,0,0,0,0,0,0,0,0,    6311,    1438,    5707,     105,     541,     873,       0,       0,       0,    4139,     295,    -785,    5770,    6631,     541,    -320,100.0,24.8,19.9,7.5,36.0,3.7,0.0,0.0,0.0,36.6,10.6,7.3,79.9,77.5,20.1,22.5,100.0,24.8,19.9,7.5,36.0,3.7,0.0,0.0,0.0,36.6,10.6,7.3,79.9,77.5,20.1,22.5,100.0,0.0,0.0,0.0,0.0,0.0,0.0,0.0,0.0,0.0,0.0,0.0,0.0,0.0,0.0,0.0,     13,     15,      4,      7,      5,      0,      0,      0,      6,      4,      8,29,33,     13,     15,      4,      7,      5,      0,      0,      0,      6,      4,      8,     29,     33,      0,      0,      0,      0,      0,      0,      0,      0,      0,      0,      0,      0,      0,52.7,36.1,63.5,52.6,47.5,36.1,57.3,50.4,52.7,36.1,63.5,52.6,47.5,36.1,57.3,50.4,0.0,0.0,0.0,0.0,0.0,0.0,0.0,0.0
2023-08-29,2023-09-01,0,576100,315328,325230,11489,22655,32502,6463,40598,20970,76887,22914,100525,564164,565394,11936,10706,576100,315328,325230,11489,22655,32502,6463,40598,20970,76887,22914,100525,564164,565394,11936,10706,0,0,0,0,0,0,0,0,0,0,0,0,0,0,0,0,   12646,   17347,   12903,   -1836,     996,    2212,    -211,    6245,   -1651,    5000,    -624,   -6459,   14402,   13622,   -1756,    -976,100.0,54.7,56.5,2.0,3.9,5.6,1.1,7.0,3.6,13.3,4.0,17.4,97.9,98.1,2.1,1.9,100.0,54.7,56.5,2.0,3.9,5.6,1.1,7.0,3.6,13.3,4.0,17.4,97.9,98.1,2.1,1.9,100.0,0.0,0.0,0.0,0.0,0.0,0.0,0.0,0.0,0.0,0.0,0.0,0.0,0.0,0.0,0.0,     49,     43,      4,     10,     15,      6,     15,     17,     17,     23,     36,121,117,     49,     43,      4,     10,     15,      6,     15,     17,     17,     23,     36,    121,    117,      0,      0,      0,      0,      0,      0,      0,      0,      0,      0,      0,      0,      0,38.7,35.9,51.0,49.9,24.8,28.3,32.9,33.9,38.7,35.9,51.0,49.9,24.8,28.3,32.9,33.9,0.0,0.0,0.0,0.0,0.0,0.0,0.0,0.0
2023-08-29,2023-09-01,0,153627,36642,32738,13506,56576,5811,0,0,0,61111,16638,10388,127458,122151,26169,31476,153627,36642,32738,13506,56576,5811,0,0,0,61111,16638,10388,127458,122151,26169,31476,0,0,0,0,0,0,0,0,0,0,0,0,0,0,0,0,   10232,    1106,    4263,    2795,    4902,     456,       0,       0,       0,    8600,    1434,     -94,   12863,   10961,   -2631,    -729,100.0,23.9,21.3,8.8,36.8,3.8,0.0,0.0,0.0,39.8,10.8,6.8,83.0,79.5,17.0,20.5,100.0,23.9,21.3,8.8,36.8,3.8,0.0,0.0,0.0,39.8,10.8,6.8,83.0,79.5,17.0,20.5,100.0,0.0,0.0,0.0,0.0,0.0,0.0,0.0,0.0,0.0,0.0,0.0,0.0,0.0,0.0,0.0,     13,     15,      5,      7,      6,      0,      0,      0,      6,      4,      8,30,34,     13,     15,      5,      7,      6,      0,      0,      0,      6,      4,      8,     30,     34,      0,      0,      0,      0,      0,      0,      0,      0,      0,      0,      0,      0,      0,54.1,37.6,64.4,52.8,49.3,37.6,58.9,51.1,54.1,37.6,64.4,52.8,49.3,37.6,58.9,51.1,0.0,0.0,0.0,0.0,0.0,0.0,0.0,0.0
2023-09-05,2023-09-08,0,614114,341964,359885,9086,24428,35771,5793,28765,23600,70769,18216,111245,598228,601910,15886,12204,614114,341964,359885,9086,24428,35771,5793,28765,23600,70769,18216,111245,598228,601910,15886,12204,0,0,0,0,0,0,0,0,0,0,0,0,0,0,0,0,   38014,   26636,   34655,   -2403,    1773,    3269,    -670,  -11833,    2630,   -6118,   -4698,   10720,   34064,   36516,    3950,    1498,100.0,55.7,58.6,1.5,4.0,5.8,0.9,4.7,3.8,11.5,3.0,18.1,97.4,98.0,2.6,2.0,100.0,55.7,58.6,1.5,4.0,5.8,0.9,4.7,3.8,11.5,3.0,18.1,97.4,98.0,2.6,2.0,100.0,0.0,0.0,0.0,0.0,0.0,0.0,0.0,0.0,0.0,0.0,0.0,0.0,0.0,0.0,0.0,     46,     43,      4,     11,     16,      5,     15,     16,     20,     20,     35,117,116,     46,     43,      4,     11,     16,      5,     15,     16,     20,     20,     35,    117,    116,      0,      0,      0,      0,      0,      0,      0,      0,      0,      0,      0,      0,      0,35.4,33.9,49.7,48.8,22.5,26.0,29.9,30.8,35.4,33.9,49.7,48.8,22.5,26.0,29.9,30.8,0.0,0.0,0.0,0.0,0.0,0.0,0.0,0.0
2023-09-05,2023-09-08,0,138421,31244,27671,12488,47558,3632,0,0,0,54141,16383,10058,111563,105302,26858,33119,138421,31244,27671,12488,47558,3632,0,0,0,54141,16383,10058,111563,105302,26858,33119,0,0,0,0,0,0,0,0,0,0,0,0,0,0,0,0,  -15206,   -5398,   -5067,   -1018,   -9018,   -2179,       0,       0,       0,   -6970,    -255,    -330,  -15895,  -16849,     689,    1643,100.0,22.6,20.0,9.0,34.4,2.6,0.0,0.0,0.0,39.1,11.8,7.3,80.6,76.1,19.4,23.9,100.0,22.6,20.0,9.0,34.4,2.6,0.0,0.0,0.0,39.1,11.8,7.3,80.6,76.1,19.4,23.9,100.0,0.0,0.0,0.0,0.0,0.0,0.0,0.0,0.0,0.0,0.0,0.0,0.0,0.0,0.0,0.0,     11,     11,      5,      6,      5,      0,      0,      0,      5,      4,      7,26,28,     11,     11,      5,      6,      5,      0,      0,      0,      5,      4,      7,     26,     28,      0,      0,      0,      0,      0,      0,      0,      0,      0,      0,      0,      0,      0,53.8,36.0,65.4,52.5,48.9,36.0,59.4,50.5,53.8,36.0,65.4,52.5,48.9,36.0,59.4,50.5,0.0,0.0,0.0,0.0,0.0,0.0,0.0,0.0
2023-09-12,2023-09-15,0,147156,32793,29304,13696,47337,4922,0,0,0,58578,16491,9530,119519,107584,27637,39572,147156,32793,29304,13696,47337,4922,0,0,0,58578,16491,9530,119519,107584,27637,39572,0,0,0,0,0,0,0,0,0,0,0,0,0,0,0,0,    8735,    1549,    1633,    1208,    -221,    1290,       0,       0,       0,    4437,     108,    -528,    7956,    2282,     779,    6453,100.0,22.3,19.9,9.3,32.2,3.3,0.0,0.0,0.0,39.8,11.2,6.5,81.2,73.1,18.8,26.9,100.0,22.3,19.9,9.3,32.2,3.3,0.0,0.0,0.0,39.8,11.2,6.5,81.2,73.1,18.8,26.9,100.0,0.0,0.0,0.0,0.0,0.0,0.0,0.0,0.0,0.0,0.0,0.0,0.0,0.0,0.0,0.0,     12,     11,      4,      7,      6,      0,      0,      0,      5,      4,      7,28,28,     12,     11,      4,      7,      6,      0,      0,      0,      5,      4,      7,     28,     28,      0,      0,      0,      0,      0,      0,      0,      0,      0,      0,      0,      0,      0,52.5,34.1,64.8,49.4,48.1,34.1,59.2,47.8,52.5,34.1,64.8,49.4,48.1,34.1,59.2,47.8,0.0,0.0,0.0,0.0,0.0,0.0,0.0,0.0
2023-09-12,2023-09-15,0,637631,361518,371612,6346,25615,38951,5253,31798,19809,68878,14057,121865,622620,623707,15011,13924,637631,361518,371612,6346,25615,38951,5253,31798,19809,68878,14057,121865,622620,623707,15011,13924,0,0,0,0,0,0,0,0,0,0,0,0,0,0,0,0,   23517,   19554,   11727,   -2740,    1187,    3180,    -540,    3033,   -3791,   -1891,   -4159,   10620,   24392,   21797,    -875,    1720,100.0,56.7,58.3,1.0,4.0,6.1,0.8,5.0,3.1,10.8,2.2,19.1,97.6,97.8,2.4,2.2,100.0,56.7,58.3,1.0,4.0,6.1,0.8,5.0,3.1,10.8,2.2,19.1,97.6,97.8,2.4,2.2,100.0,0.0,0.0,0.0,0.0,0.0,0.0,0.0,0.0,0.0,0.0,0.0,0.0,0.0,0.0,0.0,     46,     42,      4,     11,     16,      4,     14,     14,     18,     18,     35,115,112,     46,     42,      4,     11,     16,      4,     14,     14,     18,     18,     35,    115,    112,      0,      0,      0,      0,      0,      0,      0,      0,      0,      0,      0,      0,      0,33.4,33.6,48.3,48.1,21.3,24.2,28.0,29.5,33.4,33.6,48.3,48.1,21.3,24.2,28.0,29.5,0.0,0.0,0.0,0.0,0.0,0.0,0.0,0.0
2023-09-19,2023-09-22,0,155988,37296,34954,18956,48996,5028,0,0,0,59295,17795,10611,131186,117384,24802,38604,155988,37296,34954,18956,48996,5028,0,0,0,59295,17795,10611,131186,117384,24802,38604,0,0,0,0,0,0,0,0,0,0,0,0,0,0,0,0,    8832,    4503,    5650,    5260,    1659,     106,       0,       0,       0,     717,    1304,    1081,   11667,    9800,   -2835,    -968,100.0,23.9,22.4,12.2,31.4,3.2,0.0,0.0,0.0,38.0,11.4,6.8,84.1,75.3,15.9,24.7,100.0,23.9,22.4,12.2,31.4,3.2,0.0,0.0,0.0,38.0,11.4,6.8,84.1,75.3,15.9,24.7,100.0,0.0,0.0,0.0,0.0,0.0,0.0,0.0,0.0,0.0,0.0,0.0,0.0,0.0,0.0,0.0,     14,     13,      5,      8,      7,      0,      0,      0,      5,      4,      6,31,31,     14,     13,      5,      8,      7,      0,      0,      0,      5,      4,      6,     31,     31,      0,      0,      0,      0,      0,      0,      0,      0,      0,      0,      0,      0,      0,50.1,32.8,64.2,47.4,46.2,32.8,57.5,45.8,50.1,32.8,64.2,47.4,46.2,32.8,57.5,45.8,0.0,0.0,0.0,0.0,0.0,0.0,0.0,0.0
2023-09-19,2023-09-22,0,623682,341002,355368,9074,27360,37466,8128,33784,22910,77207,21304,110308,606095,608500,17587,15182,623682,341002,355368,9074,27360,37466,8128,33784,22910,77207,21304,110308,606095,608500,17587,15182,0,0,0,0,0,0,0,0,0,0,0,0,0,0,0,0,  -13949,  -20516,  -16244,    2728,    1745,   -1485,    2875,    1986,    3101,    8329,    7247,  -11557,  -16525,  -15207,    2576,    1258,100.0,54.7,57.0,1.5,4.4,6.0,1.3,5.4,3.7,12.4,3.4,17.7,97.2,97.6,2.8,2.4,100.0,54.7,57.0,1.5,4.4,6.0,1.3,5.4,3.7,12.4,3.4,17.7,97.2,97.6,2.8,2.4,100.0,0.0,0.0,0.0,0.0,0.0,0.0,0.0,0.0,0.0,0.0,0.0,0.0,0.0,0.0,0.0,     45,     43,      6,     11,     17,      9,     12,     14,     18,     20,     34,118,114,     45,     43,      6,     11,     17,      9,     12,     14,     18,     20,     34,    118,    114,      0,      0,      0,      0,      0,      0,      0,      0,      0,      0,      0,      0,      0,33.0,33.2,45.7,46.3,23.4,25.6,30.5,31.0,33.0,33.2,45.7,46.3,23.4,25.6,30.5,31.0,0.0,0.0,0.0,0.0,0.0,0.0,0.0,0.0
2023-09-26,2023-09-29,0,156962,39132,34680,19508,49338,5105,0,0,0,58855,18047,10782,133382,117952,23580,39010,156962,39132,34680,19508,49338,5105,0,0,0,58855,18047,10782,133382,117952,23580,39010,0,0,0,0,0,0,0,0,0,0,0,0,0,0,0,0,     974,    1836,    -274,     552,     342,      77,       0,       0,       0,    -440,     252,     171,    2196,     568,   -1222,     406,100.0,24.9,22.1,12.4,31.4,3.3,0.0,0.0,0.0,37.5,11.5,6.9,85.0,75.1,15.0,24.9,100.0,24.9,22.1,12.4,31.4,3.3,0.0,0.0,0.0,37.5,11.5,6.9,85.0,75.1,15.0,24.9,100.0,0.0,0.0,0.0,0.0,0.0,0.0,0.0,0.0,0.0,0.0,0.0,0.0,0.0,0.0,0.0,     15,     14,      5,      8,      7,      0,      0,      0,      5,      4,      6,32,32,     15,     14,      5,      8,      7,      0,      0,      0,      5,      4,      6,     32,     32,      0,      0,      0,      0,      0,      0,      0,      0,      0,      0,      0,      0,      0,49.4,32.9,64.2,47.7,45.6,32.9,57.7,46.5,49.4,32.9,64.2,47.7,45.6,32.9,57.7,46.5,0.0,0.0,0.0,0.0,0.0,0.0,0.0,0.0
2023-09-26,2023-09-29,0,606220,323074,349504,9195,25160,36462,7923,38406,17999,82255,13648,112887,589795,594066,16425,12154,606220,323074,349504,9195,25160,36462,7923,38406,17999,82255,13648,112887,589795,594066,16425,12154,0,0,0,0,0,0,0,0,0,0,0,0,0,0,0,0,  -17462,  -17928,   -5864,     121,   -2200,   -1004,    -205,    4622,   -4911,    5048,   -7656,    2579,  -16300,  -14434,   -1162,   -3028,100.0,53.3,57.7,1.5,4.2,6.0,1.3,6.3,3.0,13.6,2.3,18.6,97.3,98.0,2.7,2.0,100.0,53.3,57.7,1.5,4.2,6.0,1.3,6.3,3.0,13.6,2.3,18.6,97.3,98.0,2.7,2.0,100.0,0.0,0.0,0.0,0.0,0.0,0.0,0.0,0.0,0.0,0.0,0.0,0.0,0.0,0.0,0.0,     45,     42,      5,     12,     17,      8,     11,     12,     21,     19,     37,121,112,     45,     42,      5,     12,     17,      8,     11,     12,     21,     19,     37,    121,    112,      0,      0,      0,      0,      0,      0,      0,      0,      0,      0,      0,      0,      0,33.3,33.6,46.2,47.4,24.5,26.5,30.9,33.8,33.3,33.6,46.2,47.4,24.5,26.5,30.9,33.8,0.0,0.0,0.0,0.0,0.0,0.0,0.0,0.0
2023-10-03,2023-10-06,0,134213,27846,26471,21220,39986,2668,0,0,0,50980,15015,8997,111711,93137,22502,41076,134213,27846,26471,21220,39986,2668,0,0,0,50980,15015,8997,111711,93137,22502,41076,0,0,0,0,0,0,0,0,0,0,0,0,0,0,0,0,  -22749,  -11286,   -8209,    1712,   -9352,   -2437,       0,       0,       0,   -7875,   -3032,   -1785,  -21671,  -24815,   -1078,    2066,100.0,20.7,19.7,15.8,29.8,2.0,0.0,0.0,0.0,38.0,11.2,6.7,83.2,69.4,16.8,30.6,100.0,20.7,19.7,15.8,29.8,2.0,0.0,0.0,0.0,38.0,11.2,6.7,83.2,69.4,16.8,30.6,100.0,0.0,0.0,0.0,0.0,0.0,0.0,0.0,0.0,0.0,0.0,0.0,0.0,0.0,0.0,0.0,     12,     13,      5,      6,      4,      0,      0,      0,      6,      4,      7,28,29,     12,     13,      5,      6,      4,      0,      0,      0,      6,      4,      7,     28,     29,      0,      0,      0,      0,      0,      0,      0,      0,      0,      0,      0,      0,      0,47.9,33.5,64.4,47.5,44.7,33.5,57.9,46.7,47.9,33.5,64.4,47.5,44.7,33.5,57.9,46.7,0.0,0.0,0.0,0.0,0.0,0.0,0.0,0.0
2023-10-03,2023-10-06,0,599680,312126,338763,8725,28825,33256,7852,35239,19569,88301,15700,113327,583156,584679,16524,15001,599680,312126,338763,8725,28825,33256,7852,35239,19569,88301,15700,113327,583156,584679,16524,15001,0,0,0,0,0,0,0,0,0,0,0,0,0,0,0,0,   -6540,  -10948,  -10741,    -470,    3665,   -3206,     -71,   -3167,    1570,    6046,    2052,     440,   -6639,   -9387,      99,    2847,100.0,52.0,56.5,1.5,4.8,5.5,1.3,5.9,3.3,14.7,2.6,18.9,97.2,97.5,2.8,2.5,100.0,52.0,56.5,1.5,4.8,5.5,1.3,5.9,3.3,14.7,2.6,18.9,97.2,97.5,2.8,2.5,100.0,0.0,0.0,0.0,0.0,0.0,0.0,0.0,0.0,0.0,0.0,0.0,0.0,0.0,0.0,0.0,     47,     46,      6,     11,     17,      7,     12,     14,     22,     18,     37,122,120,     47,     46,      6,     11,     17,      7,     12,     14,     22,     18,     37,    122,    120,      0,      0,      0,      0,      0,      0,      0,      0,      0,      0,      0,      0,      0,34.3,36.2,47.5,50.0,24.3,27.8,31.3,35.8,34.3,36.2,47.5,50.0,24.3,27.8,31.3,35.8,0.0,0.0,0.0,0.0,0.0,0.0,0.0,0.0
2023-10-10,2023-10-13,0,607668,321447,337635,9321,31586,29585,4817,35352,20546,83949,16237,122470,592135,593411,15533,14257,607668,321447,337635,9321,31586,29585,4817,35352,20546,83949,16237,122470,592135,593411,15533,14257,0,0,0,0,0,0,0,0,0,0,0,0,0,0,0,0,    7988,    9321,   -1128,     596,    2761,   -3671,   -3035,     113,     977,   -4352,     537,    9143,    8979,    8732,    -991,    -744,100.0,52.9,55.6,1.5,5.2,4.9,0.8,5.8,3.4,13.8,2.7,20.2,97.4,97.7,2.6,2.3,100.0,52.9,55.6,1.5,5.2,4.9,0.8,5.8,3.4,13.8,2.7,20.2,97.4,97.7,2.6,2.3,100.0,0.0,0.0,0.0,0.0,0.0,0.0,0.0,0.0,0.0,0.0,0.0,0.0,0.0,0.0,0.0,     43,     41,      5,     11,     16,      6,     12,     15,     22,     17,     38,117,113,     43,     41,      5,     11,     16,      6,     12,     15,     22,     17,     38,    117,    113,      0,      0,      0,      0,      0,      0,      0,      0,      0,      0,      0,      0,      0,33.7,36.0,46.9,49.7,23.6,27.4,29.8,35.4,33.7,36.0,46.9,49.7,23.6,27.4,29.8,35.4,0.0,0.0,0.0,0.0,0.0,0.0,0.0,0.0
2023-10-10,2023-10-13,0,139829,32489,29761,21869,40590,3100,0,0,0,50324,15325,10090,117872,98866,21957,40963,139829,32489,29761,21869,40590,3100,0,0,0,50324,15325,10090,117872,98866,21957,40963,0,0,0,0,0,0,0,0,0,0,0,0,0,0,0,0,    5616,    4643,    3290,     649,     604,     432,       0,       0,       0,    -656,     310,    1093,    6161,    5729,    -545,    -113,100.0,23.2,21.3,15.6,29.0,2.2,0.0,0.0,0.0,36.0,11.0,7.2,84.3,70.7,15.7,29.3,100.0,23.2,21.3,15.6,29.0,2.2,0.0,0.0,0.0,36.0,11.0,7.2,84.3,70.7,15.7,29.3,100.0,0.0,0.0,0.0,0.0,0.0,0.0,0.0,0.0,0.0,0.0,0.0,0.0,0.0,0.0,0.0,     14,     15,      5,      6,      4,      0,      0,      0,      6,      4,      7,30,31,     14,     15,      5,      6,      4,      0,      0,      0,      6,      4,      7,     30,     31,      0,      0,      0,      0,      0,      0,      0,      0,      0,      0,      0,      0,      0,46.3,32.8,63.8,46.2,43.1,32.8,57.3,45.5,46.3,32.8,63.8,46.2,43.1,32.8,57.3,45.5,0.0,0.0,0.0,0.0,0.0,0.0,0.0,0.0
2023-10-17,2023-10-20,0,601987,342349,316850,11091,30165,29773,4388,43703,20918,66666,32645,111450,586635,585504,15352,16483,601987,342349,316850,11091,30165,29773,4388,43703,20918,66666,32645,111450,586635,585504,15352,16483,0,0,0,0,0,0,0,0,0,0,0,0,0,0,0,0,   -5681,   20902,  -20785,    1770,   -1421,     188,    -429,    8351,     372,  -17283,   16408,  -11020,   -5500,   -7907,    -181,    2226,100.0,56.9,52.6,1.8,5.0,4.9,0.7,7.3,3.5,11.1,5.4,18.5,97.4,97.3,2.6,2.7,100.0,56.9,52.6,1.8,5.0,4.9,0.7,7.3,3.5,11.1,5.4,18.5,97.4,97.3,2.6,2.7,100.0,0.0,0.0,0.0,0.0,0.0,0.0,0.0,0.0,0.0,0.0,0.0,0.0,0.0,0.0,0.0,     45,     43,      5,     10,     16,      6,     13,     15,     18,     21,     36,118,114,     45,     43,      5,     10,     16,      6,     13,     15,     18,     21,     36,    118,    114,      0,      0,      0,      0,      0,      0,      0,      0,      0,      0,      0,      0,      0,32.4,34.1,45.8,48.4,24.6,25.3,32.8,34.1,32.4,34.1,45.8,48.4,24.6,25.3,32.8,34.1,0.0,0.0,0.0,0.0,0.0,0.0,0.0,0.0
2023-10-17,2023-10-20,0,149751,38690,35262,22643,41634,3726,0,0,0,50474,15341,11445,126978,107408,22773,42343,149751,38690,35262,22643,41634,3726,0,0,0,50474,15341,11445,126978,107408,22773,42343,0,0,0,0,0,0,0,0,0,0,0,0,0,0,0,0,    9922,    6201,    5501,     774,    1044,     626,       0,       0,       0,     150,      16,    1355,    9106,    8542,     816,    1380,100.0,25.8,23.5,15.1,27.8,2.5,0.0,0.0,0.0,33.7,10.2,7.6,84.8,71.7,15.2,28.3,100.0,25.8,23.5,15.1,27.8,2.5,0.0,0.0,0.0,33.7,10.2,7.6,84.8,71.7,15.2,28.3,100.0,0.0,0.0,0.0,0.0,0.0,0.0,0.0,0.0,0.0,0.0,0.0,0.0,0.0,0.0,0.0,     14,     15,      5,      6,      4,      0,      0,      0,      6,      4,      7,30,31,     14,     15,      5,      6,      4,      0,      0,      0,      6,      4,      7,     30,     31,      0,      0,      0,      0,      0,      0,      0,      0,      0,      0,      0,      0,      0,44.6,30.8,62.0,44.4,41.9,30.8,55.5,42.7,44.6,30.8,62.0,44.4,41.9,30.8,55.5,42.7,0.0,0.0,0.0,0.0,0.0,0.0,0.0,0.0
2023-10-24,2023-10-27,0,157335,39922,36041,23394,44996,4720,0,0,0,55161,17997,10088,133285,113842,24050,43493,157335,39922,36041,23394,44996,4720,0,0,0,55161,17997,10088,133285,113842,24050,43493,0,0,0,0,0,0,0,0,0,0,0,0,0,0,0,0,    7584,    1232,     779,     751,    3362,     994,       0,       0,       0,    4687,    2656,   -1357,    6307,    6434,    1277,    1150,100.0,25.4,22.9,14.9,28.6,3.0,0.0,0.0,0.0,35.1,11.4,6.4,84.7,72.4,15.3,27.6,100.0,25.4,22.9,14.9,28.6,3.0,0.0,0.0,0.0,35.1,11.4,6.4,84.7,72.4,15.3,27.6,100.0,0.0,0.0,0.0,0.0,0.0,0.0,0.0,0.0,0.0,0.0,0.0,0.0,0.0,0.0,0.0,     16,     16,      5,      6,      4,      0,      0,      0,      6,      5,      7,32,33,     16,     16,      5,      6,      4,      0,      0,      0,      6,      5,      7,     32,     33,      0,      0,      0,      0,      0,      0,      0,      0,      0,      0,      0,      0,      0,46.0,31.6,62.5,44.6,42.6,31.6,56.0,42.9,46.0,31.6,62.5,44.6,42.6,31.6,56.0,42.9,0.0,0.0,0.0,0.0,0.0,0.0,0.0,0.0
2023-10-24,2023-10-27,0,578470,324884,310382,11746,24286,33239,4792,41927,19414,68041,32938,102994,565110,565180,13360,13290,578470,324884,310382,11746,24286,33239,4792,41927,19414,68041,32938,102994,565110,565180,13360,13290,0,0,0,0,0,0,0,0,0,0,0,0,0,0,0,0,  -23517,  -17465,   -6468,     655,   -5879,    3466,     404,   -1776,   -1504,    1375,     293,   -8456,  -21525,  -20324,   -1992,   -3193,100.0,56.2,53.7,2.0,4.2,5.7,0.8,7.2,3.4,11.8,5.7,17.8,97.7,97.7,2.3,2.3,100.0,56.2,53.7,2.0,4.2,5.7,0.8,7.2,3.4,11.8,5.7,17.8,97.7,97.7,2.3,2.3,100.0,0.0,0.0,0.0,0.0,0.0,0.0,0.0,0.0,0.0,0.0,0.0,0.0,0.0,0.0,0.0,     42,     43,      5,     11,     16,      7,      9,     12,     17,     22,     37,114,113,     42,     43,      5,     11,     16,      7,      9,     12,     17,     22,     37,    114,    113,      0,      0,      0,      0,      0,      0,      0,      0,      0,      0,      0,      0,      0,32.5,33.3,45.7,48.0,24.6,26.1,32.5,34.6,32.5,33.3,45.7,48.0,24.6,26.1,32.5,34.6,0.0,0.0,0.0,0.0,0.0,0.0,0.0,0.0
2023-10-31,2023-11-03,0,164257,44024,37226,25085,46116,6563,0,0,0,55585,18602,12139,143396,120646,20861,43611,164257,44024,37226,25085,46116,6563,0,0,0,55585,18602,12139,143396,120646,20861,43611,0,0,0,0,0,0,0,0,0,0,0,0,0,0,0,0,    6922,    4102,    1185,    1691,    1120,    1843,       0,       0,       0,     424,     605,    2051,   10111,    6804,   -3189,     118,100.0,26.8,22.7,15.3,28.1,4.0,0.0,0.0,0.0,33.8,11.3,7.4,87.3,73.4,12.7,26.6,100.0,26.8,22.7,15.3,28.1,4.0,0.0,0.0,0.0,33.8,11.3,7.4,87.3,73.4,12.7,26.6,100.0,0.0,0.0,0.0,0.0,0.0,0.0,0.0,0.0,0.0,0.0,0.0,0.0,0.0,0.0,0.0,     17,     16,      6,      6,      5,      0,      0,      0,      6,      6,      7,34,35,     17,     16,      6,      6,      5,      0,      0,      0,      6,      6,      7,     34,     35,      0,      0,      0,      0,      0,      0,      0,      0,      0,      0,      0,      0,      0,46.9,30.6,63.3,43.4,43.2,30.6,56.1,41.5,46.9,30.6,63.3,43.4,43.2,30.6,56.1,41.5,0.0,0.0,0.0,0.0,0.0,0.0,0.0,0.0
2023-10-31,2023-11-03,0,589111,342339,302222,10823,28203,31035,3071,39113,25068,59646,44876,104865,576847,575382,12264,13729,589111,342339,302222,10823,28203,31035,3071,39113,25068,59646,44876,104865,576847,575382,12264,13729,0,0,0,0,0,0,0,0,0,0,0,0,0,0,0,0,   10641,   17455,   -8160,    -923,    3917,   -2204,   -1721,   -2814,    5654,   -8395,   11938,    1871,   11737,   10202,   -1096,     439,100.0,58.1,51.3,1.8,4.8,5.3,0.5,6.6,4.3,10.1,7.6,17.8,97.9,97.7,2.1,2.3,100.0,58.1,51.3,1.8,4.8,5.3,0.5,6.6,4.3,10.1,7.6,17.8,97.9,97.7,2.1,2.3,100.0,0.0,0.0,0.0,0.0,0.0,0.0,0.0,0.0,0.0,0.0,0.0,0.0,0.0,0.0,0.0,     44,     47,      6,     10,     16,      6,      9,     14,     15,     25,     37,117,116,     44,     47,      6,     10,     16,      6,      9,     14,     15,     25,     37,    117,    116,      0,      0,      0,      0,      0,      0,      0,      0,      0,      0,      0,      0,      0,32.5,33.8,45.6,48.8,24.3,25.1,32.6,34.2,32.5,33.8,45.6,48.8,24.3,25.1,32.6,34.2,0.0,0.0,0.0,0.0,0.0,0.0,0.0,0.0
2023-11-07,2023-11-10,0,147533,40194,33173,24319,38065,4821,0,0,0,45277,16536,12560,127171,105155,20362,42378,147533,40194,33173,24319,38065,4821,0,0,0,45277,16536,12560,127171,105155,20362,42378,0,0,0,0,0,0,0,0,0,0,0,0,0,0,0,0,  -16724,   -3830,   -4053,    -766,   -8051,   -1742,       0,       0,       0,  -10308,   -2066,     421,  -16225,  -15491,    -499,   -1233,100.0,27.2,22.5,16.5,25.8,3.3,0.0,0.0,0.0,30.7,11.2,8.5,86.2,71.3,13.8,28.7,100.0,27.2,22.5,16.5,25.8,3.3,0.0,0.0,0.0,30.7,11.2,8.5,86.2,71.3,13.8,28.7,100.0,0.0,0.0,0.0,0.0,0.0,0.0,0.0,0.0,0.0,0.0,0.0,0.0,0.0,0.0,0.0,     17,     16,      6,      6,      5,      0,      0,      0,      5,      6,      6,33,34,     17,     16,      6,      6,      5,      0,      0,      0,      5,      6,      6,     33,     34,      0,      0,      0,      0,      0,      0,      0,      0,      0,      0,      0,      0,      0,46.4,29.2,62.0,42.8,42.6,29.2,55.6,40.6,46.4,29.2,62.0,42.8,42.6,29.2,55.6,40.6,0.0,0.0,0.0,0.0,0.0,0.0,0.0,0.0
2023-11-07,2023-11-10,0,596499,349251,297695,9034,40270,30580,2061,47033,23689,61692,38265,106632,582939,584164,13560,12335,596499,349251,297695,9034,40270,30580,2061,47033,23689,61692,38265,106632,582939,584164,13560,12335,0,0,0,0,0,0,0,0,0,0,0,0,0,0,0,0,    7388,    6912,   -4527,   -1789,   12067,    -455,   -1010,    7920,   -1379,    2046,   -6611,    1767,    6092,    8782,    1296,   -1394,100.0,58.6,49.9,1.5,6.8,5.1,0.3,7.9,4.0,10.3,6.4,17.9,97.7,97.9,2.3,2.1,100.0,58.6,49.9,1.5,6.8,5.1,0.3,7.9,4.0,10.3,6.4,17.9,97.7,97.9,2.3,2.1,100.0,0.0,0.0,0.0,0.0,0.0,0.0,0.0,0.0,0.0,0.0,0.0,0.0,0.0,0.0,0.0,     43,     45,      5,     11,     17,      4,     11,     12,     15,     29,     38,115,118,     43,     45,      5,     11,     17,      4,     11,     12,     15,     29,     38,    115,    118,      0,      0,      0,      0,      0,      0,      0,      0,      0,      0,      0,      0,      0,32.4,33.1,46.7,48.0,25.7,25.5,34.8,32.7,32.4,33.1,46.7,48.0,25.7,25.5,34.8,32.7,0.0,0.0,0.0,0.0,0.0,0.0,0.0,0.0
2023-11-14,2023-11-17,0,154774,43514,35923,24906,41149,5095,0,0,0,44978,17160,16197,134690,115524,20084,39250,154774,43514,35923,24906,41149,5095,0,0,0,44978,17160,16197,134690,115524,20084,39250,0,0,0,0,0,0,0,0,0,0,0,0,0,0,0,0,    7241,    3320,    2750,     587,    3084,     274,       0,       0,       0,    -299,     624,    3637,    7519,   10369,    -278,   -3128,100.0,28.1,23.2,16.1,26.6,3.3,0.0,0.0,0.0,29.1,11.1,10.5,87.0,74.6,13.0,25.4,100.0,28.1,23.2,16.1,26.6,3.3,0.0,0.0,0.0,29.1,11.1,10.5,87.0,74.6,13.0,25.4,100.0,0.0,0.0,0.0,0.0,0.0,0.0,0.0,0.0,0.0,0.0,0.0,0.0,0.0,0.0,0.0,     15,     16,      6,      7,      6,      0,      0,      0,      5,      6,      6,32,35,     15,     16,      6,      7,      6,      0,      0,      0,      5,      6,      6,     32,     35,      0,      0,      0,      0,      0,      0,      0,      0,      0,      0,      0,      0,      0,44.9,28.0,60.6,40.8,41.6,28.0,54.3,38.6,44.9,28.0,60.6,40.8,41.6,28.0,54.3,38.6,0.0,0.0,0.0,0.0,0.0,0.0,0.0,0.0
2023-11-14,2023-11-17,0,612369,360522,298713,7441,48966,25827,3107,50314,24305,62181,35905,115944,599327,599974,13042,12395,612369,360522,298713,7441,48966,25827,3107,50314,24305,62181,35905,115944,599327,599974,13042,12395,0,0,0,0,0,0,0,0,0,0,0,0,0,0,0,0,   15870,   11271,    1018,   -1593,    8696,   -4753,    1046,    3281,     616,     489,   -2360,    9312,   16388,   15810,    -518,      60,100.0,58.9,48.8,1.2,8.0,4.2,0.5,8.2,4.0,10.2,5.9,18.9,97.9,98.0,2.1,2.0,100.0,58.9,48.8,1.2,8.0,4.2,0.5,8.2,4.0,10.2,5.9,18.9,97.9,98.0,2.1,2.0,100.0,0.0,0.0,0.0,0.0,0.0,0.0,0.0,0.0,0.0,0.0,0.0,0.0,0.0,0.0,0.0,     39,     41,      5,     11,     17,      5,     10,     12,     16,     27,     39,113,113,     39,     41,      5,     11,     17,      5,     10,     12,     16,     27,     39,    113,    113,      0,      0,      0,      0,      0,      0,      0,      0,      0,      0,      0,      0,      0,32.3,33.5,47.6,48.0,25.1,26.9,35.0,33.5,32.3,33.5,47.6,48.0,25.1,26.9,35.0,33.5,0.0,0.0,0.0,0.0,0.0,0.0,0.0,0.0
2023-11-21,2023-11-24,0,562070,333514,281638,4153,42181,22431,3327,39914,23127,58769,32297,104013,549334,545601,12736,16469,562070,333514,281638,4153,42181,22431,3327,39914,23127,58769,32297,104013,549334,545601,12736,16469,0,0,0,0,0,0,0,0,0,0,0,0,0,0,0,0,  -50299,  -27008,  -17075,   -3288,   -6785,   -3396,     220,  -10400,   -1178,   -3412,   -3608,  -11931,  -49993,  -54373,    -306,    4074,100.0,59.3,50.1,0.7,7.5,4.0,0.6,7.1,4.1,10.5,5.7,18.5,97.7,97.1,2.3,2.9,100.0,59.3,50.1,0.7,7.5,4.0,0.6,7.1,4.1,10.5,5.7,18.5,97.7,97.1,2.3,2.9,100.0,0.0,0.0,0.0,0.0,0.0,0.0,0.0,0.0,0.0,0.0,0.0,0.0,0.0,0.0,0.0,     37,     36,      5,     10,     15,      5,      9,      9,     14,     23,     34,103,98,     37,     36,      5,     10,     15,      5,      9,      9,     14,     23,     34,    103,     98,      0,      0,      0,      0,      0,      0,      0,      0,      0,      0,      0,      0,      0,34.7,36.7,51.9,52.2,28.6,29.9,39.3,38.3,34.7,36.7,51.9,52.2,28.6,29.9,39.3,38.3,0.0,0.0,0.0,0.0,0.0,0.0,0.0,0.0
2023-11-21,2023-11-24,0,158111,45211,36908,25166,43628,5180,0,0,0,46996,17461,15285,137838,118462,20273,39649,158111,45211,36908,25166,43628,5180,0,0,0,46996,17461,15285,137838,118462,20273,39649,0,0,0,0,0,0,0,0,0,0,0,0,0,0,0,0,    3337,    1697,     985,     260,    2479,      85,       0,       0,       0,    2018,     301,    -912,    3148,    2938,     189,     399,100.0,28.6,23.3,15.9,27.6,3.3,0.0,0.0,0.0,29.7,11.0,9.7,87.2,74.9,12.8,25.1,100.0,28.6,23.3,15.9,27.6,3.3,0.0,0.0,0.0,29.7,11.0,9.7,87.2,74.9,12.8,25.1,100.0,0.0,0.0,0.0,0.0,0.0,0.0,0.0,0.0,0.0,0.0,0.0,0.0,0.0,0.0,0.0,     16,     17,      6,      7,      7,      0,      0,      0,      5,      6,      6,34,36,     16,     17,      6,      7,      7,      0,      0,      0,      5,      6,      6,     34,     36,      0,      0,      0,      0,      0,      0,      0,      0,      0,      0,      0,      0,      0,46.1,28.1,61.5,40.6,43.1,28.0,55.9,38.5,46.1,28.1,61.5,40.6,43.1,28.0,55.9,38.5,0.0,0.0,0.0,0.0,0.0,0.0,0.0,0.0
2023-11-28,2023-12-01,0,587653,342417,289309,4642,46182,23978,3949,41824,24955,59063,30541,116061,575065,572850,12588,14803,587653,342417,289309,4642,46182,23978,3949,41824,24955,59063,30541,116061,575065,572850,12588,14803,0,0,0,0,0,0,0,0,0,0,0,0,0,0,0,0,   25583,    8903,    7671,     489,    4001,    1547,     622,    1910,    1828,     294,   -1756,   12048,   25731,   27249,    -148,   -1666,100.0,58.3,49.2,0.8,7.9,4.1,0.7,7.1,4.2,10.1,5.2,19.7,97.9,97.5,2.1,2.5,100.0,58.3,49.2,0.8,7.9,4.1,0.7,7.1,4.2,10.1,5.2,19.7,97.9,97.5,2.1,2.5,100.0,0.0,0.0,0.0,0.0,0.0,0.0,0.0,0.0,0.0,0.0,0.0,0.0,0.0,0.0,0.0,     38,     39,      4,     11,     15,      6,      9,     12,     14,     23,     36,108,103,     38,     39,      4,     11,     15,      6,      9,     12,     14,     23,     36,    108,    103,      0,      0,      0,      0,      0,      0,      0,      0,      0,      0,      0,      0,      0,34.2,35.0,50.9,50.5,28.1,28.4,37.0,36.2,34.2,35.0,50.9,50.5,28.1,28.4,37.0,36.2,0.0,0.0,0.0,0.0,0.0,0.0,0.0,0.0
2023-11-28,2023-12-01,0,159363,45555,37553,25405,44991,5029,0,0,0,48942,17772,13983,138914,119328,20449,40035,159363,45555,37553,25405,44991,5029,0,0,0,48942,17772,13983,138914,119328,20449,40035,0,0,0,0,0,0,0,0,0,0,0,0,0,0,0,0,    1252,     344,     645,     239,    1363,    -151,       0,       0,       0,    1946,     311,   -1302,    1076,     866,     176,     386,100.0,28.6,23.6,15.9,28.2,3.2,0.0,0.0,0.0,30.7,11.2,8.8,87.2,74.9,12.8,25.1,100.0,28.6,23.6,15.9,28.2,3.2,0.0,0.0,0.0,30.7,11.2,8.8,87.2,74.9,12.8,25.1,100.0,0.0,0.0,0.0,0.0,0.0,0.0,0.0,0.0,0.0,0.0,0.0,0.0,0.0,0.0,0.0,     17,     17,      6,      7,      7,      0,      0,      0,      5,      6,      7,35,37,     17,     17,      6,      7,      7,      0,      0,      0,      5,      6,      7,     35,     37,      0,      0,      0,      0,      0,      0,      0,      0,      0,      0,      0,      0,      0,46.1,28.9,61.5,41.4,44.2,28.9,57.0,39.5,46.1,28.9,61.5,41.4,44.2,28.9,57.0,39.5,0.0,0.0,0.0,0.0,0.0,0.0,0.0,0.0
2023-12-05,2023-12-08,0,135684,30573,37106,24031,34875,1941,0,0,0,47016,18224,9470,113031,101616,22653,34068,135684,30573,37106,24031,34875,1941,0,0,0,47016,18224,9470,113031,101616,22653,34068,0,0,0,0,0,0,0,0,0,0,0,0,0,0,0,0,  -23679,  -14982,    -447,   -1374,  -10116,   -3088,       0,       0,       0,   -1926,     452,   -4513,  -25883,  -17712,    2204,   -5967,100.0,22.5,27.3,17.7,25.7,1.4,0.0,0.0,0.0,34.7,13.4,7.0,83.3,74.9,16.7,25.1,100.0,22.5,27.3,17.7,25.7,1.4,0.0,0.0,0.0,34.7,13.4,7.0,83.3,74.9,16.7,25.1,100.0,0.0,0.0,0.0,0.0,0.0,0.0,0.0,0.0,0.0,0.0,0.0,0.0,0.0,0.0,0.0,     12,     15,      5,      7,      6,      0,      0,      0,      6,      5,      7,29,34,     12,     15,      5,      7,      6,      0,      0,      0,      6,      5,      7,     29,     34,      0,      0,      0,      0,      0,      0,      0,      0,      0,      0,      0,      0,      0,47.2,29.3,63.6,43.1,46.3,28.8,58.7,40.1,47.2,29.3,63.6,43.1,46.3,28.8,58.7,40.1,0.0,0.0,0.0,0.0,0.0,0.0,0.0,0.0
2023-12-05,2023-12-08,0,594106,335357,289345,4593,46850,27771,3680,45555,29560,69289,26391,113395,583645,578867,10461,15239,594106,335357,289345,4593,46850,27771,3680,45555,29560,69289,26391,113395,583645,578867,10461,15239,0,0,0,0,0,0,0,0,0,0,0,0,0,0,0,0,    6453,   -7060,      36,     -49,     668,    3793,    -269,    3731,    4605,   10226,   -4150,   -2666,    8580,    6017,   -2127,     436,100.0,56.4,48.7,0.8,7.9,4.7,0.6,7.7,5.0,11.7,4.4,19.1,98.2,97.4,1.8,2.6,100.0,56.4,48.7,0.8,7.9,4.7,0.6,7.7,5.0,11.7,4.4,19.1,98.2,97.4,1.8,2.6,100.0,0.0,0.0,0.0,0.0,0.0,0.0,0.0,0.0,0.0,0.0,0.0,0.0,0.0,0.0,0.0,     40,     40,      4,     11,     15,      6,      9,     13,     13,     24,     34,110,103,     40,     40,      4,     11,     15,      6,      9,     13,     13,     24,     34,    110,    103,      0,      0,      0,      0,      0,      0,      0,      0,      0,      0,      0,      0,      0,34.4,33.8,50.7,49.2,28.0,27.5,37.9,36.0,34.4,33.8,50.7,49.2,28.0,27.5,37.9,36.0,0.0,0.0,0.0,0.0,0.0,0.0,0.0,0.0
2023-12-12,2023-12-15,0,600293,329211,295221,4158,46978,29408,3444,47613,29182,79551,24783,113425,588379,586610,11914,13683,600293,329211,295221,4158,46978,29408,3444,47613,29182,79551,24783,113425,588379,586610,11914,13683,0,0,0,0,0,0,0,0,0,0,0,0,0,0,0,0,    6187,   -6146,    5876,    -435,     128,    1637,    -236,    2058,    -378,   10262,   -1608,      30,    4734,    7743,    1453,   -1556,100.0,54.8,49.2,0.7,7.8,4.9,0.6,7.9,4.9,13.3,4.1,18.9,98.0,97.7,2.0,2.3,100.0,54.8,49.2,0.7,7.8,4.9,0.6,7.9,4.9,13.3,4.1,18.9,98.0,97.7,2.0,2.3,100.0,0.0,0.0,0.0,0.0,0.0,0.0,0.0,0.0,0.0,0.0,0.0,0.0,0.0,0.0,0.0,     39,     39,      4,     11,     15,      6,      7,     12,     14,     24,     36,109,103,     39,     39,      4,     11,     15,      6,      7,     12,     14,     24,     36,    109,    103,      0,      0,      0,      0,      0,      0,      0,      0,      0,      0,      0,      0,      0,34.7,32.0,50.2,46.9,27.4,25.6,38.5,33.7,34.7,32.0,50.2,46.9,27.4,25.6,38.5,33.7,0.0,0.0,0.0,0.0,0.0,0.0,0.0,0.0
2023-12-12,2023-12-15,0,145282,37825,42075,24026,34205,2894,0,0,0,44972,15293,12723,122440,107190,22842,38092,145282,37825,42075,24026,34205,2894,0,0,0,44972,15293,12723,122440,107190,22842,38092,0,0,0,0,0,0,0,0,0,0,0,0,0,0,0,0,    9598,    7252,    4969,      -5,    -670,     953,       0,       0,       0,   -2044,   -2931,    3253,    9409,    5574,     189,    4024,100.0,26.0,29.0,16.5,23.5,2.0,0.0,0.0,0.0,31.0,10.5,8.8,84.3,73.8,15.7,26.2,100.0,26.0,29.0,16.5,23.5,2.0,0.0,0.0,0.0,31.0,10.5,8.8,84.3,73.8,15.7,26.2,100.0,0.0,0.0,0.0,0.0,0.0,0.0,0.0,0.0,0.0,0.0,0.0,0.0,0.0,0.0,0.0,     16,     18,      5,      7,      6,      0,      0,      0,      6,      4,      7,33,36,     16,     18,      5,      7,      6,      0,      0,      0,      6,      4,      7,     33,     36,      0,      0,      0,      0,      0,      0,      0,      0,      0,      0,      0,      0,      0,46.8,29.0,63.8,43.3,44.9,26.9,56.9,37.5,46.8,29.0,63.8,43.3,44.9,26.9,56.9,37.5,0.0,0.0,0.0,0.0,0.0,0.0,0.0,0.0
2023-12-19,2023-12-22,0,147531,37420,44609,24542,35529,2817,0,0,0,46304,19645,12099,123182,114699,24349,32832,147531,37420,44609,24542,35529,2817,0,0,0,46304,19645,12099,123182,114699,24349,32832,0,0,0,0,0,0,0,0,0,0,0,0,0,0,0,0,    2249,    -405,    2534,     516,    1324,     -77,       0,       0,       0,    1332,    4352,    -624,     742,    7509,    1507,   -5260,100.0,25.4,30.2,16.6,24.1,1.9,0.0,0.0,0.0,31.4,13.3,8.2,83.5,77.7,16.5,22.3,100.0,25.4,30.2,16.6,24.1,1.9,0.0,0.0,0.0,31.4,13.3,8.2,83.5,77.7,16.5,22.3,100.0,0.0,0.0,0.0,0.0,0.0,0.0,0.0,0.0,0.0,0.0,0.0,0.0,0.0,0.0,0.0,     19,     20,      5,      7,      6,      0,      0,      0,      6,      5,      7,36,39,     19,     20,      5,      7,      6,      0,      0,      0,      6,      5,      7,     36,     39,      0,      0,      0,      0,      0,      0,      0,      0,      0,      0,      0,      0,      0,46.9,27.6,64.1,41.5,45.1,27.3,57.6,38.8,46.9,27.6,64.1,41.5,45.1,27.3,57.6,38.8,0.0,0.0,0.0,0.0,0.0,0.0,0.0,0.0
2023-12-19,2023-12-22,0,558534,301168,279194,17369,46925,22236,8397,51212,19946,67547,17047,110054,546717,546614,11817,11920,558534,301168,279194,17369,46925,22236,8397,51212,19946,67547,17047,110054,546717,546614,11817,11920,0,0,0,0,0,0,0,0,0,0,0,0,0,0,0,0,  -41759,  -28043,  -16027,   13211,     -53,   -7172,    4953,    3599,   -9236,  -12004,   -7736,   -3371,  -41662,  -39996,     -97,   -1763,100.0,53.9,50.0,3.1,8.4,4.0,1.5,9.2,3.6,12.1,3.1,19.7,97.9,97.9,2.1,2.1,100.0,53.9,50.0,3.1,8.4,4.0,1.5,9.2,3.6,12.1,3.1,19.7,97.9,97.9,2.1,2.1,100.0,0.0,0.0,0.0,0.0,0.0,0.0,0.0,0.0,0.0,0.0,0.0,0.0,0.0,0.0,0.0,     40,     39,      5,     10,     14,      6,      8,     11,     17,     18,     34,108,100,     40,     39,      5,     10,     14,      6,      8,     11,     17,     18,     34,    108,    100,      0,      0,      0,      0,      0,      0,      0,      0,      0,      0,      0,      0,      0,34.6,34.8,49.6,49.4,26.5,27.2,37.7,36.1,34.6,34.8,49.6,49.4,26.5,27.2,37.7,36.1,0.0,0.0,0.0,0.0,0.0,0.0,0.0,0.0
2023-12-26,2023-12-29,0,557199,296915,279240,18030,46072,20082,8341,50940,21538,70443,18669,109599,544948,546140,12251,11059,557199,296915,279240,18030,46072,20082,8341,50940,21538,70443,18669,109599,544948,546140,12251,11059,0,0,0,0,0,0,0,0,0,0,0,0,0,0,0,0,   -1335,   -4253,      46,     661,    -853,   -2154,     -56,    -272,    1592,    2896,    1622,    -455,   -1769,    -474,     434,    -861,100.0,53.3,50.1,3.2,8.3,3.6,1.5,9.1,3.9,12.6,3.4,19.7,97.8,98.0,2.2,2.0,100.0,53.3,50.1,3.2,8.3,3.6,1.5,9.1,3.9,12.6,3.4,19.7,97.8,98.0,2.2,2.0,100.0,0.0,0.0,0.0,0.0,0.0,0.0,0.0,0.0,0.0,0.0,0.0,0.0,0.0,0.0,0.0,     38,     39,      5,     10,     14,      5,      8,     11,     17,     19,     34,106,100,     38,     39,      5,     10,     14,      5,      8,     11,     17,     19,     34,    106,    100,      0,      0,      0,      0,      0,      0,      0,      0,      0,      0,      0,      0,      0,35.4,34.6,49.7,49.5,26.8,26.7,37.9,35.8,35.4,34.6,49.7,49.5,26.8,26.7,37.9,35.8,0.0,0.0,0.0,0.0,0.0,0.0,0.0,0.0
2023-12-26,2023-12-29,0,148056,37652,45987,27506,35095,2823,0,0,0,48418,19720,11660,128059,115285,19997,32771,148056,37652,45987,27506,35095,2823,0,0,0,48418,19720,11660,128059,115285,19997,32771,0,0,0,0,0,0,0,0,0,0,0,0,0,0,0,0,     525,     232,    1378,    2964,    -434,       6,       0,       0,       0,    2114,      75,    -439,    4877,     586,   -4352,     -61,100.0,25.4,31.1,18.6,23.7,1.9,0.0,0.0,0.0,32.7,13.3,7.9,86.5,77.9,13.5,22.1,100.0,25.4,31.1,18.6,23.7,1.9,0.0,0.0,0.0,32.7,13.3,7.9,86.5,77.9,13.5,22.1,100.0,0.0,0.0,0.0,0.0,0.0,0.0,0.0,0.0,0.0,0.0,0.0,0.0,0.0,0.0,0.0,     19,     20,      6,      7,      7,      0,      0,      0,      6,      5,      7,37,40,     19,     20,      6,      7,      7,      0,      0,      0,      6,      5,      7,     37,     40,      0,      0,      0,      0,      0,      0,      0,      0,      0,      0,      0,      0,      0,47.6,27.4,64.9,41.5,45.9,27.4,58.6,39.1,47.6,27.4,64.9,41.5,45.9,27.4,58.6,39.1,0.0,0.0,0.0,0.0,0.0,0.0,0.0,0.0
2024-01-02,2024-01-05,0,572387,305561,283938,19080,46720,22453,9426,48967,21539,63729,16968,117501,559289,558086,13098,14301,572387,305561,283938,19080,46720,22453,9426,48967,21539,63729,16968,117501,559289,558086,13098,14301,0,0,0,0,0,0,0,0,0,0,0,0,0,0,0,0,   15188,    8646,    4698,    1050,     648,    2371,    1085,   -1973,       1,   -6714,   -1701,    7902,   14341,   11946,     847,    3242,100.0,53.4,49.6,3.3,8.2,3.9,1.6,8.6,3.8,11.1,3.0,20.5,97.7,97.5,2.3,2.5,100.0,53.4,49.6,3.3,8.2,3.9,1.6,8.6,3.8,11.1,3.0,20.5,97.7,97.5,2.3,2.5,100.0,0.0,0.0,0.0,0.0,0.0,0.0,0.0,0.0,0.0,0.0,0.0,0.0,0.0,0.0,0.0,     41,     37,      6,      9,     13,      5,      8,     13,     18,     18,     34,110,     98,     41,     37,      6,      9,     13,      5,      8,     13,     18,     18,     34,    110,     98,      0,      0,      0,      0,      0,      0,      0,      0,      0,      0,      0,      0,      0,34.2,34.7,47.0,48.8,25.1,26.3,35.0,33.8,34.2,34.7,47.0,48.8,25.1,26.3,35.0,33.8,0.0,0.0,0.0,0.0,0.0,0.0,0.0,0.0
2024-01-02,2024-01-05,0,126163,22977,38809,22823,27347,2021,0,0,0,51094,14604,6006,104921,88787,21242,37376,126163,22977,38809,22823,27347,2021,0,0,0,51094,14604,6006,104921,88787,21242,37376,0,0,0,0,0,0,0,0,0,0,0,0,0,0,0,0,  -21893,  -14675,   -7178,   -4683,   -7748,    -802,       0,       0,       0,    2676,   -5116,   -5654,  -23138,  -26498,    1245,    4605,100.0,18.2,30.8,18.1,21.7,1.6,0.0,0.0,0.0,40.5,11.6,4.8,83.2,70.4,16.8,29.6,100.0,18.2,30.8,18.1,21.7,1.6,0.0,0.0,0.0,40.5,11.6,4.8,83.2,70.4,16.8,29.6,100.0,0.0,0.0,0.0,0.0,0.0,0.0,0.0,0.0,0.0,0.0,0.0,0.0,0.0,0.0,0.0,     10,     16,      5,      5,      4,      0,      0,      0,      6,.,      5,24,     30,     10,     16,      5,      5,      4,      0,      0,      0,      6,.,      5,     24,     30,      0,      0,      0,      0,      0,      0,      0,      0,      0,      0,      0,      0,      0,50.6,30.1,67.1,44.3,48.8,30.1,62.0,42.6,50.6,30.1,67.1,44.3,48.8,30.1,62.0,42.6,0.0,0.0,0.0,0.0,0.0,0.0,0.0,0.0
2024-01-09,2024-01-12,0,127095,24454,37833,22823,28379,4060,0,0,0,49143,14604,6810,107290,91686,19805,35409,127095,24454,37833,22823,28379,4060,0,0,0,49143,14604,6810,107290,91686,19805,35409,0,0,0,0,0,0,0,0,0,0,0,0,0,0,0,0,     932,    1477,    -976,       0,    1032,    2039,       0,       0,       0,   -1951,       0,     804,    2369,    2899,   -1437,   -1967,100.0,19.2,29.8,18.0,22.3,3.2,0.0,0.0,0.0,38.7,11.5,5.4,84.4,72.1,15.6,27.9,100.0,19.2,29.8,18.0,22.3,3.2,0.0,0.0,0.0,38.7,11.5,5.4,84.4,72.1,15.6,27.9,100.0,0.0,0.0,0.0,0.0,0.0,0.0,0.0,0.0,0.0,0.0,0.0,0.0,0.0,0.0,0.0,     12,     15,      5,      6,      5,      0,      0,      0,      6,.,      5,27,     30,     12,     15,      5,      6,      5,      0,      0,      0,      6,.,      5,     27,     30,      0,      0,      0,      0,      0,      0,      0,      0,      0,      0,      0,      0,      0,50.1,29.7,67.3,43.5,48.3,29.7,62.7,42.4,50.1,29.7,67.3,43.5,48.3,29.7,62.7,42.4,0.0,0.0,0.0,0.0,0.0,0.0,0.0,0.0
2024-01-09,2024-01-12,0,584069,303816,284640,19766,49066,23095,5206,50335,28522,74400,16242,114636,569441,566536,14628,17533,584069,303816,284640,19766,49066,23095,5206,50335,28522,74400,16242,114636,569441,566536,14628,17533,0,0,0,0,0,0,0,0,0,0,0,0,0,0,0,0,   11682,   -1745,     702,     686,    2346,     642,   -4220,    1368,    6983,   10671,    -726,   -2865,   10152,    8450,    1530,    3232,100.0,52.0,48.7,3.4,8.4,4.0,0.9,8.6,4.9,12.7,2.8,19.6,97.5,97.0,2.5,3.0,100.0,52.0,48.7,3.4,8.4,4.0,0.9,8.6,4.9,12.7,2.8,19.6,97.5,97.0,2.5,3.0,100.0,0.0,0.0,0.0,0.0,0.0,0.0,0.0,0.0,0.0,0.0,0.0,0.0,0.0,0.0,0.0,     40,     36,      5,     10,     13,      4,      8,     12,     17,     17,     32,105,     94,     40,     36,      5,     10,     13,      4,      8,     12,     17,     17,     32,    105,     94,      0,      0,      0,      0,      0,      0,      0,      0,      0,      0,      0,      0,      0,34.7,33.7,48.3,48.4,26.3,25.7,36.1,33.4,34.7,33.7,48.3,48.4,26.3,25.7,36.1,33.4,0.0,0.0,0.0,0.0,0.0,0.0,0.0,0.0
2024-01-16,2024-01-19,0,623387,324876,303389,21696,50291,23515,3010,51760,34694,75905,17112,125699,609395,606460,13992,16927,623387,324876,303389,21696,50291,23515,3010,51760,34694,75905,17112,125699,609395,606460,13992,16927,0,0,0,0,0,0,0,0,0,0,0,0,0,0,0,0,   39318,   21060,   18749,    1930,    1225,     420,   -2196,    1425,    6172,    1505,     870,   11063,   39954,   39924,    -636,    -606,100.0,52.1,48.7,3.5,8.1,3.8,0.5,8.3,5.6,12.2,2.7,20.2,97.8,97.3,2.2,2.7,100.0,52.1,48.7,3.5,8.1,3.8,0.5,8.3,5.6,12.2,2.7,20.2,97.8,97.3,2.2,2.7,100.0,0.0,0.0,0.0,0.0,0.0,0.0,0.0,0.0,0.0,0.0,0.0,0.0,0.0,0.0,0.0,     43,     40,      5,     10,     15,.,     10,     13,     16,     20,     33,111,    101,     43,     40,      5,     10,     15,.,     10,     13,     16,     20,     33,    111,    101,      0,      0,      0,      0,      0,      0,      0,      0,      0,      0,      0,      0,      0,34.1,32.4,48.8,47.3,26.3,23.8,35.8,30.9,34.1,32.4,48.8,47.3,26.3,23.8,35.8,30.9,0.0,0.0,0.0,0.0,0.0,0.0,0.0,0.0
2024-01-16,2024-01-19,0,130893,28297,39005,22769,29976,4050,0,0,0,48038,14832,7562,110716,95425,20177,35468,130893,28297,39005,22769,29976,4050,0,0,0,48038,14832,7562,110716,95425,20177,35468,0,0,0,0,0,0,0,0,0,0,0,0,0,0,0,0,    3798,    3843,    1172,     -54,    1597,     -10,       0,       0,       0,   -1105,     228,     752,    3426,    3739,     372,      59,100.0,21.6,29.8,17.4,22.9,3.1,0.0,0.0,0.0,36.7,11.3,5.8,84.6,72.9,15.4,27.1,100.0,21.6,29.8,17.4,22.9,3.1,0.0,0.0,0.0,36.7,11.3,5.8,84.6,72.9,15.4,27.1,100.0,0.0,0.0,0.0,0.0,0.0,0.0,0.0,0.0,0.0,0.0,0.0,0.0,0.0,0.0,0.0,     15,     17,      5,      6,      5,      0,      0,      0,      6,.,      5,30,     32,     15,     17,      5,      6,      5,      0,      0,      0,      6,.,      5,     30,     32,      0,      0,      0,      0,      0,      0,      0,      0,      0,      0,      0,      0,      0,48.3,30.3,65.9,43.6,46.6,30.2,61.6,42.5,48.3,30.3,65.9,43.6,46.6,30.2,61.6,42.5,0.0,0.0,0.0,0.0,0.0,0.0,0.0,0.0
2024-01-23,2024-01-26,0,133918,29603,39134,22769,31007,4059,0,0,0,48232,15198,8150,112813,97548,21105,36370,133918,29603,39134,22769,31007,4059,0,0,0,48232,15198,8150,112813,97548,21105,36370,0,0,0,0,0,0,0,0,0,0,0,0,0,0,0,0,    3025,    1306,     129,       0,    1031,       9,       0,       0,       0,     194,     366,     588,    2097,    2123,     928,     902,100.0,22.1,29.2,17.0,23.2,3.0,0.0,0.0,0.0,36.0,11.3,6.1,84.2,72.8,15.8,27.2,100.0,22.1,29.2,17.0,23.2,3.0,0.0,0.0,0.0,36.0,11.3,6.1,84.2,72.8,15.8,27.2,100.0,0.0,0.0,0.0,0.0,0.0,0.0,0.0,0.0,0.0,0.0,0.0,0.0,0.0,0.0,0.0,     15,     17,      5,      6,      5,      0,      0,      0,      6,.,      6,30,     33,     15,     17,      5,      6,      5,      0,      0,      0,      6,.,      6,     30,     33,      0,      0,      0,      0,      0,      0,      0,      0,      0,      0,      0,      0,      0,47.6,30.2,65.0,43.5,46.7,30.1,61.5,42.2,47.6,30.2,65.0,43.5,46.7,30.1,61.5,42.2,0.0,0.0,0.0,0.0,0.0,0.0,0.0,0.0
2024-01-23,2024-01-26,0,597807,292847,309146,21524,41853,26895,10907,47489,24571,85890,12042,121577,584211,583573,13596,14234,597807,292847,309146,21524,41853,26895,10907,47489,24571,85890,12042,121577,584211,583573,13596,14234,0,0,0,0,0,0,0,0,0,0,0,0,0,0,0,0,  -25580,  -32029,    5757,    -172,   -8438,    3380,    7897,   -4271,  -10123,    9985,   -5070,   -4122,  -25184,  -22887,    -396,   -2693,100.0,49.0,51.7,3.6,7.0,4.5,1.8,7.9,4.1,14.4,2.0,20.3,97.7,97.6,2.3,2.4,100.0,49.0,51.7,3.6,7.0,4.5,1.8,7.9,4.1,14.4,2.0,20.3,97.7,97.6,2.3,2.4,100.0,0.0,0.0,0.0,0.0,0.0,0.0,0.0,0.0,0.0,0.0,0.0,0.0,0.0,0.0,0.0,     43,     44,      5,     10,     13,      6,     12,     11,     18,     20,     32,110,    107,     43,     44,      5,     10,     13,      6,     12,     11,     18,     20,     32,    110,    107,      0,      0,      0,      0,      0,      0,      0,      0,      0,      0,      0,      0,      0,35.9,31.1,48.2,46.2,25.8,23.0,35.8,31.6,35.9,31.1,48.2,46.2,25.8,23.0,35.8,31.6,0.0,0.0,0.0,0.0,0.0,0.0,0.0,0.0
2024-01-30,2024-02-02,0,140646,30529,42159,25184,31386,4189,0,0,0,50363,16544,8611,118876,102889,21770,37757,140646,30529,42159,25184,31386,4189,0,0,0,50363,16544,8611,118876,102889,21770,37757,0,0,0,0,0,0,0,0,0,0,0,0,0,0,0,0,    6728,     926,    3025,    2415,     379,     130,       0,       0,       0,    2131,    1346,     461,    6063,    5341,     665,    1387,100.0,21.7,30.0,17.9,22.3,3.0,0.0,0.0,0.0,35.8,11.8,6.1,84.5,73.2,15.5,26.8,100.0,21.7,30.0,17.9,22.3,3.0,0.0,0.0,0.0,35.8,11.8,6.1,84.5,73.2,15.5,26.8,100.0,0.0,0.0,0.0,0.0,0.0,0.0,0.0,0.0,0.0,0.0,0.0,0.0,0.0,0.0,0.0,     16,     19,      5,      6,      5,      0,      0,      0,      6,.,      6,31,     35,     16,     19,      5,      6,      5,      0,      0,      0,      6,.,      6,     31,     35,      0,      0,      0,      0,      0,      0,      0,      0,      0,      0,      0,      0,      0,47.1,30.2,64.8,43.1,46.1,30.2,61.7,41.8,47.1,30.2,64.8,43.1,46.1,30.2,61.7,41.8,0.0,0.0,0.0,0.0,0.0,0.0,0.0,0.0
2024-01-30,2024-02-02,0,603073,293103,319206,20185,40442,28123,8893,43416,26723,86291,8353,125934,589252,592197,13821,10876,603073,293103,319206,20185,40442,28123,8893,43416,26723,86291,8353,125934,589252,592197,13821,10876,0,0,0,0,0,0,0,0,0,0,0,0,0,0,0,0,    5266,     256,   10060,   -1339,   -1411,    1228,   -2014,   -4073,    2152,     401,   -3689,    4357,    5041,    8624,     225,   -3358,100.0,48.6,52.9,3.3,6.7,4.7,1.5,7.2,4.4,14.3,1.4,20.9,97.7,98.2,2.3,1.8,100.0,48.6,52.9,3.3,6.7,4.7,1.5,7.2,4.4,14.3,1.4,20.9,97.7,98.2,2.3,1.8,100.0,0.0,0.0,0.0,0.0,0.0,0.0,0.0,0.0,0.0,0.0,0.0,0.0,0.0,0.0,0.0,     43,     45,      6,     10,     13,      6,     12,     11,     19,     18,     33,110,    109,     43,     45,      6,     10,     13,      6,     12,     11,     19,     18,     33,    110,    109,      0,      0,      0,      0,      0,      0,      0,      0,      0,      0,      0,      0,      0,35.9,30.6,47.2,46.4,25.4,22.0,34.1,31.3,35.9,30.6,47.2,46.4,25.4,22.0,34.1,31.3,0.0,0.0,0.0,0.0,0.0,0.0,0.0,0.0
2024-02-06,2024-02-09,0,135521,24043,40423,24176,29361,4478,0,0,0,52681,15841,8912,114290,99015,21231,36506,135521,24043,40423,24176,29361,4478,0,0,0,52681,15841,8912,114290,99015,21231,36506,0,0,0,0,0,0,0,0,0,0,0,0,0,0,0,0,   -5125,   -6486,   -1736,   -1008,   -2025,     289,       0,       0,       0,    2318,    -703,     301,   -4586,   -3874,    -539,   -1251,100.0,17.7,29.8,17.8,21.7,3.3,0.0,0.0,0.0,38.9,11.7,6.6,84.3,73.1,15.7,26.9,100.0,17.7,29.8,17.8,21.7,3.3,0.0,0.0,0.0,38.9,11.7,6.6,84.3,73.1,15.7,26.9,100.0,0.0,0.0,0.0,0.0,0.0,0.0,0.0,0.0,0.0,0.0,0.0,0.0,0.0,0.0,0.0,     12,     18,      5,      6,      5,      0,      0,      0,      6,      4,      7,28,     35,     12,     18,      5,      6,      5,      0,      0,      0,      6,      4,      7,     28,     35,      0,      0,      0,      0,      0,      0,      0,      0,      0,      0,      0,      0,      0,46.5,29.5,63.1,43.1,44.7,29.5,58.9,42.0,46.5,29.5,63.1,43.1,44.7,29.5,58.9,42.0,0.0,0.0,0.0,0.0,0.0,0.0,0.0,0.0
2024-02-06,2024-02-09,0,619955,310277,322727,20962,40092,26006,8346,49065,27363,78853,8123,133782,605589,607158,14366,12797,619955,310277,322727,20962,40092,26006,8346,49065,27363,78853,8123,133782,605589,607158,14366,12797,0,0,0,0,0,0,0,0,0,0,0,0,0,0,0,0,   16882,   17174,    3521,     777,    -350,   -2117,    -547,    5649,     640,   -7438,    -230,    7848,   16337,   14961,     545,    1921,100.0,50.0,52.1,3.4,6.5,4.2,1.3,7.9,4.4,12.7,1.3,21.6,97.7,97.9,2.3,2.1,100.0,50.0,52.1,3.4,6.5,4.2,1.3,7.9,4.4,12.7,1.3,21.6,97.7,97.9,2.3,2.1,100.0,0.0,0.0,0.0,0.0,0.0,0.0,0.0,0.0,0.0,0.0,0.0,0.0,0.0,0.0,0.0,     47,     48,      6,     11,     14,      6,     13,     12,     23,     16,     35,117,    116,     47,     48,      6,     11,     14,      6,     13,     12,     23,     16,     35,    117,    116,      0,      0,      0,      0,      0,      0,      0,      0,      0,      0,      0,      0,      0,34.9,30.5,45.8,45.5,23.8,20.9,32.5,30.1,34.9,30.5,45.8,45.5,23.8,20.9,32.5,30.1,0.0,0.0,0.0,0.0,0.0,0.0,0.0,0.0
2024-02-13,2024-02-16,0,613065,303373,322615,19309,38478,28620,9223,46159,28575,82899,7460,127635,599634,599542,13431,13523,613065,303373,322615,19309,38478,28620,9223,46159,28575,82899,7460,127635,599634,599542,13431,13523,0,0,0,0,0,0,0,0,0,0,0,0,0,0,0,0,   -6890,   -6904,    -112,   -1653,   -1614,    2614,     877,   -2906,    1212,    4046,    -663,   -6147,   -5955,   -7616,    -935,     726,100.0,49.5,52.6,3.1,6.3,4.7,1.5,7.5,4.7,13.5,1.2,20.8,97.8,97.8,2.2,2.2,100.0,49.5,52.6,3.1,6.3,4.7,1.5,7.5,4.7,13.5,1.2,20.8,97.8,97.8,2.2,2.2,100.0,0.0,0.0,0.0,0.0,0.0,0.0,0.0,0.0,0.0,0.0,0.0,0.0,0.0,0.0,0.0,     43,     45,      6,     11,     14,      6,     13,     12,     25,     15,     35,114,    113,     43,     45,      6,     11,     14,      6,     13,     12,     25,     15,     35,    114,    113,      0,      0,      0,      0,      0,      0,      0,      0,      0,      0,      0,      0,      0,35.3,30.5,46.7,45.6,23.8,21.4,33.0,30.6,35.3,30.5,46.7,45.6,23.8,21.4,33.0,30.6,0.0,0.0,0.0,0.0,0.0,0.0,0.0,0.0
2024-02-13,2024-02-16,0,142610,27695,44079,24493,29729,5004,0,0,0,52303,16204,11154,120649,106170,21961,36440,142610,27695,44079,24493,29729,5004,0,0,0,52303,16204,11154,120649,106170,21961,36440,0,0,0,0,0,0,0,0,0,0,0,0,0,0,0,0,    7089,    3652,    3656,     317,     368,     526,       0,       0,       0,    -378,     363,    2242,    6359,    7155,     730,     -66,100.0,19.4,30.9,17.2,20.8,3.5,0.0,0.0,0.0,36.7,11.4,7.8,84.6,74.4,15.4,25.6,100.0,19.4,30.9,17.2,20.8,3.5,0.0,0.0,0.0,36.7,11.4,7.8,84.6,74.4,15.4,25.6,100.0,0.0,0.0,0.0,0.0,0.0,0.0,0.0,0.0,0.0,0.0,0.0,0.0,0.0,0.0,0.0,     13,     20,      5,      6,      5,      0,      0,      0,      6,      4,      7,29,     37,     13,     20,      5,      6,      5,      0,      0,      0,      6,      4,      7,     29,     37,      0,      0,      0,      0,      0,      0,      0,      0,      0,      0,      0,      0,      0,44.7,28.8,62.2,43.1,42.7,28.8,57.5,40.7,44.7,28.8,62.2,43.1,42.7,28.8,57.5,40.7,0.0,0.0,0.0,0.0,0.0,0.0,0.0,0.0
2024-02-20,2024-02-23,0,145874,27631,44573,24788,30420,5124,0,0,0,53117,16406,12017,122677,108540,23197,37334,145874,27631,44573,24788,30420,5124,0,0,0,53117,16406,12017,122677,108540,23197,37334,0,0,0,0,0,0,0,0,0,0,0,0,0,0,0,0,    3264,     -64,     494,     295,     691,     120,       0,       0,       0,     814,     202,     863,    2028,    2370,    1236,     894,100.0,18.9,30.6,17.0,20.9,3.5,0.0,0.0,0.0,36.4,11.2,8.2,84.1,74.4,15.9,25.6,100.0,18.9,30.6,17.0,20.9,3.5,0.0,0.0,0.0,36.4,11.2,8.2,84.1,74.4,15.9,25.6,100.0,0.0,0.0,0.0,0.0,0.0,0.0,0.0,0.0,0.0,0.0,0.0,0.0,0.0,0.0,0.0,     14,     20,      5,      6,      5,      0,      0,      0,      6,      4,      7,30,     37,     14,     20,      5,      6,      5,      0,      0,      0,      6,      4,      7,     30,     37,      0,      0,      0,      0,      0,      0,      0,      0,      0,      0,      0,      0,      0,44.2,28.8,61.9,43.2,42.4,28.8,56.9,40.4,44.2,28.8,61.9,43.2,42.4,28.8,56.9,40.4,0.0,0.0,0.0,0.0,0.0,0.0,0.0,0.0
2024-02-20,2024-02-23,0,545588,263015,294406,20510,34145,25262,12873,39060,25085,79609,7564,107676,534030,533198,11558,12390,545588,263015,294406,20510,34145,25262,12873,39060,25085,79609,7564,107676,534030,533198,11558,12390,0,0,0,0,0,0,0,0,0,0,0,0,0,0,0,0,  -67477,  -40358,  -28209,    1201,   -4333,   -3358,    3650,   -7099,   -3490,   -3290,     104,  -19959,  -65604,  -66344,   -1873,   -1133,100.0,48.2,54.0,3.8,6.3,4.6,2.4,7.2,4.6,14.6,1.4,19.7,97.9,97.7,2.1,2.3,100.0,48.2,54.0,3.8,6.3,4.6,2.4,7.2,4.6,14.6,1.4,19.7,97.9,97.7,2.1,2.3,100.0,0.0,0.0,0.0,0.0,0.0,0.0,0.0,0.0,0.0,0.0,0.0,0.0,0.0,0.0,0.0,     47,     47,      8,      7,     13,      6,     13,     13,     25,     15,     35,118,    114,     47,     47,      8,      7,     13,      6,     13,     13,     25,     15,     35,    118,    114,      0,      0,      0,      0,      0,      0,      0,      0,      0,      0,      0,      0,      0,37.1,31.1,48.0,46.8,26.9,23.1,35.3,34.3,37.1,31.1,48.0,46.8,26.9,23.1,35.3,34.3,0.0,0.0,0.0,0.0,0.0,0.0,0.0,0.0
2024-02-27,2024-03-01,0,151319,31087,44874,24865,33426,5289,0,0,0,54281,16786,12118,127640,112493,23679,38826,151319,31087,44874,24865,33426,5289,0,0,0,54281,16786,12118,127640,112493,23679,38826,0,0,0,0,0,0,0,0,0,0,0,0,0,0,0,0,    5445,    3456,     301,      77,    3006,     165,       0,       0,       0,    1164,     380,     101,    4963,    3953,     482,    1492,100.0,20.5,29.7,16.4,22.1,3.5,0.0,0.0,0.0,35.9,11.1,8.0,84.4,74.3,15.6,25.7,100.0,20.5,29.7,16.4,22.1,3.5,0.0,0.0,0.0,35.9,11.1,8.0,84.4,74.3,15.6,25.7,100.0,0.0,0.0,0.0,0.0,0.0,0.0,0.0,0.0,0.0,0.0,0.0,0.0,0.0,0.0,0.0,     15,     19,      5,      6,      5,      0,      0,      0,      6,      4,      6,30,     36,     15,     19,      5,      6,      5,      0,      0,      0,      6,      4,      6,     30,     36,      0,      0,      0,      0,      0,      0,      0,      0,      0,      0,      0,      0,      0,44.6,29.6,62.4,43.5,42.9,29.6,57.5,40.9,44.6,29.6,62.4,43.5,42.9,29.6,57.5,40.9,0.0,0.0,0.0,0.0,0.0,0.0,0.0,0.0
2024-02-27,2024-03-01,0,553479,266045,303098,20422,32293,24510,14414,45945,24639,88936,7652,103084,542050,541221,11429,12258,553479,266045,303098,20422,32293,24510,14414,45945,24639,88936,7652,103084,542050,541221,11429,12258,0,0,0,0,0,0,0,0,0,0,0,0,0,0,0,0,    7891,    3030,    8692,     -88,   -1852,    -752,    1541,    6885,    -446,    9327,      88,   -4592,    8020,    8023,    -129,    -132,100.0,48.1,54.8,3.7,5.8,4.4,2.6,8.3,4.5,16.1,1.4,18.6,97.9,97.8,2.1,2.2,100.0,48.1,54.8,3.7,5.8,4.4,2.6,8.3,4.5,16.1,1.4,18.6,97.9,97.8,2.1,2.2,100.0,0.0,0.0,0.0,0.0,0.0,0.0,0.0,0.0,0.0,0.0,0.0,0.0,0.0,0.0,0.0,     45,     45,      8,      7,     13,      6,     12,     13,     23,     16,     38,119,    114,     45,     45,      8,      7,     13,      6,     12,     13,     23,     16,     38,    119,    114,      0,      0,      0,      0,      0,      0,      0,      0,      0,      0,      0,      0,      0,35.8,28.7,45.9,45.5,26.8,21.7,33.3,32.1,35.8,28.7,45.9,45.5,26.8,21.7,33.3,32.1,0.0,0.0,0.0,0.0,0.0,0.0,0.0,0.0
2024-03-05,2024-03-08,0,136071,18237,41192,26477,30373,3562,0,0,0,59103,21289,6326,113705,102742,22366,33329,136071,18237,41192,26477,30373,3562,0,0,0,59103,21289,6326,113705,102742,22366,33329,0,0,0,0,0,0,0,0,0,0,0,0,0,0,0,0,  -15248,  -12850,   -3682,    1612,   -3053,   -1727,       0,       0,       0,    4822,    4503,   -5792,  -13935,   -9751,   -1313,   -5497,100.0,13.4,30.3,19.5,22.3,2.6,0.0,0.0,0.0,43.4,15.6,4.6,83.6,75.5,16.4,24.5,100.0,13.4,30.3,19.5,22.3,2.6,0.0,0.0,0.0,43.4,15.6,4.6,83.6,75.5,16.4,24.5,100.0,0.0,0.0,0.0,0.0,0.0,0.0,0.0,0.0,0.0,0.0,0.0,0.0,0.0,0.0,0.0,     14,     18,      5,      6,      5,      0,      0,      0,      6,      5,      7,30,     36,     14,     18,      5,      6,      5,      0,      0,      0,      6,      5,      7,     30,     36,      0,      0,      0,      0,      0,      0,      0,      0,      0,      0,      0,      0,      0,47.2,31.2,64.4,46.3,46.4,31.2,60.8,45.5,47.2,31.2,64.4,46.3,46.4,31.2,60.8,45.5,0.0,0.0,0.0,0.0,0.0,0.0,0.0,0.0
2024-03-05,2024-03-08,0,572853,261179,307095,22097,31852,30039,15241,41641,26734,87776,7001,116404,559470,560766,13383,12087,572853,261179,307095,22097,31852,30039,15241,41641,26734,87776,7001,116404,559470,560766,13383,12087,0,0,0,0,0,0,0,0,0,0,0,0,0,0,0,0,   19374,   -4866,    3997,    1675,    -441,    5529,     827,   -4304,    2095,   -1160,    -651,   13320,   17420,   19545,    1954,    -171,100.0,45.6,53.6,3.9,5.6,5.2,2.7,7.3,4.7,15.3,1.2,20.3,97.7,97.9,2.3,2.1,100.0,45.6,53.6,3.9,5.6,5.2,2.7,7.3,4.7,15.3,1.2,20.3,97.7,97.9,2.3,2.1,100.0,0.0,0.0,0.0,0.0,0.0,0.0,0.0,0.0,0.0,0.0,0.0,0.0,0.0,0.0,0.0,     47,     45,      8,      8,     14,      7,     11,     14,     29,     15,     40,123,    120,     47,     45,      8,      8,     14,      7,     11,     14,     29,     15,     40,    123,    120,      0,      0,      0,      0,      0,      0,      0,      0,      0,      0,      0,      0,      0,35.7,28.9,45.5,44.7,25.9,20.3,32.4,30.5,35.7,28.9,45.5,44.7,25.9,20.3,32.4,30.5,0.0,0.0,0.0,0.0,0.0,0.0,0.0,0.0
2024-03-12,2024-03-15,0,150126,29022,47204,28386,31454,3943,0,0,0,56016,22493,11353,128720,116447,21406,33679,150126,29022,47204,28386,31454,3943,0,0,0,56016,22493,11353,128720,116447,21406,33679,0,0,0,0,0,0,0,0,0,0,0,0,0,0,0,0,   14055,   10785,    6012,    1909,    1081,     381,       0,       0,       0,   -3087,    1204,    5027,   15015,   13705,    -960,     350,100.0,19.3,31.4,18.9,21.0,2.6,0.0,0.0,0.0,37.3,15.0,7.6,85.7,77.6,14.3,22.4,100.0,19.3,31.4,18.9,21.0,2.6,0.0,0.0,0.0,37.3,15.0,7.6,85.7,77.6,14.3,22.4,100.0,0.0,0.0,0.0,0.0,0.0,0.0,0.0,0.0,0.0,0.0,0.0,0.0,0.0,0.0,0.0,     18,     20,      6,      6,      7,      0,      0,      0,      6,      5,      7,36,     39,     18,     20,      6,      6,      7,      0,      0,      0,      6,      5,      7,     36,     39,      0,      0,      0,      0,      0,      0,      0,      0,      0,      0,      0,      0,      0,45.6,30.2,63.1,44.1,43.9,28.5,56.7,41.5,45.6,30.2,63.1,44.1,43.9,28.5,56.7,41.5,0.0,0.0,0.0,0.0,0.0,0.0,0.0,0.0
2024-03-12,2024-03-15,0,586254,281554,319680,21385,32337,37954,12339,37872,29136,84314,10076,102755,569437,569810,16817,16444,586254,281554,319680,21385,32337,37954,12339,37872,29136,84314,10076,102755,569437,569810,16817,16444,0,0,0,0,0,0,0,0,0,0,0,0,0,0,0,0,   13401,   20375,   12585,    -712,     485,    7915,   -2902,   -3769,    2402,   -3462,    3075,  -13649,    9967,    9044,    3434,    4357,100.0,48.0,54.5,3.6,5.5,6.5,2.1,6.5,5.0,14.4,1.7,17.5,97.1,97.2,2.9,2.8,100.0,48.0,54.5,3.6,5.5,6.5,2.1,6.5,5.0,14.4,1.7,17.5,97.1,97.2,2.9,2.8,100.0,0.0,0.0,0.0,0.0,0.0,0.0,0.0,0.0,0.0,0.0,0.0,0.0,0.0,0.0,0.0,     46,     44,      8,      8,     14,      6,     12,     13,     25,     15,     36,119,    113,     46,     44,      8,      8,     14,      6,     12,     13,     25,     15,     36,    119,    113,      0,      0,      0,      0,      0,      0,      0,      0,      0,      0,      0,      0,      0,32.9,26.8,42.8,41.5,23.7,19.9,30.2,29.9,32.9,26.8,42.8,41.5,23.7,19.9,30.2,29.9,0.0,0.0,0.0,0.0,0.0,0.0,0.0,0.0
2024-03-19,2024-03-22,0,160575,31576,49613,30980,33106,3995,0,0,0,57677,23756,13334,137562,123804,23013,36771,160575,31576,49613,30980,33106,3995,0,0,0,57677,23756,13334,137562,123804,23013,36771,0,0,0,0,0,0,0,0,0,0,0,0,0,0,0,0,   10449,    2554,    2409,    2594,    1652,      52,       0,       0,       0,    1661,    1263,    1981,    8842,    7357,    1607,    3092,100.0,19.7,30.9,19.3,20.6,2.5,0.0,0.0,0.0,35.9,14.8,8.3,85.7,77.1,14.3,22.9,100.0,19.7,30.9,19.3,20.6,2.5,0.0,0.0,0.0,35.9,14.8,8.3,85.7,77.1,14.3,22.9,100.0,0.0,0.0,0.0,0.0,0.0,0.0,0.0,0.0,0.0,0.0,0.0,0.0,0.0,0.0,0.0,     21,     20,      6,      6,      7,      0,      0,      0,      6,      5,      7,39,     39,     21,     20,      6,      6,      7,      0,      0,      0,      6,      5,      7,     39,     39,      0,      0,      0,      0,      0,      0,      0,      0,      0,      0,      0,      0,      0,44.9,29.8,61.7,44.6,42.5,27.8,55.0,40.4,44.9,29.8,61.7,44.6,42.5,27.8,55.0,40.4,0.0,0.0,0.0,0.0,0.0,0.0,0.0,0.0
2024-03-19,2024-03-22,0,578096,274996,325297,21209,29436,37622,13555,32464,26209,88645,10430,100552,562788,562010,15308,16086,578096,274996,325297,21209,29436,37622,13555,32464,26209,88645,10430,100552,562788,562010,15308,16086,0,0,0,0,0,0,0,0,0,0,0,0,0,0,0,0,   -8158,   -6558,    5617,    -176,   -2901,    -332,    1216,   -5408,   -2927,    4331,     354,   -2203,   -6649,   -7800,   -1509,    -358,100.0,47.6,56.3,3.7,5.1,6.5,2.3,5.6,4.5,15.3,1.8,17.4,97.4,97.2,2.6,2.8,100.0,47.6,56.3,3.7,5.1,6.5,2.3,5.6,4.5,15.3,1.8,17.4,97.4,97.2,2.6,2.8,100.0,0.0,0.0,0.0,0.0,0.0,0.0,0.0,0.0,0.0,0.0,0.0,0.0,0.0,0.0,0.0,     48,     45,      7,      8,     14,      5,     12,     11,     24,     18,     36,117,    115,     48,     45,      7,      8,     14,      5,     12,     11,     24,     18,     36,    117,    115,      0,      0,      0,      0,      0,      0,      0,      0,      0,      0,      0,      0,      0,31.8,26.6,42.0,40.9,22.1,19.4,28.7,28.7,31.8,26.6,42.0,40.9,22.1,19.4,28.7,28.7,0.0,0.0,0.0,0.0,0.0,0.0,0.0,0.0
2024-03-26,2024-03-29,0,164232,33423,49929,31163,35415,4199,0,0,0,59189,24445,13366,141340,127354,22892,36878,164232,33423,49929,31163,35415,4199,0,0,0,59189,24445,13366,141340,127354,22892,36878,0,0,0,0,0,0,0,0,0,0,0,0,0,0,0,0,    3657,    1847,     316,     183,    2309,     204,       0,       0,       0,    1512,     689,      32,    3778,    3550,    -121,     107,100.0,20.4,30.4,19.0,21.6,2.6,0.0,0.0,0.0,36.0,14.9,8.1,86.1,77.5,13.9,22.5,100.0,20.4,30.4,19.0,21.6,2.6,0.0,0.0,0.0,36.0,14.9,8.1,86.1,77.5,13.9,22.5,100.0,0.0,0.0,0.0,0.0,0.0,0.0,0.0,0.0,0.0,0.0,0.0,0.0,0.0,0.0,0.0,     22,     20,      6,      6,      7,      0,      0,      0,      6,      6,      9,41,     41,     22,     20,      6,      6,      7,      0,      0,      0,      6,      6,      9,     41,     41,      0,      0,      0,      0,      0,      0,      0,      0,      0,      0,      0,      0,      0,44.7,30.8,61.9,45.5,42.1,28.9,55.3,41.3,44.7,30.8,61.9,45.5,42.1,28.9,55.3,41.3,0.0,0.0,0.0,0.0,0.0,0.0,0.0,0.0
2024-03-26,2024-03-29,0,569734,282393,319032,19134,25938,35419,10420,31441,27514,79809,14332,98561,553250,552237,16484,17497,569734,282393,319032,19134,25938,35419,10420,31441,27514,79809,14332,98561,553250,552237,16484,17497,0,0,0,0,0,0,0,0,0,0,0,0,0,0,0,0,   -8362,    7397,   -6265,   -2075,   -3498,   -2203,   -3135,   -1023,    1305,   -8836,    3902,   -1991,   -9538,   -9773,    1176,    1411,100.0,49.6,56.0,3.4,4.6,6.2,1.8,5.5,4.8,14.0,2.5,17.3,97.1,96.9,2.9,3.1,100.0,49.6,56.0,3.4,4.6,6.2,1.8,5.5,4.8,14.0,2.5,17.3,97.1,96.9,2.9,3.1,100.0,0.0,0.0,0.0,0.0,0.0,0.0,0.0,0.0,0.0,0.0,0.0,0.0,0.0,0.0,0.0,     48,     46,      7,      8,     14,      6,     13,     13,     22,     15,     31,115,    111,     48,     46,      7,      8,     14,      6,     13,     13,     22,     15,     31,    115,    111,      0,      0,      0,      0,      0,      0,      0,      0,      0,      0,      0,      0,      0,32.3,26.6,42.8,40.9,22.5,18.6,28.5,27.1,32.3,26.6,42.8,40.9,22.5,18.6,28.5,27.1,0.0,0.0,0.0,0.0,0.0,0.0,0.0,0.0
2024-04-02,2024-04-05,0,145033,25319,47287,30287,31759,4040,0,0,0,58035,22923,4579,122260,110588,22773,34445,145033,25319,47287,30287,31759,4040,0,0,0,58035,22923,4579,122260,110588,22773,34445,0,0,0,0,0,0,0,0,0,0,0,0,0,0,0,0,  -19199,   -8104,   -2642,    -876,   -3656,    -159,       0,       0,       0,   -1154,   -1522,   -8787,  -19080,  -16766,    -119,   -2433,100.0,17.5,32.6,20.9,21.9,2.8,0.0,0.0,0.0,40.0,15.8,3.2,84.3,76.3,15.7,23.7,100.0,17.5,32.6,20.9,21.9,2.8,0.0,0.0,0.0,40.0,15.8,3.2,84.3,76.3,15.7,23.7,100.0,0.0,0.0,0.0,0.0,0.0,0.0,0.0,0.0,0.0,0.0,0.0,0.0,0.0,0.0,0.0,     15,     18,      6,      6,      7,      0,      0,      0,      5,      5,      6,32,     36,     15,     18,      6,      6,      7,      0,      0,      0,      5,      5,      6,     32,     36,      0,      0,      0,      0,      0,      0,      0,      0,      0,      0,      0,      0,      0,47.7,33.0,65.5,48.4,46.0,33.0,62.0,47.8,47.7,33.0,65.5,48.4,46.0,33.0,62.0,47.8,0.0,0.0,0.0,0.0,0.0,0.0,0.0,0.0
2024-04-02,2024-04-05,0,568166,296844,314529,17849,27895,31903,9540,32740,26909,75469,25243,95231,553745,554450,14421,13716,568166,296844,314529,17849,27895,31903,9540,32740,26909,75469,25243,95231,553745,554450,14421,13716,0,0,0,0,0,0,0,0,0,0,0,0,0,0,0,0,   -1568,   14451,   -4503,   -1285,    1957,   -3516,    -880,    1299,    -605,   -4340,   10911,   -3330,     495,    2213,   -2063,   -3781,100.0,52.2,55.4,3.1,4.9,5.6,1.7,5.8,4.7,13.3,4.4,16.8,97.5,97.6,2.5,2.4,100.0,52.2,55.4,3.1,4.9,5.6,1.7,5.8,4.7,13.3,4.4,16.8,97.5,97.6,2.5,2.4,100.0,0.0,0.0,0.0,0.0,0.0,0.0,0.0,0.0,0.0,0.0,0.0,0.0,0.0,0.0,0.0,     52,     48,      7,      8,     14,      7,     12,     14,     24,     17,     34,123,    117,     52,     48,      7,      8,     14,      7,     12,     14,     24,     17,     34,    123,    117,      0,      0,      0,      0,      0,      0,      0,      0,      0,      0,      0,      0,      0,31.1,25.6,41.4,39.7,22.4,18.6,28.8,26.9,31.1,25.6,41.4,39.7,22.4,18.6,28.8,26.9,0.0,0.0,0.0,0.0,0.0,0.0,0.0,0.0
2024-04-09,2024-04-12,0,571895,286400,306271,13647,29337,43327,10777,31559,26972,77475,20866,99251,557849,557583,14046,14312,571895,286400,306271,13647,29337,43327,10777,31559,26972,77475,20866,99251,557849,557583,14046,14312,0,0,0,0,0,0,0,0,0,0,0,0,0,0,0,0,    3729,  -10444,   -8258,   -4202,    1442,   11424,    1237,   -1181,      63,    2006,   -4377,    4020,    4104,    3133,    -375,     596,100.0,50.1,53.6,2.4,5.1,7.6,1.9,5.5,4.7,13.5,3.6,17.4,97.5,97.5,2.5,2.5,100.0,50.1,53.6,2.4,5.1,7.6,1.9,5.5,4.7,13.5,3.6,17.4,97.5,97.5,2.5,2.5,100.0,0.0,0.0,0.0,0.0,0.0,0.0,0.0,0.0,0.0,0.0,0.0,0.0,0.0,0.0,0.0,     52,     49,      7,      8,     14,      6,     12,     14,     24,     18,     39,127,    121,     52,     49,      7,      8,     14,      6,     12,     14,     24,     18,     39,    127,    121,      0,      0,      0,      0,      0,      0,      0,      0,      0,      0,      0,      0,      0,31.8,25.4,42.6,38.9,23.7,19.8,30.6,26.7,31.8,25.4,42.6,38.9,23.7,19.8,30.6,26.7,0.0,0.0,0.0,0.0,0.0,0.0,0.0,0.0
2024-04-09,2024-04-12,0,160242,34572,52415,34002,41859,4338,0,0,0,61866,27403,4804,139582,130819,20660,29423,160242,34572,52415,34002,41859,4338,0,0,0,61866,27403,4804,139582,130819,20660,29423,0,0,0,0,0,0,0,0,0,0,0,0,0,0,0,0,   15209,    9253,    5128,    3715,   10100,     298,       0,       0,       0,    3831,    4480,     225,   17322,   20231,   -2113,   -5022,100.0,21.6,32.7,21.2,26.1,2.7,0.0,0.0,0.0,38.6,17.1,3.0,87.1,81.6,12.9,18.4,100.0,21.6,32.7,21.2,26.1,2.7,0.0,0.0,0.0,38.6,17.1,3.0,87.1,81.6,12.9,18.4,100.0,0.0,0.0,0.0,0.0,0.0,0.0,0.0,0.0,0.0,0.0,0.0,0.0,0.0,0.0,0.0,     16,     19,      6,      7,      8,      0,      0,      0,      5,      6,      7,35,     39,     16,     19,      6,      7,      8,      0,      0,      0,      5,      6,      7,     35,     39,      0,      0,      0,      0,      0,      0,      0,      0,      0,      0,      0,      0,      0,45.5,32.4,64.0,48.8,44.0,31.7,59.4,47.7,45.5,32.4,64.0,48.8,44.0,31.7,59.4,47.7,0.0,0.0,0.0,0.0,0.0,0.0,0.0,0.0
2024-04-16,2024-04-19,0,164559,35730,53649,34711,42094,4308,0,0,0,63400,27413,5506,143655,132970,20904,31589,164559,35730,53649,34711,42094,4308,0,0,0,63400,27413,5506,143655,132970,20904,31589,0,0,0,0,0,0,0,0,0,0,0,0,0,0,0,0,    4317,    1158,    1234,     709,     235,     -30,       0,       0,       0,    1534,      10,     702,    4073,    2151,     244,    2166,100.0,21.7,32.6,21.1,25.6,2.6,0.0,0.0,0.0,38.5,16.7,3.3,87.3,80.8,12.7,19.2,100.0,21.7,32.6,21.1,25.6,2.6,0.0,0.0,0.0,38.5,16.7,3.3,87.3,80.8,12.7,19.2,100.0,0.0,0.0,0.0,0.0,0.0,0.0,0.0,0.0,0.0,0.0,0.0,0.0,0.0,0.0,0.0,     16,     20,      6,      7,      8,      0,      0,      0,      5,      5,      7,35,     39,     16,     20,      6,      7,      8,      0,      0,      0,      5,      5,      7,     35,     39,      0,      0,      0,      0,      0,      0,      0,      0,      0,      0,      0,      0,      0,45.0,31.8,63.7,47.9,44.1,31.2,58.9,46.8,45.0,31.8,63.7,47.9,44.1,31.2,58.9,46.8,0.0,0.0,0.0,0.0,0.0,0.0,0.0,0.0
2024-04-16,2024-04-19,0,593161,296845,291124,14728,31788,48363,9621,33013,28953,65775,32733,115524,579809,581498,13352,11663,593161,296845,291124,14728,31788,48363,9621,33013,28953,65775,32733,115524,579809,581498,13352,11663,0,0,0,0,0,0,0,0,0,0,0,0,0,0,0,0,   21266,   10445,  -15147,    1081,    2451,    5036,   -1156,    1454,    1981,  -11700,   11867,   16273,   21960,   23915,    -694,   -2649,100.0,50.0,49.1,2.5,5.4,8.2,1.6,5.6,4.9,11.1,5.5,19.5,97.7,98.0,2.3,2.0,100.0,50.0,49.1,2.5,5.4,8.2,1.6,5.6,4.9,11.1,5.5,19.5,97.7,98.0,2.3,2.0,100.0,0.0,0.0,0.0,0.0,0.0,0.0,0.0,0.0,0.0,0.0,0.0,0.0,0.0,0.0,0.0,     49,     46,      8,      7,     14,      6,     13,     15,     22,     21,     37,124,    119,     49,     46,      8,      7,     14,      6,     13,     15,     22,     21,     37,    124,    119,      0,      0,      0,      0,      0,      0,      0,      0,      0,      0,      0,      0,      0,32.3,26.1,43.2,40.8,23.6,17.9,29.9,25.0,32.3,26.1,43.2,40.8,23.6,17.9,29.9,25.0,0.0,0.0,0.0,0.0,0.0,0.0,0.0,0.0
2024-04-23,2024-04-26,0,561069,282403,289053,17252,26001,49779,9182,33850,23917,69394,31118,97214,549141,550932,11928,10137,561069,282403,289053,17252,26001,49779,9182,33850,23917,69394,31118,97214,549141,550932,11928,10137,0,0,0,0,0,0,0,0,0,0,0,0,0,0,0,0,  -32092,  -14442,   -2071,    2524,   -5787,    1416,    -439,     837,   -5036,    3619,   -1615,  -18310,  -30668,  -30566,   -1424,   -1526,100.0,50.3,51.5,3.1,4.6,8.9,1.6,6.0,4.3,12.4,5.5,17.3,97.9,98.2,2.1,1.8,100.0,50.3,51.5,3.1,4.6,8.9,1.6,6.0,4.3,12.4,5.5,17.3,97.9,98.2,2.1,1.8,100.0,0.0,0.0,0.0,0.0,0.0,0.0,0.0,0.0,0.0,0.0,0.0,0.0,0.0,0.0,0.0,     46,     41,      8,      8,     15,      5,     13,     14,     24,     20,     37,123,    111,     46,     41,      8,      8,     15,      5,     13,     14,     24,     20,     37,    123,    111,      0,      0,      0,      0,      0,      0,      0,      0,      0,      0,      0,      0,      0,33.4,26.8,45.4,40.3,25.1,20.1,32.6,26.8,33.4,26.8,45.4,40.3,25.1,20.1,32.6,26.8,0.0,0.0,0.0,0.0,0.0,0.0,0.0,0.0
2024-04-23,2024-04-26,0,167796,37834,56563,35034,43439,4358,0,0,0,63777,27515,5918,146921,137793,20875,30003,167796,37834,56563,35034,43439,4358,0,0,0,63777,27515,5918,146921,137793,20875,30003,0,0,0,0,0,0,0,0,0,0,0,0,0,0,0,0,    3237,    2104,    2914,     323,    1345,      50,       0,       0,       0,     377,     102,     412,    3266,    4823,     -29,   -1586,100.0,22.5,33.7,20.9,25.9,2.6,0.0,0.0,0.0,38.0,16.4,3.5,87.6,82.1,12.4,17.9,100.0,22.5,33.7,20.9,25.9,2.6,0.0,0.0,0.0,38.0,16.4,3.5,87.6,82.1,12.4,17.9,100.0,0.0,0.0,0.0,0.0,0.0,0.0,0.0,0.0,0.0,0.0,0.0,0.0,0.0,0.0,0.0,     17,     21,      6,      7,      8,      0,      0,      0,      5,      6,      7,36,     41,     17,     21,      6,      7,      8,      0,      0,      0,      5,      6,      7,     36,     41,      0,      0,      0,      0,      0,      0,      0,      0,      0,      0,      0,      0,      0,44.8,31.4,64.3,47.4,43.9,30.7,59.7,46.3,44.8,31.4,64.3,47.4,43.9,30.7,59.7,46.3,0.0,0.0,0.0,0.0,0.0,0.0,0.0,0.0
2024-04-30,2024-05-03,0,567663,294689,278680,16513,28523,47827,8084,43525,25418,69057,39383,92211,553799,555567,13864,12096,567663,294689,278680,16513,28523,47827,8084,43525,25418,69057,39383,92211,553799,555567,13864,12096,0,0,0,0,0,0,0,0,0,0,0,0,0,0,0,0,    6594,   12286,  -10373,    -739,    2522,   -1952,   -1098,    9675,    1501,    -337,    8265,   -5003,    4658,    4635,    1936,    1959,100.0,51.9,49.1,2.9,5.0,8.4,1.4,7.7,4.5,12.2,6.9,16.2,97.6,97.9,2.4,2.1,100.0,51.9,49.1,2.9,5.0,8.4,1.4,7.7,4.5,12.2,6.9,16.2,97.6,97.9,2.4,2.1,100.0,0.0,0.0,0.0,0.0,0.0,0.0,0.0,0.0,0.0,0.0,0.0,0.0,0.0,0.0,0.0,     48,     41,      7,      9,     16,      4,     14,     14,     24,     18,     36,123,    111,     48,     41,      7,      9,     16,      4,     14,     14,     24,     18,     36,    123,    111,      0,      0,      0,      0,      0,      0,      0,      0,      0,      0,      0,      0,      0,33.8,25.7,45.5,39.1,25.6,18.8,33.4,26.3,33.8,25.7,45.5,39.1,25.6,18.8,33.4,26.3,0.0,0.0,0.0,0.0,0.0,0.0,0.0,0.0
2024-04-30,2024-05-03,0,173697,42334,62695,35340,44846,4456,0,0,0,67273,27471,5980,155383,145448,18314,28249,173697,42334,62695,35340,44846,4456,0,0,0,67273,27471,5980,155383,145448,18314,28249,0,0,0,0,0,0,0,0,0,0,0,0,0,0,0,0,    5901,    4500,    6132,     306,    1407,      98,       0,       0,       0,    3496,     -44,      62,    8462,    7655,   -2561,   -1754,100.0,24.4,36.1,20.3,25.8,2.6,0.0,0.0,0.0,38.7,15.8,3.4,89.5,83.7,10.5,16.3,100.0,24.4,36.1,20.3,25.8,2.6,0.0,0.0,0.0,38.7,15.8,3.4,89.5,83.7,10.5,16.3,100.0,0.0,0.0,0.0,0.0,0.0,0.0,0.0,0.0,0.0,0.0,0.0,0.0,0.0,0.0,0.0,     21,     24,      6,      7,      8,      0,      0,      0,      5,      6,      7,40,     44,     21,     24,      6,      7,      8,      0,      0,      0,      5,      6,      7,     40,     44,      0,      0,      0,      0,      0,      0,      0,      0,      0,      0,      0,      0,      0,44.1,30.2,63.6,46.8,42.6,29.6,59.7,45.5,44.1,30.2,63.6,46.8,42.6,29.6,59.7,45.5,0.0,0.0,0.0,0.0,0.0,0.0,0.0,0.0
2024-05-07,2024-05-10,0,575862,300802,284803,15159,30467,46595,7885,44944,28590,73988,38354,89375,562394,563128,13468,12734,575862,300802,284803,15159,30467,46595,7885,44944,28590,73988,38354,89375,562394,563128,13468,12734,0,0,0,0,0,0,0,0,0,0,0,0,0,0,0,0,    8199,    6113,    6123,   -1354,    1944,   -1232,    -199,    1419,    3172,    4931,   -1029,   -2836,    8595,    7561,    -396,     638,100.0,52.2,49.5,2.6,5.3,8.1,1.4,7.8,5.0,12.8,6.7,15.5,97.7,97.8,2.3,2.2,100.0,52.2,49.5,2.6,5.3,8.1,1.4,7.8,5.0,12.8,6.7,15.5,97.7,97.8,2.3,2.2,100.0,0.0,0.0,0.0,0.0,0.0,0.0,0.0,0.0,0.0,0.0,0.0,0.0,0.0,0.0,0.0,     51,     41,      7,      9,     16,      4,     14,     13,     24,     18,     36,124,    111,     51,     41,      7,      9,     16,      4,     14,     13,     24,     18,     36,    124,    111,      0,      0,      0,      0,      0,      0,      0,      0,      0,      0,      0,      0,      0,32.0,23.5,43.9,38.0,24.9,19.2,33.1,27.0,32.0,23.5,43.9,38.0,24.9,19.2,33.1,27.0,0.0,0.0,0.0,0.0,0.0,0.0,0.0,0.0
2024-05-07,2024-05-10,0,150745,32391,48226,31084,42001,3847,0,0,0,61918,26835,3853,133093,124762,17652,25983,150745,32391,48226,31084,42001,3847,0,0,0,61918,26835,3853,133093,124762,17652,25983,0,0,0,0,0,0,0,0,0,0,0,0,0,0,0,0,  -22952,   -9943,  -14469,   -4256,   -2845,    -609,       0,       0,       0,   -5355,    -636,   -2127,  -22290,  -20686,    -662,   -2266,100.0,21.5,32.0,20.6,27.9,2.6,0.0,0.0,0.0,41.1,17.8,2.6,88.3,82.8,11.7,17.2,100.0,21.5,32.0,20.6,27.9,2.6,0.0,0.0,0.0,41.1,17.8,2.6,88.3,82.8,11.7,17.2,100.0,0.0,0.0,0.0,0.0,0.0,0.0,0.0,0.0,0.0,0.0,0.0,0.0,0.0,0.0,0.0,     20,     22,      6,      7,      7,      0,      0,      0,      4,      7,      6,38,     41,     20,     22,      6,      7,      7,      0,      0,      0,      4,      7,      6,     38,     41,      0,      0,      0,      0,      0,      0,      0,      0,      0,      0,      0,      0,      0,44.1,32.1,62.4,47.1,41.6,31.6,57.8,46.2,44.1,32.1,62.4,47.1,41.6,31.6,57.8,46.2,0.0,0.0,0.0,0.0,0.0,0.0,0.0,0.0
2024-05-14,2024-05-17,0,565264,286319,298305,14266,31882,42340,12087,42604,24291,82553,21542,91836,553692,552800,11572,12464,565264,286319,298305,14266,31882,42340,12087,42604,24291,82553,21542,91836,553692,552800,11572,12464,0,0,0,0,0,0,0,0,0,0,0,0,0,0,0,0,  -10598,  -14483,   13502,    -893,    1415,   -4255,    4202,   -2340,   -4299,    8565,  -16812,    2461,   -8702,  -10328,   -1896,    -270,100.0,50.7,52.8,2.5,5.6,7.5,2.1,7.5,4.3,14.6,3.8,16.2,98.0,97.8,2.0,2.2,100.0,50.7,52.8,2.5,5.6,7.5,2.1,7.5,4.3,14.6,3.8,16.2,98.0,97.8,2.0,2.2,100.0,0.0,0.0,0.0,0.0,0.0,0.0,0.0,0.0,0.0,0.0,0.0,0.0,0.0,0.0,0.0,     53,     47,      7,      9,     16,      6,     15,     15,     28,     14,     36,128,    120,     53,     47,      7,      9,     16,      6,     15,     15,     28,     14,     36,    128,    120,      0,      0,      0,      0,      0,      0,      0,      0,      0,      0,      0,      0,      0,32.4,24.1,44.3,37.0,25.7,20.6,32.8,27.8,32.4,24.1,44.3,37.0,25.7,20.6,32.8,27.8,0.0,0.0,0.0,0.0,0.0,0.0,0.0,0.0
2024-05-14,2024-05-17,0,156490,37300,50701,31358,44778,4353,0,0,0,61377,27035,5014,139402,131881,17088,24609,156490,37300,50701,31358,44778,4353,0,0,0,61377,27035,5014,139402,131881,17088,24609,0,0,0,0,0,0,0,0,0,0,0,0,0,0,0,0,    5745,    4909,    2475,     274,    2777,     506,       0,       0,       0,    -541,     200,    1161,    6309,    7119,    -564,   -1374,100.0,23.8,32.4,20.0,28.6,2.8,0.0,0.0,0.0,39.2,17.3,3.2,89.1,84.3,10.9,15.7,100.0,23.8,32.4,20.0,28.6,2.8,0.0,0.0,0.0,39.2,17.3,3.2,89.1,84.3,10.9,15.7,100.0,0.0,0.0,0.0,0.0,0.0,0.0,0.0,0.0,0.0,0.0,0.0,0.0,0.0,0.0,0.0,     22,     23,      6,      8,      8,      0,      0,      0,      4,      7,      7,41,     44,     22,     23,      6,      8,      8,      0,      0,      0,      4,      7,      7,     41,     44,      0,      0,      0,      0,      0,      0,      0,      0,      0,      0,      0,      0,      0,42.3,30.9,61.4,46.1,39.7,30.4,56.3,44.7,42.3,30.9,61.4,46.1,39.7,30.4,56.3,44.7,0.0,0.0,0.0,0.0,0.0,0.0,0.0,0.0
2024-05-21,2024-05-24,0,532593,264533,284403,11782,29003,42414,13353,47642,17849,89534,19247,81288,520753,521846,11840,10747,532593,264533,284403,11782,29003,42414,13353,47642,17849,89534,19247,81288,520753,521846,11840,10747,0,0,0,0,0,0,0,0,0,0,0,0,0,0,0,0,  -32671,  -21786,  -13902,   -2484,   -2879,      74,    1266,    5038,   -6442,    6981,   -2295,  -10548,  -32939,  -30954,     268,   -1717,100.0,49.7,53.4,2.2,5.4,8.0,2.5,8.9,3.4,16.8,3.6,15.3,97.8,98.0,2.2,2.0,100.0,49.7,53.4,2.2,5.4,8.0,2.5,8.9,3.4,16.8,3.6,15.3,97.8,98.0,2.2,2.0,100.0,0.0,0.0,0.0,0.0,0.0,0.0,0.0,0.0,0.0,0.0,0.0,0.0,0.0,0.0,0.0,     51,     45,      7,      8,     14,      6,     13,     11,     23,     18,     35,119,    114,     51,     45,      7,      8,     14,      6,     13,     11,     23,     18,     35,    119,    114,      0,      0,      0,      0,      0,      0,      0,      0,      0,      0,      0,      0,      0,32.4,22.7,45.3,35.9,26.7,19.6,34.8,26.9,32.4,22.7,45.3,35.9,26.7,19.6,34.8,26.9,0.0,0.0,0.0,0.0,0.0,0.0,0.0,0.0
2024-05-21,2024-05-24,0,161286,40461,53553,32103,45456,4173,0,0,0,60702,26861,6395,143834,136438,17452,24848,161286,40461,53553,32103,45456,4173,0,0,0,60702,26861,6395,143834,136438,17452,24848,0,0,0,0,0,0,0,0,0,0,0,0,0,0,0,0,    4796,    3161,    2852,     745,     678,    -180,       0,       0,       0,    -675,    -174,    1381,    4432,    4557,     364,     239,100.0,25.1,33.2,19.9,28.2,2.6,0.0,0.0,0.0,37.6,16.7,4.0,89.2,84.6,10.8,15.4,100.0,25.1,33.2,19.9,28.2,2.6,0.0,0.0,0.0,37.6,16.7,4.0,89.2,84.6,10.8,15.4,100.0,0.0,0.0,0.0,0.0,0.0,0.0,0.0,0.0,0.0,0.0,0.0,0.0,0.0,0.0,0.0,     21,     23,      6,      8,      8,      0,      0,      0,      4,      7,      8,41,     44,     21,     23,      6,      8,      8,      0,      0,      0,      4,      7,      8,     41,     44,      0,      0,      0,      0,      0,      0,      0,      0,      0,      0,      0,      0,      0,41.1,30.0,60.4,45.4,38.2,29.4,54.7,43.2,41.1,30.0,60.4,45.4,38.2,29.4,54.7,43.2,0.0,0.0,0.0,0.0,0.0,0.0,0.0,0.0
2024-05-28,2024-05-31,0,530025,264616,286337,11269,31776,27115,15396,47354,18224,89434,16971,91738,517792,519515,12233,10510,530025,264616,286337,11269,31776,27115,15396,47354,18224,89434,16971,91738,517792,519515,12233,10510,0,0,0,0,0,0,0,0,0,0,0,0,0,0,0,0,   -2568,      83,    1934,    -513,    2773,  -15299,    2043,    -288,     375,    -100,   -2276,   10450,   -2961,   -2331,     393,    -237,100.0,49.9,54.0,2.1,6.0,5.1,2.9,8.9,3.4,16.9,3.2,17.3,97.7,98.0,2.3,2.0,100.0,49.9,54.0,2.1,6.0,5.1,2.9,8.9,3.4,16.9,3.2,17.3,97.7,98.0,2.3,2.0,100.0,0.0,0.0,0.0,0.0,0.0,0.0,0.0,0.0,0.0,0.0,0.0,0.0,0.0,0.0,0.0,     46,     45,      7,      7,     14,      6,     13,     11,     25,     18,     39,118,    116,     46,     45,      7,      7,     14,      6,     13,     11,     25,     18,     39,    118,    116,      0,      0,      0,      0,      0,      0,      0,      0,      0,      0,      0,      0,      0,32.8,22.3,43.8,35.1,26.4,19.7,34.6,27.2,32.8,22.3,43.8,35.1,26.4,19.7,34.6,27.2,0.0,0.0,0.0,0.0,0.0,0.0,0.0,0.0
2024-05-28,2024-05-31,0,165320,42865,53822,32777,49004,4173,0,0,0,61531,26940,6403,147749,140342,17571,24978,165320,42865,53822,32777,49004,4173,0,0,0,61531,26940,6403,147749,140342,17571,24978,0,0,0,0,0,0,0,0,0,0,0,0,0,0,0,0,    4034,    2404,     269,     674,    3548,       0,       0,       0,       0,     829,      79,       8,    3915,    3904,     119,     130,100.0,25.9,32.6,19.8,29.6,2.5,0.0,0.0,0.0,37.2,16.3,3.9,89.4,84.9,10.6,15.1,100.0,25.9,32.6,19.8,29.6,2.5,0.0,0.0,0.0,37.2,16.3,3.9,89.4,84.9,10.6,15.1,100.0,0.0,0.0,0.0,0.0,0.0,0.0,0.0,0.0,0.0,0.0,0.0,0.0,0.0,0.0,0.0,     22,     23,      6,      8,      8,      0,      0,      0,      4,      7,      8,42,     44,     22,     23,      6,      8,      8,      0,      0,      0,      4,      7,      8,     42,     44,      0,      0,      0,      0,      0,      0,      0,      0,      0,      0,      0,      0,      0,40.3,30.0,59.5,46.1,37.8,29.5,54.5,44.2,40.3,30.0,59.5,46.1,37.8,29.5,54.5,44.2,0.0,0.0,0.0,0.0,0.0,0.0,0.0,0.0
2024-06-04,2024-06-07,0,146326,33145,45726,31260,44167,4044,0,0,0,56174,24346,5088,129711,123371,16615,22955,146326,33145,45726,31260,44167,4044,0,0,0,56174,24346,5088,129711,123371,16615,22955,0,0,0,0,0,0,0,0,0,0,0,0,0,0,0,0,  -18994,   -9720,   -8096,   -1517,   -4837,    -129,       0,       0,       0,   -5357,   -2594,   -1315,  -18038,  -16971,    -956,   -2023,100.0,22.7,31.2,21.4,30.2,2.8,0.0,0.0,0.0,38.4,16.6,3.5,88.6,84.3,11.4,15.7,100.0,22.7,31.2,21.4,30.2,2.8,0.0,0.0,0.0,38.4,16.6,3.5,88.6,84.3,11.4,15.7,100.0,0.0,0.0,0.0,0.0,0.0,0.0,0.0,0.0,0.0,0.0,0.0,0.0,0.0,0.0,0.0,     18,     18,      6,      7,      7,      0,      0,      0,      5,      5,      7,37,     36,     18,     18,      6,      7,      7,      0,      0,      0,      5,      5,      7,     37,     36,      0,      0,      0,      0,      0,      0,      0,      0,      0,      0,      0,      0,      0,41.9,31.3,61.1,48.5,39.4,30.7,56.8,47.0,41.9,31.3,61.1,48.5,39.4,30.7,56.8,47.0,0.0,0.0,0.0,0.0,0.0,0.0,0.0,0.0
2024-06-04,2024-06-07,0,530681,279806,278401,10928,27638,25842,13650,49455,20521,64801,15139,101831,517379,518827,13302,11854,530681,279806,278401,10928,27638,25842,13650,49455,20521,64801,15139,101831,517379,518827,13302,11854,0,0,0,0,0,0,0,0,0,0,0,0,0,0,0,0,     656,   15190,   -7936,    -341,   -4138,   -1273,   -1746,    2101,    2297,  -24633,   -1832,   10093,    -413,    -688,    1069,    1344,100.0,52.7,52.5,2.1,5.2,4.9,2.6,9.3,3.9,12.2,2.9,19.2,97.5,97.8,2.5,2.2,100.0,52.7,52.5,2.1,5.2,4.9,2.6,9.3,3.9,12.2,2.9,19.2,97.5,97.8,2.5,2.2,100.0,0.0,0.0,0.0,0.0,0.0,0.0,0.0,0.0,0.0,0.0,0.0,0.0,0.0,0.0,0.0,     48,     48,      6,      8,     14,      6,     12,     11,     17,     23,     35,116,    114,     48,     48,      6,      8,     14,      6,     12,     11,     17,     23,     35,    116,    114,      0,      0,      0,      0,      0,      0,      0,      0,      0,      0,      0,      0,      0,31.2,22.4,43.1,36.1,23.0,17.5,30.2,24.7,31.2,22.4,43.1,36.1,23.0,17.5,30.2,24.7,0.0,0.0,0.0,0.0,0.0,0.0,0.0,0.0
2024-06-11,2024-06-14,0,634583,372036,372880,11068,27018,27924,15077,49194,20647,70093,17955,107913,624758,623531,9825,11052,634583,372036,372880,11068,27018,27924,15077,49194,20647,70093,17955,107913,624758,623531,9825,11052,0,0,0,0,0,0,0,0,0,0,0,0,0,0,0,0,  103902,   92230,   94479,     140,    -620,    2082,    1427,    -261,     126,    5292,    2816,    6082,  107379,  104704,   -3477,    -802,100.0,58.6,58.8,1.7,4.3,4.4,2.4,7.8,3.3,11.0,2.8,17.0,98.5,98.3,1.5,1.7,100.0,58.6,58.8,1.7,4.3,4.4,2.4,7.8,3.3,11.0,2.8,17.0,98.5,98.3,1.5,1.7,100.0,0.0,0.0,0.0,0.0,0.0,0.0,0.0,0.0,0.0,0.0,0.0,0.0,0.0,0.0,0.0,     46,     46,      7,      7,     14,      7,     12,     11,     18,     26,     38,119,    116,     46,     46,      7,      7,     14,      7,     12,     11,     18,     26,     38,    119,    116,      0,      0,      0,      0,      0,      0,      0,      0,      0,      0,      0,      0,      0,41.2,34.9,51.6,45.9,33.6,29.2,39.1,35.2,41.2,34.9,51.6,45.9,33.6,29.2,39.1,35.2,0.0,0.0,0.0,0.0,0.0,0.0,0.0,0.0
2024-06-11,2024-06-14,0,147285,34514,45800,31612,44785,4038,0,0,0,55509,24028,4760,130433,123411,16852,23874,147285,34514,45800,31612,44785,4038,0,0,0,55509,24028,4760,130433,123411,16852,23874,0,0,0,0,0,0,0,0,0,0,0,0,0,0,0,0,     959,    1369,      74,     352,     618,      -6,       0,       0,       0,    -665,    -318,    -328,     722,      40,     237,     919,100.0,23.4,31.1,21.5,30.4,2.7,0.0,0.0,0.0,37.7,16.3,3.2,88.6,83.8,11.4,16.2,100.0,23.4,31.1,21.5,30.4,2.7,0.0,0.0,0.0,37.7,16.3,3.2,88.6,83.8,11.4,16.2,100.0,0.0,0.0,0.0,0.0,0.0,0.0,0.0,0.0,0.0,0.0,0.0,0.0,0.0,0.0,0.0,     18,     16,      6,      7,      7,      0,      0,      0,      5,      5,      7,37,     34,     18,     16,      6,      7,      7,      0,      0,      0,      5,      5,      7,     37,     34,      0,      0,      0,      0,      0,      0,      0,      0,      0,      0,      0,      0,      0,40.9,32.2,60.1,49.0,38.6,31.6,56.0,47.8,40.9,32.2,60.1,49.0,38.6,31.6,56.0,47.8,0.0,0.0,0.0,0.0,0.0,0.0,0.0,0.0
2024-06-18,2024-06-21,0,614012,360015,344703,11245,34740,27358,12796,45822,21215,62403,20206,107180,602212,601224,11800,12788,614012,360015,344703,11245,34740,27358,12796,45822,21215,62403,20206,107180,602212,601224,11800,12788,0,0,0,0,0,0,0,0,0,0,0,0,0,0,0,0,  -20571,  -12021,  -28177,     177,    7722,    -566,   -2281,   -3372,     568,   -7690,    2251,    -733,  -22546,  -22307,    1975,    1736,100.0,58.6,56.1,1.8,5.7,4.5,2.1,7.5,3.5,10.2,3.3,17.5,98.1,97.9,1.9,2.1,100.0,58.6,56.1,1.8,5.7,4.5,2.1,7.5,3.5,10.2,3.3,17.5,98.1,97.9,1.9,2.1,100.0,0.0,0.0,0.0,0.0,0.0,0.0,0.0,0.0,0.0,0.0,0.0,0.0,0.0,0.0,0.0,     46,     46,      6,      9,     14,      7,     13,     12,     20,     21,     35,116,    115,     46,     46,      6,      9,     14,      7,     13,     12,     20,     21,     35,    116,    115,      0,      0,      0,      0,      0,      0,      0,      0,      0,      0,      0,      0,      0,40.8,36.2,52.1,48.2,34.3,30.1,39.1,35.1,40.8,36.2,52.1,48.2,34.3,30.1,39.1,35.1,0.0,0.0,0.0,0.0,0.0,0.0,0.0,0.0
2024-06-18,2024-06-21,0,151094,36227,48097,32358,47582,3999,0,0,0,57658,24363,3970,134212,128011,16882,23083,151094,36227,48097,32358,47582,3999,0,0,0,57658,24363,3970,134212,128011,16882,23083,0,0,0,0,0,0,0,0,0,0,0,0,0,0,0,0,    3809,    1713,    2297,     746,    2797,     -39,       0,       0,       0,    2149,     335,    -790,    3779,    4600,      30,    -791,100.0,24.0,31.8,21.4,31.5,2.6,0.0,0.0,0.0,38.2,16.1,2.6,88.8,84.7,11.2,15.3,100.0,24.0,31.8,21.4,31.5,2.6,0.0,0.0,0.0,38.2,16.1,2.6,88.8,84.7,11.2,15.3,100.0,0.0,0.0,0.0,0.0,0.0,0.0,0.0,0.0,0.0,0.0,0.0,0.0,0.0,0.0,0.0,     19,     19,      6,      8,      8,      0,      0,      0,      5,      5,      7,39,     38,     19,     19,      6,      8,      8,      0,      0,      0,      5,      5,      7,     39,     38,      0,      0,      0,      0,      0,      0,      0,      0,      0,      0,      0,      0,      0,41.1,32.2,59.6,49.3,39.7,32.0,56.3,48.2,41.1,32.2,59.6,49.3,39.7,32.0,56.3,48.2,0.0,0.0,0.0,0.0,0.0,0.0,0.0,0.0
2024-06-25,2024-06-28,0,629261,352089,363057,10858,31984,28335,15220,40254,22003,73295,15882,114879,616679,616394,12582,12867,629261,352089,363057,10858,31984,28335,15220,40254,22003,73295,15882,114879,616679,616394,12582,12867,0,0,0,0,0,0,0,0,0,0,0,0,0,0,0,0,   15249,   -7926,   18354,    -387,   -2756,     977,    2424,   -5568,     788,   10892,   -4324,    7699,   14467,   15170,     782,      79,100.0,56.0,57.7,1.7,5.1,4.5,2.4,6.4,3.5,11.6,2.5,18.3,98.0,98.0,2.0,2.0,100.0,56.0,57.7,1.7,5.1,4.5,2.4,6.4,3.5,11.6,2.5,18.3,98.0,98.0,2.0,2.0,100.0,0.0,0.0,0.0,0.0,0.0,0.0,0.0,0.0,0.0,0.0,0.0,0.0,0.0,0.0,0.0,     47,     51,      6,      9,     14,      7,     11,     11,     23,     17,     34,117,    118,     47,     51,      6,      9,     14,      7,     11,     11,     23,     17,     34,    117,    118,      0,      0,      0,      0,      0,      0,      0,      0,      0,      0,      0,      0,      0,40.7,35.2,51.4,47.2,32.3,28.9,37.3,33.8,40.7,35.2,51.4,47.2,32.3,28.9,37.3,33.8,0.0,0.0,0.0,0.0,0.0,0.0,0.0,0.0
2024-06-25,2024-06-28,0,156911,38446,50862,33570,49168,3986,0,0,0,58541,25244,4890,139433,134150,17478,22761,156911,38446,50862,33570,49168,3986,0,0,0,58541,25244,4890,139433,134150,17478,22761,0,0,0,0,0,0,0,0,0,0,0,0,0,0,0,0,    5817,    2219,    2765,    1212,    1586,     -13,       0,       0,       0,     883,     881,     920,    5221,    6139,     596,    -322,100.0,24.5,32.4,21.4,31.3,2.5,0.0,0.0,0.0,37.3,16.1,3.1,88.9,85.5,11.1,14.5,100.0,24.5,32.4,21.4,31.3,2.5,0.0,0.0,0.0,37.3,16.1,3.1,88.9,85.5,11.1,14.5,100.0,0.0,0.0,0.0,0.0,0.0,0.0,0.0,0.0,0.0,0.0,0.0,0.0,0.0,0.0,0.0,     20,     19,      6,      8,      8,      0,      0,      0,      5,      5,      7,40,     38,     20,     19,      6,      8,      8,      0,      0,      0,      5,      5,      7,     40,     38,      0,      0,      0,      0,      0,      0,      0,      0,      0,      0,      0,      0,      0,40.6,32.1,58.7,49.5,39.0,32.0,55.6,48.6,40.6,32.1,58.7,49.5,39.0,32.0,55.6,48.6,0.0,0.0,0.0,0.0,0.0,0.0,0.0,0.0
2024-07-02,2024-07-05,0,613245,345772,344084,11591,31747,29537,13819,38198,22814,52360,13232,122651,598544,602263,14701,10982,613245,345772,344084,11591,31747,29537,13819,38198,22814,52360,13232,122651,598544,602263,14701,10982,0,0,0,0,0,0,0,0,0,0,0,0,0,0,0,0,  -16016,   -6317,  -18973,     733,    -237,    1202,   -1401,   -2056,     811,  -20935,   -2650,    7772,  -18135,  -14131,    2119,   -1885,100.0,56.4,56.1,1.9,5.2,4.8,2.3,6.2,3.7,8.5,2.2,20.0,97.6,98.2,2.4,1.8,100.0,56.4,56.1,1.9,5.2,4.8,2.3,6.2,3.7,8.5,2.2,20.0,97.6,98.2,2.4,1.8,100.0,0.0,0.0,0.0,0.0,0.0,0.0,0.0,0.0,0.0,0.0,0.0,0.0,0.0,0.0,0.0,     49,     53,      6,      9,     14,      6,     10,     11,     22,     17,     35,118,    120,     49,     53,      6,      9,     14,      6,     10,     11,     22,     17,     35,    118,    120,      0,      0,      0,      0,      0,      0,      0,      0,      0,      0,      0,      0,      0,40.4,34.8,50.0,46.2,31.0,27.6,35.5,32.4,40.4,34.8,50.0,46.2,31.0,27.6,35.5,32.4,0.0,0.0,0.0,0.0,0.0,0.0,0.0,0.0
2024-07-02,2024-07-05,0,139381,24855,41790,29688,41711,3754,0,0,0,55460,23904,3719,117476,114878,21905,24503,139381,24855,41790,29688,41711,3754,0,0,0,55460,23904,3719,117476,114878,21905,24503,0,0,0,0,0,0,0,0,0,0,0,0,0,0,0,0,  -17530,  -13591,   -9072,   -3882,   -7457,    -232,       0,       0,       0,   -3081,   -1340,   -1171,  -21957,  -19272,    4427,    1742,100.0,17.8,30.0,21.3,29.9,2.7,0.0,0.0,0.0,39.8,17.2,2.7,84.3,82.4,15.7,17.6,100.0,17.8,30.0,21.3,29.9,2.7,0.0,0.0,0.0,39.8,17.2,2.7,84.3,82.4,15.7,17.6,100.0,0.0,0.0,0.0,0.0,0.0,0.0,0.0,0.0,0.0,0.0,0.0,0.0,0.0,0.0,0.0,     16,     15,      5,      7,      7,      0,      0,      0,      5,      5,      6,33,     33,     16,     15,      5,      7,      7,      0,      0,      0,      5,      5,      6,     33,     33,      0,      0,      0,      0,      0,      0,      0,      0,      0,      0,      0,      0,      0,43.7,34.8,60.8,50.0,41.7,34.4,57.3,48.1,43.7,34.8,60.8,50.0,41.7,34.4,57.3,48.1,0.0,0.0,0.0,0.0,0.0,0.0,0.0,0.0
2024-07-09,2024-07-12,0,635639,349023,348358,12153,31692,28638,12019,39574,22965,55719,12012,139732,620249,622971,15390,12668,635639,349023,348358,12153,31692,28638,12019,39574,22965,55719,12012,139732,620249,622971,15390,12668,0,0,0,0,0,0,0,0,0,0,0,0,0,0,0,0,   22394,    3251,    4274,     562,     -55,    -899,   -1800,    1376,     151,    3359,   -1220,   17081,   21705,   20708,     689,    1686,100.0,54.9,54.8,1.9,5.0,4.5,1.9,6.2,3.6,8.8,1.9,22.0,97.6,98.0,2.4,2.0,100.0,54.9,54.8,1.9,5.0,4.5,1.9,6.2,3.6,8.8,1.9,22.0,97.6,98.0,2.4,2.0,100.0,0.0,0.0,0.0,0.0,0.0,0.0,0.0,0.0,0.0,0.0,0.0,0.0,0.0,0.0,0.0,     44,     49,      6,      9,     13,      6,     10,     12,     22,     18,     37,114,    117,     44,     49,      6,      9,     13,      6,     10,     12,     22,     18,     37,    114,    117,      0,      0,      0,      0,      0,      0,      0,      0,      0,      0,      0,      0,      0,40.5,34.5,50.3,45.2,29.8,26.3,34.5,30.8,40.5,34.5,50.3,45.2,29.8,26.3,34.5,30.8,0.0,0.0,0.0,0.0,0.0,0.0,0.0,0.0
2024-07-09,2024-07-12,0,143363,25615,42784,31384,42272,4020,0,0,0,55491,24992,3939,120449,118007,22914,25356,143363,25615,42784,31384,42272,4020,0,0,0,55491,24992,3939,120449,118007,22914,25356,0,0,0,0,0,0,0,0,0,0,0,0,0,0,0,0,    3982,     760,     994,    1696,     561,     266,       0,       0,       0,      31,    1088,     220,    2973,    3129,    1009,     853,100.0,17.9,29.8,21.9,29.5,2.8,0.0,0.0,0.0,38.7,17.4,2.7,84.0,82.3,16.0,17.7,100.0,17.9,29.8,21.9,29.5,2.8,0.0,0.0,0.0,38.7,17.4,2.7,84.0,82.3,16.0,17.7,100.0,0.0,0.0,0.0,0.0,0.0,0.0,0.0,0.0,0.0,0.0,0.0,0.0,0.0,0.0,0.0,     16,     15,      5,      7,      7,      0,      0,      0,      5,      5,      6,33,     33,     16,     15,      5,      7,      7,      0,      0,      0,      5,      5,      6,     33,     33,      0,      0,      0,      0,      0,      0,      0,      0,      0,      0,      0,      0,      0,43.4,34.6,60.4,49.8,41.2,34.3,56.8,48.0,43.4,34.6,60.4,49.8,41.2,34.3,56.8,48.0,0.0,0.0,0.0,0.0,0.0,0.0,0.0,0.0
2024-07-16,2024-07-19,0,624660,337688,349053,11599,31461,28629,13560,39878,22154,66186,10521,129715,609531,611411,15129,13249,624660,337688,349053,11599,31461,28629,13560,39878,22154,66186,10521,129715,609531,611411,15129,13249,0,0,0,0,0,0,0,0,0,0,0,0,0,0,0,0,  -10979,  -11335,     695,    -554,    -231,      -9,    1541,     304,    -811,   10467,   -1491,  -10017,  -10718,  -11560,    -261,     581,100.0,54.1,55.9,1.9,5.0,4.6,2.2,6.4,3.5,10.6,1.7,20.8,97.6,97.9,2.4,2.1,100.0,54.1,55.9,1.9,5.0,4.6,2.2,6.4,3.5,10.6,1.7,20.8,97.6,97.9,2.4,2.1,100.0,0.0,0.0,0.0,0.0,0.0,0.0,0.0,0.0,0.0,0.0,0.0,0.0,0.0,0.0,0.0,     45,     47,      5,     10,     13,      6,     11,     14,     25,     16,     36,117,    115,     45,     47,      5,     10,     13,      6,     11,     14,     25,     16,     36,    117,    115,      0,      0,      0,      0,      0,      0,      0,      0,      0,      0,      0,      0,      0,39.4,34.6,50.0,44.8,29.3,26.4,34.0,31.4,39.4,34.6,50.0,44.8,29.3,26.4,34.0,31.4,0.0,0.0,0.0,0.0,0.0,0.0,0.0,0.0
2024-07-16,2024-07-19,0,146363,26698,46024,31591,42362,4020,0,0,0,57721,25255,3418,123448,121079,22915,25284,146363,26698,46024,31591,42362,4020,0,0,0,57721,25255,3418,123448,121079,22915,25284,0,0,0,0,0,0,0,0,0,0,0,0,0,0,0,0,    3000,    1083,    3240,     207,      90,       0,       0,       0,       0,    2230,     263,    -521,    2999,    3072,       1,     -72,100.0,18.2,31.4,21.6,28.9,2.7,0.0,0.0,0.0,39.4,17.3,2.3,84.3,82.7,15.7,17.3,100.0,18.2,31.4,21.6,28.9,2.7,0.0,0.0,0.0,39.4,17.3,2.3,84.3,82.7,15.7,17.3,100.0,0.0,0.0,0.0,0.0,0.0,0.0,0.0,0.0,0.0,0.0,0.0,0.0,0.0,0.0,0.0,     18,     17,      5,      7,      7,      0,      0,      0,      5,      5,      7,35,     36,     18,     17,      5,      7,      7,      0,      0,      0,      5,      5,      7,     35,     36,      0,      0,      0,      0,      0,      0,      0,      0,      0,      0,      0,      0,      0,43.4,34.2,60.5,49.0,41.3,34.0,57.3,47.4,43.4,34.2,60.5,49.0,41.3,34.0,57.3,47.4,0.0,0.0,0.0,0.0,0.0,0.0,0.0,0.0
2024-07-23,2024-07-26,0,607921,341074,330713,9022,31906,33541,14179,48158,20910,59059,14337,116640,594425,596205,13496,11716,607921,341074,330713,9022,31906,33541,14179,48158,20910,59059,14337,116640,594425,596205,13496,11716,0,0,0,0,0,0,0,0,0,0,0,0,0,0,0,0,  -16739,    3386,  -18340,   -2577,     445,    4912,     619,    8280,   -1244,   -7127,    3816,  -13075,  -15106,  -15206,   -1633,   -1533,100.0,56.1,54.4,1.5,5.2,5.5,2.3,7.9,3.4,9.7,2.4,19.2,97.8,98.1,2.2,1.9,100.0,56.1,54.4,1.5,5.2,5.5,2.3,7.9,3.4,9.7,2.4,19.2,97.8,98.1,2.2,1.9,100.0,0.0,0.0,0.0,0.0,0.0,0.0,0.0,0.0,0.0,0.0,0.0,0.0,0.0,0.0,0.0,     43,     45,      4,     11,     13,      4,     12,     14,     23,     17,     35,112,    113,     43,     45,      4,     11,     13,      4,     12,     14,     23,     17,     35,    112,    113,      0,      0,      0,      0,      0,      0,      0,      0,      0,      0,      0,      0,      0,38.8,34.2,49.4,46.3,29.6,26.9,34.3,32.6,38.8,34.2,49.4,46.3,29.6,26.9,34.3,32.6,0.0,0.0,0.0,0.0,0.0,0.0,0.0,0.0
2024-07-23,2024-07-26,0,154799,30480,51064,31606,44490,5051,0,0,0,60282,25757,3235,130654,129597,24145,25202,154799,30480,51064,31606,44490,5051,0,0,0,60282,25757,3235,130654,129597,24145,25202,0,0,0,0,0,0,0,0,0,0,0,0,0,0,0,0,    8436,    3782,    5040,      15,    2128,    1031,       0,       0,       0,    2561,     502,    -183,    7206,    8518,    1230,     -82,100.0,19.7,33.0,20.4,28.7,3.3,0.0,0.0,0.0,38.9,16.6,2.1,84.4,83.7,15.6,16.3,100.0,19.7,33.0,20.4,28.7,3.3,0.0,0.0,0.0,38.9,16.6,2.1,84.4,83.7,15.6,16.3,100.0,0.0,0.0,0.0,0.0,0.0,0.0,0.0,0.0,0.0,0.0,0.0,0.0,0.0,0.0,0.0,     19,     18,      5,      7,      7,      0,      0,      0,      5,      5,      7,36,     37,     19,     18,      5,      7,      7,      0,      0,      0,      5,      5,      7,     36,     37,      0,      0,      0,      0,      0,      0,      0,      0,      0,      0,      0,      0,      0,42.7,32.8,59.4,47.9,40.2,32.5,55.8,46.6,42.7,32.8,59.4,47.9,40.2,32.5,55.8,46.6,0.0,0.0,0.0,0.0,0.0,0.0,0.0,0.0
2024-07-30,2024-08-02,0,606826,348750,325616,9022,34883,32511,11360,49078,20732,55588,16213,116603,594566,595636,12260,11190,606826,348750,325616,9022,34883,32511,11360,49078,20732,55588,16213,116603,594566,595636,12260,11190,0,0,0,0,0,0,0,0,0,0,0,0,0,0,0,0,   -1095,    7676,   -5097,       0,    2977,   -1030,   -2819,     920,    -178,   -3471,    1876,     -37,     141,    -569,   -1236,    -526,100.0,57.5,53.7,1.5,5.7,5.4,1.9,8.1,3.4,9.2,2.7,19.2,98.0,98.2,2.0,1.8,100.0,57.5,53.7,1.5,5.7,5.4,1.9,8.1,3.4,9.2,2.7,19.2,98.0,98.2,2.0,1.8,100.0,0.0,0.0,0.0,0.0,0.0,0.0,0.0,0.0,0.0,0.0,0.0,0.0,0.0,0.0,0.0,     44,     44,      4,     10,     13,.,     13,     14,     19,     20,     36,113,    111,     44,     44,      4,     10,     13,.,     13,     14,     19,     20,     36,    113,    111,      0,      0,      0,      0,      0,      0,      0,      0,      0,      0,      0,      0,      0,39.3,33.4,50.6,45.6,30.3,26.1,34.7,31.9,39.3,33.4,50.6,45.6,30.3,26.1,34.7,31.9,0.0,0.0,0.0,0.0,0.0,0.0,0.0,0.0
2024-07-30,2024-08-02,0,162325,33445,54754,31784,46900,6426,0,0,0,63738,25267,3212,138605,136559,23720,25766,162325,33445,54754,31784,46900,6426,0,0,0,63738,25267,3212,138605,136559,23720,25766,0,0,0,0,0,0,0,0,0,0,0,0,0,0,0,0,    7526,    2965,    3690,     178,    2410,    1375,       0,       0,       0,    3456,    -490,     -23,    7951,    6962,    -425,     564,100.0,20.6,33.7,19.6,28.9,4.0,0.0,0.0,0.0,39.3,15.6,2.0,85.4,84.1,14.6,15.9,100.0,20.6,33.7,19.6,28.9,4.0,0.0,0.0,0.0,39.3,15.6,2.0,85.4,84.1,14.6,15.9,100.0,0.0,0.0,0.0,0.0,0.0,0.0,0.0,0.0,0.0,0.0,0.0,0.0,0.0,0.0,0.0,     19,     20,      5,      7,      7,      0,      0,      0,      5,      5,      7,36,     39,     19,     20,      5,      7,      7,      0,      0,      0,      5,      5,      7,     36,     39,      0,      0,      0,      0,      0,      0,      0,      0,      0,      0,      0,      0,      0,43.3,32.8,59.8,47.4,40.0,32.6,55.5,46.2,43.3,32.8,59.8,47.4,40.0,32.6,55.5,46.2,0.0,0.0,0.0,0.0,0.0,0.0,0.0,0.0
2024-08-06,2024-08-09,0,140769,22516,45836,30359,39057,6205,0,0,0,54871,22920,2625,116576,116643,24193,24126,140769,22516,45836,30359,39057,6205,0,0,0,54871,22920,2625,116576,116643,24193,24126,0,0,0,0,0,0,0,0,0,0,0,0,0,0,0,0,  -21556,  -10929,   -8918,   -1425,   -7843,    -221,       0,       0,       0,   -8867,   -2347,    -587,  -22029,  -19916,     473,   -1640,100.0,16.0,32.6,21.6,27.7,4.4,0.0,0.0,0.0,39.0,16.3,1.9,82.8,82.9,17.2,17.1,100.0,16.0,32.6,21.6,27.7,4.4,0.0,0.0,0.0,39.0,16.3,1.9,82.8,82.9,17.2,17.1,100.0,0.0,0.0,0.0,0.0,0.0,0.0,0.0,0.0,0.0,0.0,0.0,0.0,0.0,0.0,0.0,     18,     19,      5,      7,      6,      0,      0,      0,      4,      5,      6,34,     36,     18,     19,      5,      7,      6,      0,      0,      0,      4,      5,      6,     34,     36,      0,      0,      0,      0,      0,      0,      0,      0,      0,      0,      0,      0,      0,45.1,33.6,61.9,47.7,41.3,33.4,58.0,46.0,45.1,33.6,61.9,47.7,41.3,33.4,58.0,46.0,0.0,0.0,0.0,0.0,0.0,0.0,0.0,0.0
2024-08-06,2024-08-09,0,634719,383230,335594,8856,41889,29130,4695,48858,23995,54877,24444,118456,623239,622366,11480,12353,634719,383230,335594,8856,41889,29130,4695,48858,23995,54877,24444,118456,623239,622366,11480,12353,0,0,0,0,0,0,0,0,0,0,0,0,0,0,0,0,   27893,   34480,    9978,    -166,    7006,   -3381,   -6665,    -220,    3263,    -711,    8231,    1853,   28673,   26730,    -780,    1163,100.0,60.4,52.9,1.4,6.6,4.6,0.7,7.7,3.8,8.6,3.9,18.7,98.2,98.1,1.8,1.9,100.0,60.4,52.9,1.4,6.6,4.6,0.7,7.7,3.8,8.6,3.9,18.7,98.2,98.1,1.8,1.9,100.0,0.0,0.0,0.0,0.0,0.0,0.0,0.0,0.0,0.0,0.0,0.0,0.0,0.0,0.0,0.0,     47,     45,      4,     10,     13,      4,     12,     15,     16,     22,     34,114,    110,     47,     45,      4,     10,     13,      4,     12,     15,     16,     22,     34,    114,    110,      0,      0,      0,      0,      0,      0,      0,      0,      0,      0,      0,      0,      0,42.5,33.3,52.6,45.5,32.6,25.2,37.1,30.9,42.5,33.3,52.6,45.5,32.6,25.2,37.1,30.9,0.0,0.0,0.0,0.0,0.0,0.0,0.0,0.0
2024-08-13,2024-08-16,0,652448,372270,343753,9660,47305,32355,4707,43742,23138,63154,16066,134223,639507,640582,12941,11866,652448,372270,343753,9660,47305,32355,4707,43742,23138,63154,16066,134223,639507,640582,12941,11866,0,0,0,0,0,0,0,0,0,0,0,0,0,0,0,0,   17729,  -10960,    8159,     804,    5416,    3225,      12,   -5116,    -857,    8277,   -8378,   15767,   16268,   18216,    1461,    -487,100.0,57.1,52.7,1.5,7.3,5.0,0.7,6.7,3.5,9.7,2.5,20.6,98.0,98.2,2.0,1.8,100.0,57.1,52.7,1.5,7.3,5.0,0.7,6.7,3.5,9.7,2.5,20.6,98.0,98.2,2.0,1.8,100.0,0.0,0.0,0.0,0.0,0.0,0.0,0.0,0.0,0.0,0.0,0.0,0.0,0.0,0.0,0.0,     46,     45,      4,     10,     13,.,     14,     15,     21,     19,     37,116,    113,     46,     45,      4,     10,     13,.,     14,     15,     21,     19,     37,    116,    113,      0,      0,      0,      0,      0,      0,      0,      0,      0,      0,      0,      0,      0,42.5,33.3,52.0,44.6,32.5,24.6,36.5,30.1,42.5,33.3,52.0,44.6,32.5,24.6,36.5,30.1,0.0,0.0,0.0,0.0,0.0,0.0,0.0,0.0
2024-08-13,2024-08-16,0,147407,26118,49258,30996,39236,7888,0,0,0,55162,22954,2710,122874,122046,24533,25361,147407,26118,49258,30996,39236,7888,0,0,0,55162,22954,2710,122874,122046,24533,25361,0,0,0,0,0,0,0,0,0,0,0,0,0,0,0,0,    6638,    3602,    3422,     637,     179,    1683,       0,       0,       0,     291,      34,      85,    6298,    5403,     340,    1235,100.0,17.7,33.4,21.0,26.6,5.4,0.0,0.0,0.0,37.4,15.6,1.8,83.4,82.8,16.6,17.2,100.0,17.7,33.4,21.0,26.6,5.4,0.0,0.0,0.0,37.4,15.6,1.8,83.4,82.8,16.6,17.2,100.0,0.0,0.0,0.0,0.0,0.0,0.0,0.0,0.0,0.0,0.0,0.0,0.0,0.0,0.0,0.0,     18,     18,      5,      7,      6,      0,      0,      0,      4,      5,      6,34,     35,     18,     18,      5,      7,      6,      0,      0,      0,      4,      5,      6,     34,     35,      0,      0,      0,      0,      0,      0,      0,      0,      0,      0,      0,      0,      0,44.2,32.1,60.8,46.4,39.6,31.9,55.9,44.0,44.2,32.1,60.8,46.4,39.6,31.9,55.9,44.0,0.0,0.0,0.0,0.0,0.0,0.0,0.0,0.0
2024-08-20,2024-08-23,0,606596,350709,313458,11257,48943,26297,5117,40913,21155,52382,18790,124286,591203,593842,15393,12754,606596,350709,313458,11257,48943,26297,5117,40913,21155,52382,18790,124286,591203,593842,15393,12754,0,0,0,0,0,0,0,0,0,0,0,0,0,0,0,0,  -45852,  -21561,  -30295,    1597,    1638,   -6058,     410,   -2829,   -1983,  -10772,    2724,   -9937,  -48304,  -46740,    2452,     888,100.0,57.8,51.7,1.9,8.1,4.3,0.8,6.7,3.5,8.6,3.1,20.5,97.5,97.9,2.5,2.1,100.0,57.8,51.7,1.9,8.1,4.3,0.8,6.7,3.5,8.6,3.1,20.5,97.5,97.9,2.5,2.1,100.0,0.0,0.0,0.0,0.0,0.0,0.0,0.0,0.0,0.0,0.0,0.0,0.0,0.0,0.0,0.0,     43,     41,      6,      9,     13,.,     12,     12,     18,     20,     35,108,    106,     43,     41,      6,      9,     13,.,     12,     12,     18,     20,     35,    108,    106,      0,      0,      0,      0,      0,      0,      0,      0,      0,      0,      0,      0,      0,43.7,33.1,53.2,44.1,33.6,24.2,37.7,29.8,43.7,33.1,53.2,44.1,33.6,24.2,37.7,29.8,0.0,0.0,0.0,0.0,0.0,0.0,0.0,0.0
2024-08-20,2024-08-23,0,148882,27570,49441,30996,40365,7526,0,0,0,56901,22885,2845,125838,123062,23044,25820,148882,27570,49441,30996,40365,7526,0,0,0,56901,22885,2845,125838,123062,23044,25820,0,0,0,0,0,0,0,0,0,0,0,0,0,0,0,0,    1475,    1452,     183,       0,    1129,    -362,       0,       0,       0,    1739,     -69,     135,    2964,    1016,   -1489,     459,100.0,18.5,33.2,20.8,27.1,5.1,0.0,0.0,0.0,38.2,15.4,1.9,84.5,82.7,15.5,17.3,100.0,18.5,33.2,20.8,27.1,5.1,0.0,0.0,0.0,38.2,15.4,1.9,84.5,82.7,15.5,17.3,100.0,0.0,0.0,0.0,0.0,0.0,0.0,0.0,0.0,0.0,0.0,0.0,0.0,0.0,0.0,0.0,     18,     18,      5,      7,      6,      0,      0,      0,      5,      5,      8,36,     36,     18,     18,      5,      7,      6,      0,      0,      0,      5,      5,      8,     36,     36,      0,      0,      0,      0,      0,      0,      0,      0,      0,      0,      0,      0,      0,43.6,32.5,59.8,46.3,39.4,32.4,55.4,44.4,43.6,32.5,59.8,46.3,39.4,32.4,55.4,44.4,0.0,0.0,0.0,0.0,0.0,0.0,0.0,0.0
2024-08-27,2024-08-30,0,603068,342605,295831,12817,53802,23937,8083,43896,20806,47311,21760,131979,587538,592011,15530,11057,603068,342605,295831,12817,53802,23937,8083,43896,20806,47311,21760,131979,587538,592011,15530,11057,0,0,0,0,0,0,0,0,0,0,0,0,0,0,0,0,   -3528,   -8104,  -17627,    1560,    4859,   -2360,    2966,    2983,    -349,   -5071,    2970,    7693,   -3665,   -1831,     137,   -1697,100.0,56.8,49.1,2.1,8.9,4.0,1.3,7.3,3.5,7.8,3.6,21.9,97.4,98.2,2.6,1.8,100.0,56.8,49.1,2.1,8.9,4.0,1.3,7.3,3.5,7.8,3.6,21.9,97.4,98.2,2.6,1.8,100.0,0.0,0.0,0.0,0.0,0.0,0.0,0.0,0.0,0.0,0.0,0.0,0.0,0.0,0.0,0.0,     41,     42,      6,     10,     14,      4,     11,     11,     14,     26,     37,109,    111,     41,     42,      6,     10,     14,      4,     11,     11,     14,     26,     37,    109,    111,      0,      0,      0,      0,      0,      0,      0,      0,      0,      0,      0,      0,      0,45.9,33.6,55.0,45.3,34.2,23.7,38.3,30.1,45.9,33.6,55.0,45.3,34.2,23.7,38.3,30.1,0.0,0.0,0.0,0.0,0.0,0.0,0.0,0.0
2024-08-27,2024-08-30,0,153870,30092,51949,27691,42946,6499,0,0,0,59594,26567,3016,126892,130977,26978,22893,153870,30092,51949,27691,42946,6499,0,0,0,59594,26567,3016,126892,130977,26978,22893,0,0,0,0,0,0,0,0,0,0,0,0,0,0,0,0,    4988,    2522,    2508,   -3305,    2581,   -1027,       0,       0,       0,    2693,    3682,     171,    1054,    7915,    3934,   -2927,100.0,19.6,33.8,18.0,27.9,4.2,0.0,0.0,0.0,38.7,17.3,2.0,82.5,85.1,17.5,14.9,100.0,19.6,33.8,18.0,27.9,4.2,0.0,0.0,0.0,38.7,17.3,2.0,82.5,85.1,17.5,14.9,100.0,0.0,0.0,0.0,0.0,0.0,0.0,0.0,0.0,0.0,0.0,0.0,0.0,0.0,0.0,0.0,     21,     18,      4,      7,      6,      0,      0,      0,      5,      6,      8,38,     37,     21,     18,      4,      7,      6,      0,      0,      0,      5,      6,      8,     38,     37,      0,      0,      0,      0,      0,      0,      0,      0,      0,      0,      0,      0,      0,43.0,32.7,59.3,46.0,39.6,32.6,55.7,44.4,43.0,32.7,59.3,46.0,39.6,32.6,55.7,44.4,0.0,0.0,0.0,0.0,0.0,0.0,0.0,0.0
2024-09-03,2024-09-06,0,600494,344439,287239,12759,52582,22504,5275,44771,21125,50101,31018,128851,585054,588090,15440,12404,600494,344439,287239,12759,52582,22504,5275,44771,21125,50101,31018,128851,585054,588090,15440,12404,0,0,0,0,0,0,0,0,0,0,0,0,0,0,0,0,   -2574,    1834,   -8592,     -58,   -1220,   -1433,   -2808,     875,     319,    2790,    9258,   -3128,   -2484,   -3921,     -90,    1347,100.0,57.4,47.8,2.1,8.8,3.7,0.9,7.5,3.5,8.3,5.2,21.5,97.4,97.9,2.6,2.1,100.0,57.4,47.8,2.1,8.8,3.7,0.9,7.5,3.5,8.3,5.2,21.5,97.4,97.9,2.6,2.1,100.0,0.0,0.0,0.0,0.0,0.0,0.0,0.0,0.0,0.0,0.0,0.0,0.0,0.0,0.0,0.0,     45,     41,      6,     10,     14,.,     12,     11,     17,     24,     38,112,    112,     45,     41,      6,     10,     14,.,     12,     11,     17,     24,     38,    112,    112,      0,      0,      0,      0,      0,      0,      0,      0,      0,      0,      0,      0,      0,45.6,34.2,55.2,46.2,35.2,24.4,39.3,30.4,45.6,34.2,55.2,46.2,35.2,24.4,39.3,30.4,0.0,0.0,0.0,0.0,0.0,0.0,0.0,0.0
2024-09-03,2024-09-06,0,132232,21337,41393,26425,36071,5976,0,0,0,50387,23182,2806,106931,109428,25301,22804,132232,21337,41393,26425,36071,5976,0,0,0,50387,23182,2806,106931,109428,25301,22804,0,0,0,0,0,0,0,0,0,0,0,0,0,0,0,0,  -21638,   -8755,  -10556,   -1266,   -6875,    -523,       0,       0,       0,   -9207,   -3385,    -210,  -19961,  -21549,   -1677,     -89,100.0,16.1,31.3,20.0,27.3,4.5,0.0,0.0,0.0,38.1,17.5,2.1,80.9,82.8,19.1,17.2,100.0,16.1,31.3,20.0,27.3,4.5,0.0,0.0,0.0,38.1,17.5,2.1,80.9,82.8,19.1,17.2,100.0,0.0,0.0,0.0,0.0,0.0,0.0,0.0,0.0,0.0,0.0,0.0,0.0,0.0,0.0,0.0,     17,     15,      4,      7,      6,      0,      0,      0,      5,      5,      8,34,     33,     17,     15,      4,      7,      6,      0,      0,      0,      5,      5,      8,     34,     33,      0,      0,      0,      0,      0,      0,      0,      0,      0,      0,      0,      0,      0,45.5,34.6,61.3,47.4,41.8,34.5,57.3,45.5,45.5,34.6,61.3,47.4,41.8,34.5,57.3,45.5,0.0,0.0,0.0,0.0,0.0,0.0,0.0,0.0
2024-09-10,2024-09-13,0,597403,352427,289348,12470,58159,22540,4808,51928,19565,53388,26445,116742,581940,584727,15463,12676,597403,352427,289348,12470,58159,22540,4808,51928,19565,53388,26445,116742,581940,584727,15463,12676,0,0,0,0,0,0,0,0,0,0,0,0,0,0,0,0,   -3091,    7988,    2109,    -289,    5577,      36,    -467,    7157,   -1560,    3287,   -4573,  -12109,   -3114,   -3363,      23,     272,100.0,59.0,48.4,2.1,9.7,3.8,0.8,8.7,3.3,8.9,4.4,19.5,97.4,97.9,2.6,2.1,100.0,59.0,48.4,2.1,9.7,3.8,0.8,8.7,3.3,8.9,4.4,19.5,97.4,97.9,2.6,2.1,100.0,0.0,0.0,0.0,0.0,0.0,0.0,0.0,0.0,0.0,0.0,0.0,0.0,0.0,0.0,0.0,     45,     47,      6,     10,     14,.,     13,     13,     17,     25,     37,113,    119,     45,     47,      6,     10,     14,.,     13,     13,     17,     25,     37,    113,    119,      0,      0,      0,      0,      0,      0,      0,      0,      0,      0,      0,      0,      0,45.5,32.2,55.3,44.5,37.0,25.2,41.2,31.7,45.5,32.2,55.3,44.5,37.0,25.2,41.2,31.7,0.0,0.0,0.0,0.0,0.0,0.0,0.0,0.0
2024-09-10,2024-09-13,0,133970,22501,42070,26680,36161,5756,0,0,0,50265,23443,2943,108145,110373,25825,23597,133970,22501,42070,26680,36161,5756,0,0,0,50265,23443,2943,108145,110373,25825,23597,0,0,0,0,0,0,0,0,0,0,0,0,0,0,0,0,    1738,    1164,     677,     255,      90,    -220,       0,       0,       0,    -122,     261,     137,    1214,     945,     524,     793,100.0,16.8,31.4,19.9,27.0,4.3,0.0,0.0,0.0,37.5,17.5,2.2,80.7,82.4,19.3,17.6,100.0,16.8,31.4,19.9,27.0,4.3,0.0,0.0,0.0,37.5,17.5,2.2,80.7,82.4,19.3,17.6,100.0,0.0,0.0,0.0,0.0,0.0,0.0,0.0,0.0,0.0,0.0,0.0,0.0,0.0,0.0,0.0,     17,     15,      4,      7,      6,      0,      0,      0,      5,      5,      8,34,     33,     17,     15,      4,      7,      6,      0,      0,      0,      5,      5,      8,     34,     33,      0,      0,      0,      0,      0,      0,      0,      0,      0,      0,      0,      0,      0,44.7,34.4,60.6,47.1,41.1,34.3,56.7,45.1,44.7,34.4,60.6,47.1,41.1,34.3,56.7,45.1,0.0,0.0,0.0,0.0,0.0,0.0,0.0,0.0
2024-09-17,2024-09-20,0,601000,341998,298663,13201,52230,25006,6063,50637,21830,59454,17951,120252,587804,586569,13196,14431,601000,341998,298663,13201,52230,25006,6063,50637,21830,59454,17951,120252,587804,586569,13196,14431,0,0,0,0,0,0,0,0,0,0,0,0,0,0,0,0,    3597,  -10429,    9315,     731,   -5929,    2466,    1255,   -1291,    2265,    6066,   -8494,    3510,    5864,    1842,   -2267,    1755,100.0,56.9,49.7,2.2,8.7,4.2,1.0,8.4,3.6,9.9,3.0,20.0,97.8,97.6,2.2,2.4,100.0,56.9,49.7,2.2,8.7,4.2,1.0,8.4,3.6,9.9,3.0,20.0,97.8,97.6,2.2,2.4,100.0,0.0,0.0,0.0,0.0,0.0,0.0,0.0,0.0,0.0,0.0,0.0,0.0,0.0,0.0,0.0,     46,     44,      6,     10,     14,.,     12,     12,     16,     23,     35,111,    112,     46,     44,      6,     10,     14,.,     12,     12,     16,     23,     35,    111,    112,      0,      0,      0,      0,      0,      0,      0,      0,      0,      0,      0,      0,      0,45.5,31.9,56.2,44.6,37.3,25.2,41.1,31.5,45.5,31.9,56.2,44.6,37.3,25.2,41.1,31.5,0.0,0.0,0.0,0.0,0.0,0.0,0.0,0.0
2024-09-17,2024-09-20,0,135441,26485,44676,29626,36006,4752,0,0,0,48732,23550,2767,112362,111751,23079,23690,135441,26485,44676,29626,36006,4752,0,0,0,48732,23550,2767,112362,111751,23079,23690,0,0,0,0,0,0,0,0,0,0,0,0,0,0,0,0,    1471,    3984,    2606,    2946,    -155,   -1004,       0,       0,       0,   -1533,     107,    -176,    4217,    1378,   -2746,      93,100.0,19.6,33.0,21.9,26.6,3.5,0.0,0.0,0.0,36.0,17.4,2.0,83.0,82.5,17.0,17.5,100.0,19.6,33.0,21.9,26.6,3.5,0.0,0.0,0.0,36.0,17.4,2.0,83.0,82.5,17.0,17.5,100.0,0.0,0.0,0.0,0.0,0.0,0.0,0.0,0.0,0.0,0.0,0.0,0.0,0.0,0.0,0.0,     20,     16,      6,      6,      6,      0,      0,      0,      5,      5,      8,38,     34,     20,     16,      6,      6,      6,      0,      0,      0,      5,      5,      8,     38,     34,      0,      0,      0,      0,      0,      0,      0,      0,      0,      0,      0,      0,      0,42.1,34.4,57.5,47.5,39.1,34.3,54.3,45.8,42.1,34.4,57.5,47.5,39.1,34.3,54.3,45.8,0.0,0.0,0.0,0.0,0.0,0.0,0.0,0.0
2024-09-24,2024-09-27,0,607376,340676,310192,9314,50858,24009,7480,47930,23364,69838,15854,119699,594380,591906,12996,15470,607376,340676,310192,9314,50858,24009,7480,47930,23364,69838,15854,119699,594380,591906,12996,15470,0,0,0,0,0,0,0,0,0,0,0,0,0,0,0,0,    6376,   -1322,   11529,   -3887,   -1372,    -997,    1417,   -2707,    1534,   10384,   -2097,    -553,    6576,    5337,    -200,    1039,100.0,56.1,51.1,1.5,8.4,4.0,1.2,7.9,3.8,11.5,2.6,19.7,97.9,97.5,2.1,2.5,100.0,56.1,51.1,1.5,8.4,4.0,1.2,7.9,3.8,11.5,2.6,19.7,97.9,97.5,2.1,2.5,100.0,0.0,0.0,0.0,0.0,0.0,0.0,0.0,0.0,0.0,0.0,0.0,0.0,0.0,0.0,0.0,     43,     41,      6,      9,     14,      5,     10,     12,     20,     21,     39,113,    112,     43,     41,      6,      9,     14,      5,     10,     12,     20,     21,     39,    113,    112,      0,      0,      0,      0,      0,      0,      0,      0,      0,      0,      0,      0,      0,45.5,32.3,55.8,44.5,37.2,24.4,41.3,31.0,45.5,32.3,55.8,44.5,37.2,24.4,41.3,31.0,0.0,0.0,0.0,0.0,0.0,0.0,0.0,0.0
2024-09-24,2024-09-27,0,139146,29220,46895,29272,35778,5320,0,0,0,48988,20361,2804,115604,111158,23542,27988,139146,29220,46895,29272,35778,5320,0,0,0,48988,20361,2804,115604,111158,23542,27988,0,0,0,0,0,0,0,0,0,0,0,0,0,0,0,0,    3705,    2735,    2219,    -354,    -228,     568,       0,       0,       0,     256,   -3189,      37,    3242,    -593,     463,    4298,100.0,21.0,33.7,21.0,25.7,3.8,0.0,0.0,0.0,35.2,14.6,2.0,83.1,79.9,16.9,20.1,100.0,21.0,33.7,21.0,25.7,3.8,0.0,0.0,0.0,35.2,14.6,2.0,83.1,79.9,16.9,20.1,100.0,0.0,0.0,0.0,0.0,0.0,0.0,0.0,0.0,0.0,0.0,0.0,0.0,0.0,0.0,0.0,     21,     18,      6,      6,      6,      0,      0,      0,      5,      4,      7,38,     35,     21,     18,      6,      6,      6,      0,      0,      0,      5,      4,      7,     38,     35,      0,      0,      0,      0,      0,      0,      0,      0,      0,      0,      0,      0,      0,40.9,33.7,56.3,46.5,37.9,33.5,52.7,44.5,40.9,33.7,56.3,46.5,37.9,33.5,52.7,44.5,0.0,0.0,0.0,0.0,0.0,0.0,0.0,0.0
2024-10-01,2024-10-04,0,131676,20917,42763,30180,34394,4858,0,0,0,50936,19092,2588,109479,103695,22197,27981,131676,20917,42763,30180,34394,4858,0,0,0,50936,19092,2588,109479,103695,22197,27981,0,0,0,0,0,0,0,0,0,0,0,0,0,0,0,0,   -7470,   -8303,   -4132,     908,   -1384,    -462,       0,       0,       0,    1948,   -1269,    -216,   -6125,   -7463,   -1345,      -7,100.0,15.9,32.5,22.9,26.1,3.7,0.0,0.0,0.0,38.7,14.5,2.0,83.1,78.8,16.9,21.2,100.0,15.9,32.5,22.9,26.1,3.7,0.0,0.0,0.0,38.7,14.5,2.0,83.1,78.8,16.9,21.2,100.0,0.0,0.0,0.0,0.0,0.0,0.0,0.0,0.0,0.0,0.0,0.0,0.0,0.0,0.0,0.0,     16,     16,      6,      5,      5,      0,      0,      0,      5,      4,      5,31,     31,     16,     16,      6,      5,      5,      0,      0,      0,      5,      4,      5,     31,     31,      0,      0,      0,      0,      0,      0,      0,      0,      0,      0,      0,      0,      0,45.3,35.4,61.4,49.2,43.1,35.2,57.8,47.1,45.3,35.4,61.4,49.2,43.1,35.2,57.8,47.1,0.0,0.0,0.0,0.0,0.0,0.0,0.0,0.0
2024-10-01,2024-10-04,0,617401,366233,295385,8502,54295,20721,6540,50309,22392,53336,33943,125672,603396,602717,14005,14684,617401,366233,295385,8502,54295,20721,6540,50309,22392,53336,33943,125672,603396,602717,14005,14684,0,0,0,0,0,0,0,0,0,0,0,0,0,0,0,0,   10025,   25557,  -14807,    -812,    3437,   -3288,    -940,    2379,    -972,  -16502,   18089,    5973,    9016,   10811,    1009,    -786,100.0,59.3,47.8,1.4,8.8,3.4,1.1,8.1,3.6,8.6,5.5,20.4,97.7,97.6,2.3,2.4,100.0,59.3,47.8,1.4,8.8,3.4,1.1,8.1,3.6,8.6,5.5,20.4,97.7,97.6,2.3,2.4,100.0,0.0,0.0,0.0,0.0,0.0,0.0,0.0,0.0,0.0,0.0,0.0,0.0,0.0,0.0,0.0,     43,     39,      5,      9,     13,.,     14,     12,     18,     22,     37,110,    107,     43,     39,      5,      9,     13,.,     14,     12,     18,     22,     37,    110,    107,      0,      0,      0,      0,      0,      0,      0,      0,      0,      0,      0,      0,      0,44.1,32.7,55.1,45.2,37.4,24.4,42.1,30.9,44.1,32.7,55.1,45.2,37.4,24.4,42.1,30.9,0.0,0.0,0.0,0.0,0.0,0.0,0.0,0.0
2024-10-08,2024-10-11,0,141004,20739,44272,36625,37725,4338,0,0,0,53944,24872,2401,118047,113608,22957,27396,141004,20739,44272,36625,37725,4338,0,0,0,53944,24872,2401,118047,113608,22957,27396,0,0,0,0,0,0,0,0,0,0,0,0,0,0,0,0,    9328,    -178,    1509,    6445,    3331,    -520,       0,       0,       0,    3008,    5780,    -187,    8568,    9913,     760,    -585,100.0,14.7,31.4,26.0,26.8,3.1,0.0,0.0,0.0,38.3,17.6,1.7,83.7,80.6,16.3,19.4,100.0,14.7,31.4,26.0,26.8,3.1,0.0,0.0,0.0,38.3,17.6,1.7,83.7,80.6,16.3,19.4,100.0,0.0,0.0,0.0,0.0,0.0,0.0,0.0,0.0,0.0,0.0,0.0,0.0,0.0,0.0,0.0,     17,     16,      6,      5,      6,      0,      0,      0,      5,      5,      6,33,     33,     17,     16,      6,      5,      6,      0,      0,      0,      5,      5,      6,     33,     33,      0,      0,      0,      0,      0,      0,      0,      0,      0,      0,      0,      0,      0,46.2,36.3,62.8,50.5,44.2,36.1,59.8,48.5,46.2,36.3,62.8,50.5,44.2,36.1,59.8,48.5,0.0,0.0,0.0,0.0,0.0,0.0,0.0,0.0
2024-10-08,2024-10-11,0,637812,376305,293122,10715,61974,26798,7132,53666,20160,56076,45444,124739,621925,625903,15887,11909,637812,376305,293122,10715,61974,26798,7132,53666,20160,56076,45444,124739,621925,625903,15887,11909,0,0,0,0,0,0,0,0,0,0,0,0,0,0,0,0,   20411,   10072,   -2263,    2213,    7679,    6077,     592,    3357,   -2232,    2740,   11501,    -933,   18529,   23186,    1882,   -2775,100.0,59.0,46.0,1.7,9.7,4.2,1.1,8.4,3.2,8.8,7.1,19.6,97.5,98.1,2.5,1.9,100.0,59.0,46.0,1.7,9.7,4.2,1.1,8.4,3.2,8.8,7.1,19.6,97.5,98.1,2.5,1.9,100.0,0.0,0.0,0.0,0.0,0.0,0.0,0.0,0.0,0.0,0.0,0.0,0.0,0.0,0.0,0.0,     44,     42,      6,      8,     14,      4,     14,     12,     15,     28,     39,116,    113,     44,     42,      6,      8,     14,      4,     14,     12,     15,     28,     39,    116,    113,      0,      0,      0,      0,      0,      0,      0,      0,      0,      0,      0,      0,      0,43.3,31.5,53.4,43.4,37.1,23.4,42.7,32.0,43.3,31.5,53.4,43.4,37.1,23.4,42.7,32.0,0.0,0.0,0.0,0.0,0.0,0.0,0.0,0.0
2024-10-15,2024-10-18,0,145464,22263,47218,37252,37478,4341,0,0,0,55078,25846,2466,121400,117349,24064,28115,145464,22263,47218,37252,37478,4341,0,0,0,55078,25846,2466,121400,117349,24064,28115,0,0,0,0,0,0,0,0,0,0,0,0,0,0,0,0,    4460,    1524,    2946,     627,    -247,       3,       0,       0,       0,    1134,     974,      65,    3353,    3741,    1107,     719,100.0,15.3,32.5,25.6,25.8,3.0,0.0,0.0,0.0,37.9,17.8,1.7,83.5,80.7,16.5,19.3,100.0,15.3,32.5,25.6,25.8,3.0,0.0,0.0,0.0,37.9,17.8,1.7,83.5,80.7,16.5,19.3,100.0,0.0,0.0,0.0,0.0,0.0,0.0,0.0,0.0,0.0,0.0,0.0,0.0,0.0,0.0,0.0,     20,     16,      6,      5,      6,      0,      0,      0,      5,      6,      6,37,     33,     20,     16,      6,      5,      6,      0,      0,      0,      5,      6,      6,     37,     33,      0,      0,      0,      0,      0,      0,      0,      0,      0,      0,      0,      0,      0,45.6,35.8,61.9,49.8,43.6,35.3,59.1,47.9,45.6,35.8,61.9,49.8,43.6,35.3,59.1,47.9,0.0,0.0,0.0,0.0,0.0,0.0,0.0,0.0
2024-10-15,2024-10-18,0,627956,354097,274086,11707,65268,26066,6735,57793,20314,59173,38359,133871,611963,615757,15993,12199,627956,354097,274086,11707,65268,26066,6735,57793,20314,59173,38359,133871,611963,615757,15993,12199,0,0,0,0,0,0,0,0,0,0,0,0,0,0,0,0,   -9856,  -22208,  -19036,     992,    3294,    -732,    -397,    4127,     154,    3097,   -7085,    9132,   -9962,  -10146,     106,     290,100.0,56.4,43.6,1.9,10.4,4.2,1.1,9.2,3.2,9.4,6.1,21.3,97.5,98.1,2.5,1.9,100.0,56.4,43.6,1.9,10.4,4.2,1.1,9.2,3.2,9.4,6.1,21.3,97.5,98.1,2.5,1.9,100.0,0.0,0.0,0.0,0.0,0.0,0.0,0.0,0.0,0.0,0.0,0.0,0.0,0.0,0.0,0.0,     40,     37,      6,      8,     13,.,     15,     12,     18,     21,     38,108,    105,     40,     37,      6,      8,     13,.,     15,     12,     18,     21,     38,    108,    105,      0,      0,      0,      0,      0,      0,      0,      0,      0,      0,      0,      0,      0,45.1,32.3,55.6,44.1,37.6,23.3,43.3,31.2,45.1,32.3,55.6,44.1,37.6,23.3,43.3,31.2,0.0,0.0,0.0,0.0,0.0,0.0,0.0,0.0
2024-10-22,2024-10-25,0,146756,23578,48493,37432,37178,4319,0,0,0,53721,25652,2850,121900,118492,24856,28264,146756,23578,48493,37432,37178,4319,0,0,0,53721,25652,2850,121900,118492,24856,28264,0,0,0,0,0,0,0,0,0,0,0,0,0,0,0,0,    1292,    1315,    1275,     180,    -300,     -22,       0,       0,       0,   -1357,    -194,     384,     500,    1143,     792,     149,100.0,16.1,33.0,25.5,25.3,2.9,0.0,0.0,0.0,36.6,17.5,1.9,83.1,80.7,16.9,19.3,100.0,16.1,33.0,25.5,25.3,2.9,0.0,0.0,0.0,36.6,17.5,1.9,83.1,80.7,16.9,19.3,100.0,0.0,0.0,0.0,0.0,0.0,0.0,0.0,0.0,0.0,0.0,0.0,0.0,0.0,0.0,0.0,     20,     17,      6,      5,      6,      0,      0,      0,      5,      6,      6,37,     34,     20,     17,      6,      5,      6,      0,      0,      0,      5,      6,      6,     37,     34,      0,      0,      0,      0,      0,      0,      0,      0,      0,      0,      0,      0,      0,44.7,35.8,61.1,49.7,42.8,35.0,58.4,47.6,44.7,35.8,61.1,49.7,42.8,35.0,58.4,47.6,0.0,0.0,0.0,0.0,0.0,0.0,0.0,0.0
2024-10-22,2024-10-25,0,629344,358062,277968,11145,66422,25586,6518,57719,20019,61904,41262,130979,614213,619955,15131,9389,629344,358062,277968,11145,66422,25586,6518,57719,20019,61904,41262,130979,614213,619955,15131,9389,0,0,0,0,0,0,0,0,0,0,0,0,0,0,0,0,    1388,    3965,    3882,    -562,    1154,    -480,    -217,     -74,    -295,    2731,    2903,   -2892,    2250,    4198,    -862,   -2810,100.0,56.9,44.2,1.8,10.6,4.1,1.0,9.2,3.2,9.8,6.6,20.8,97.6,98.5,2.4,1.5,100.0,56.9,44.2,1.8,10.6,4.1,1.0,9.2,3.2,9.8,6.6,20.8,97.6,98.5,2.4,1.5,100.0,0.0,0.0,0.0,0.0,0.0,0.0,0.0,0.0,0.0,0.0,0.0,0.0,0.0,0.0,0.0,     43,     43,      6,      8,     13,.,     17,     12,     15,     28,     41,113,    117,     43,     43,      6,      8,     13,.,     17,     12,     15,     28,     41,    113,    117,      0,      0,      0,      0,      0,      0,      0,      0,      0,      0,      0,      0,      0,43.9,32.0,54.4,44.2,36.1,23.4,41.2,31.6,43.9,32.0,54.4,44.2,36.1,23.4,41.2,31.6,0.0,0.0,0.0,0.0,0.0,0.0,0.0,0.0
2024-10-29,2024-11-01,0,155520,26738,49692,41322,38911,5279,0,0,0,48760,26670,7275,129374,127827,26146,27693,155520,26738,49692,41322,38911,5279,0,0,0,48760,26670,7275,129374,127827,26146,27693,0,0,0,0,0,0,0,0,0,0,0,0,0,0,0,0,    8764,    3160,    1199,    3890,    1733,     960,       0,       0,       0,   -4961,    1018,    4425,    7474,    9335,    1290,    -571,100.0,17.2,32.0,26.6,25.0,3.4,0.0,0.0,0.0,31.4,17.1,4.7,83.2,82.2,16.8,17.8,100.0,17.2,32.0,26.6,25.0,3.4,0.0,0.0,0.0,31.4,17.1,4.7,83.2,82.2,16.8,17.8,100.0,0.0,0.0,0.0,0.0,0.0,0.0,0.0,0.0,0.0,0.0,0.0,0.0,0.0,0.0,0.0,     21,     17,      7,      5,      7,      0,      0,      0,      4,      7,      7,39,     36,     21,     17,      7,      5,      7,      0,      0,      0,      4,      7,      7,     39,     36,      0,      0,      0,      0,      0,      0,      0,      0,      0,      0,      0,      0,      0,42.5,34.5,57.3,49.6,40.3,34.0,54.0,46.7,42.5,34.5,57.3,49.6,40.3,34.0,54.0,46.7,0.0,0.0,0.0,0.0,0.0,0.0,0.0,0.0
2024-10-29,2024-11-01,0,643322,358530,297397,10344,64148,28751,7048,56064,22026,71417,32163,131557,629673,632106,13649,11216,643322,358530,297397,10344,64148,28751,7048,56064,22026,71417,32163,131557,629673,632106,13649,11216,0,0,0,0,0,0,0,0,0,0,0,0,0,0,0,0,   13978,     468,   19429,    -801,   -2274,    3165,     530,   -1655,    2007,    9513,   -9099,     578,   15460,   12151,   -1482,    1827,100.0,55.7,46.2,1.6,10.0,4.5,1.1,8.7,3.4,11.1,5.0,20.4,97.9,98.3,2.1,1.7,100.0,55.7,46.2,1.6,10.0,4.5,1.1,8.7,3.4,11.1,5.0,20.4,97.9,98.3,2.1,1.7,100.0,0.0,0.0,0.0,0.0,0.0,0.0,0.0,0.0,0.0,0.0,0.0,0.0,0.0,0.0,0.0,     49,     43,      6,      8,     13,.,     15,     10,     20,     23,     40,118,    114,     49,     43,      6,      8,     13,.,     15,     10,     20,     23,     40,    118,    114,      0,      0,      0,      0,      0,      0,      0,      0,      0,      0,      0,      0,      0,41.2,31.1,51.6,43.6,33.4,24.4,39.0,32.4,41.2,31.1,51.6,43.6,33.4,24.4,39.0,32.4,0.0,0.0,0.0,0.0,0.0,0.0,0.0,0.0
2024-11-05,2024-11-08,0,137261,17812,40616,44117,32900,2446,0,0,0,40836,27170,6405,111616,109537,25645,27724,137261,17812,40616,44117,32900,2446,0,0,0,40836,27170,6405,111616,109537,25645,27724,0,0,0,0,0,0,0,0,0,0,0,0,0,0,0,0,  -18259,   -8926,   -9076,    2795,   -6011,   -2833,       0,       0,       0,   -7924,     500,    -870,  -17758,  -18290,    -501,      31,100.0,13.0,29.6,32.1,24.0,1.8,0.0,0.0,0.0,29.8,19.8,4.7,81.3,79.8,18.7,20.2,100.0,13.0,29.6,32.1,24.0,1.8,0.0,0.0,0.0,29.8,19.8,4.7,81.3,79.8,18.7,20.2,100.0,0.0,0.0,0.0,0.0,0.0,0.0,0.0,0.0,0.0,0.0,0.0,0.0,0.0,0.0,0.0,     15,     14,      7,      4,      6,      0,      0,      0,      4,      7,      6,32,     31,     15,     14,      7,      4,      6,      0,      0,      0,      4,      7,      6,     32,     31,      0,      0,      0,      0,      0,      0,      0,      0,      0,      0,      0,      0,      0,45.6,37.4,61.6,53.3,44.6,37.3,58.7,51.4,45.6,37.4,61.6,53.3,44.6,37.3,58.7,51.4,0.0,0.0,0.0,0.0,0.0,0.0,0.0,0.0
2024-11-05,2024-11-08,0,679338,373206,316765,9859,64407,35191,7206,58766,21126,78821,29056,141770,667179,667081,12159,12257,679338,373206,316765,9859,64407,35191,7206,58766,21126,78821,29056,141770,667179,667081,12159,12257,0,0,0,0,0,0,0,0,0,0,0,0,0,0,0,0,   36016,   14676,   19368,    -485,     259,    6440,     158,    2702,    -900,    7404,   -3107,   10213,   37506,   34975,   -1490,    1041,100.0,54.9,46.6,1.5,9.5,5.2,1.1,8.7,3.1,11.6,4.3,20.9,98.2,98.2,1.8,1.8,100.0,54.9,46.6,1.5,9.5,5.2,1.1,8.7,3.1,11.6,4.3,20.9,98.2,98.2,1.8,1.8,100.0,0.0,0.0,0.0,0.0,0.0,0.0,0.0,0.0,0.0,0.0,0.0,0.0,0.0,0.0,0.0,     50,     45,      6,      8,     12,      5,     15,     10,     18,     25,     39,118,    116,     50,     45,      6,      8,     12,      5,     15,     10,     18,     25,     39,    118,    116,      0,      0,      0,      0,      0,      0,      0,      0,      0,      0,      0,      0,      0,41.1,31.2,51.4,43.5,33.7,24.1,39.3,32.4,41.1,31.2,51.4,43.5,33.7,24.1,39.3,32.4,0.0,0.0,0.0,0.0,0.0,0.0,0.0,0.0
2024-11-12,2024-11-15,0,693238,383745,319352,7921,64743,33659,6199,63583,20632,77335,27520,152319,681810,681808,11428,11430,693238,383745,319352,7921,64743,33659,6199,63583,20632,77335,27520,152319,681810,681808,11428,11430,0,0,0,0,0,0,0,0,0,0,0,0,0,0,0,0,   13900,   10539,    2587,   -1938,     336,   -1532,   -1007,    4817,    -494,   -1486,   -1536,   10549,   14631,   14727,    -731,    -827,100.0,55.4,46.1,1.1,9.3,4.9,0.9,9.2,3.0,11.2,4.0,22.0,98.4,98.4,1.6,1.6,100.0,55.4,46.1,1.1,9.3,4.9,0.9,9.2,3.0,11.2,4.0,22.0,98.4,98.4,1.6,1.6,100.0,0.0,0.0,0.0,0.0,0.0,0.0,0.0,0.0,0.0,0.0,0.0,0.0,0.0,0.0,0.0,     45,     44,      6,      8,     13,      5,     17,     11,     20,     23,     40,116,    119,     45,     44,      6,      8,     13,      5,     17,     11,     20,     23,     40,    116,    119,      0,      0,      0,      0,      0,      0,      0,      0,      0,      0,      0,      0,      0,41.8,29.2,52.1,41.2,33.4,21.8,38.7,31.2,41.8,29.2,52.1,41.2,33.4,21.8,38.7,31.2,0.0,0.0,0.0,0.0,0.0,0.0,0.0,0.0
2024-11-12,2024-11-15,0,140729,20270,42423,43962,33313,3144,0,0,0,40706,27343,6936,115018,113159,25711,27570,140729,20270,42423,43962,33313,3144,0,0,0,40706,27343,6936,115018,113159,25711,27570,0,0,0,0,0,0,0,0,0,0,0,0,0,0,0,0,    3468,    2458,    1807,    -155,     413,     698,       0,       0,       0,    -130,     173,     531,    3402,    3622,      66,    -154,100.0,14.4,30.1,31.2,23.7,2.2,0.0,0.0,0.0,28.9,19.4,4.9,81.7,80.4,18.3,19.6,100.0,14.4,30.1,31.2,23.7,2.2,0.0,0.0,0.0,28.9,19.4,4.9,81.7,80.4,18.3,19.6,100.0,0.0,0.0,0.0,0.0,0.0,0.0,0.0,0.0,0.0,0.0,0.0,0.0,0.0,0.0,0.0,     16,     15,      7,      4,      6,      0,      0,      0,      4,      7,      6,33,     32,     16,     15,      7,      4,      6,      0,      0,      0,      4,      7,      6,     33,     32,      0,      0,      0,      0,      0,      0,      0,      0,      0,      0,      0,      0,      0,44.9,36.9,60.7,52.3,43.9,36.9,57.8,51.0,44.9,36.9,60.7,52.3,43.9,36.9,57.8,51.0,0.0,0.0,0.0,0.0,0.0,0.0,0.0,0.0
2024-11-19,2024-11-22,0,708539,412919,338741,8557,60719,35882,6504,61757,21978,67978,34168,144526,698344,697771,10195,10768,708539,412919,338741,8557,60719,35882,6504,61757,21978,67978,34168,144526,698344,697771,10195,10768,0,0,0,0,0,0,0,0,0,0,0,0,0,0,0,0,   15301,   29174,   19389,     636,   -4024,    2223,     305,   -1826,    1346,   -9357,    6648,   -7793,   16534,   15963,   -1233,    -662,100.0,58.3,47.8,1.2,8.6,5.1,0.9,8.7,3.1,9.6,4.8,20.4,98.6,98.5,1.4,1.5,100.0,58.3,47.8,1.2,8.6,5.1,0.9,8.7,3.1,9.6,4.8,20.4,98.6,98.5,1.4,1.5,100.0,0.0,0.0,0.0,0.0,0.0,0.0,0.0,0.0,0.0,0.0,0.0,0.0,0.0,0.0,0.0,     47,     47,      5,      8,     13,      4,     17,     10,     15,     26,     39,112,    122,     47,     47,      5,      8,     13,      4,     17,     10,     15,     26,     39,    112,    122,      0,      0,      0,      0,      0,      0,      0,      0,      0,      0,      0,      0,      0,41.2,31.5,52.1,42.4,34.2,23.3,39.5,32.0,41.2,31.5,52.1,42.4,34.2,23.3,39.5,32.0,0.0,0.0,0.0,0.0,0.0,0.0,0.0,0.0
2024-11-19,2024-11-22,0,147249,24753,47985,43922,35924,3150,0,0,0,45572,27751,5642,123039,120452,24210,26797,147249,24753,47985,43922,35924,3150,0,0,0,45572,27751,5642,123039,120452,24210,26797,0,0,0,0,0,0,0,0,0,0,0,0,0,0,0,0,    6520,    4483,    5562,     -40,    2611,       6,       0,       0,       0,    4866,     408,   -1294,    8021,    7293,   -1501,    -773,100.0,16.8,32.6,29.8,24.4,2.1,0.0,0.0,0.0,30.9,18.8,3.8,83.6,81.8,16.4,18.2,100.0,16.8,32.6,29.8,24.4,2.1,0.0,0.0,0.0,30.9,18.8,3.8,83.6,81.8,16.4,18.2,100.0,0.0,0.0,0.0,0.0,0.0,0.0,0.0,0.0,0.0,0.0,0.0,0.0,0.0,0.0,0.0,     19,     18,      7,      4,      6,      0,      0,      0,      5,      6,      5,35,     35,     19,     18,      7,      4,      6,      0,      0,      0,      5,      6,      5,     35,     35,      0,      0,      0,      0,      0,      0,      0,      0,      0,      0,      0,      0,      0,44.3,35.7,60.9,50.2,43.4,35.5,57.9,49.6,44.3,35.7,60.9,50.2,43.4,35.5,57.9,49.6,0.0,0.0,0.0,0.0,0.0,0.0,0.0,0.0
2024-11-26,2024-11-29,0,149662,24451,46211,43202,37043,4126,0,0,0,46274,27712,6028,124081,121120,25581,28542,149662,24451,46211,43202,37043,4126,0,0,0,46274,27712,6028,124081,121120,25581,28542,0,0,0,0,0,0,0,0,0,0,0,0,0,0,0,0,    2413,    -302,   -1774,    -720,    1119,     976,       0,       0,       0,     702,     -39,     386,    1042,     668,    1371,    1745,100.0,16.3,30.9,28.9,24.8,2.8,0.0,0.0,0.0,30.9,18.5,4.0,82.9,80.9,17.1,19.1,100.0,16.3,30.9,28.9,24.8,2.8,0.0,0.0,0.0,30.9,18.5,4.0,82.9,80.9,17.1,19.1,100.0,0.0,0.0,0.0,0.0,0.0,0.0,0.0,0.0,0.0,0.0,0.0,0.0,0.0,0.0,0.0,     17,     17,      7,      4,      6,      0,      0,      0,      5,      6,      5,33,     34,     17,     17,      7,      4,      6,      0,      0,      0,      5,      6,      5,     33,     34,      0,      0,      0,      0,      0,      0,      0,      0,      0,      0,      0,      0,      0,43.9,35.8,61.0,50.0,43.0,35.6,57.4,49.6,43.9,35.8,61.0,50.0,43.0,35.6,57.4,49.6,0.0,0.0,0.0,0.0,0.0,0.0,0.0,0.0
2024-11-26,2024-11-29,0,702683,416771,348195,11518,55461,29204,7019,60885,20569,67093,36361,140015,692189,690690,10494,11993,702683,416771,348195,11518,55461,29204,7019,60885,20569,67093,36361,140015,692189,690690,10494,11993,0,0,0,0,0,0,0,0,0,0,0,0,0,0,0,0,   -5856,    3852,    9454,    2961,   -5258,   -6678,     515,    -872,   -1409,    -885,    2193,   -4511,   -6155,   -7081,     299,    1225,100.0,59.3,49.6,1.6,7.9,4.2,1.0,8.7,2.9,9.5,5.2,19.9,98.5,98.3,1.5,1.7,100.0,59.3,49.6,1.6,7.9,4.2,1.0,8.7,2.9,9.5,5.2,19.9,98.5,98.3,1.5,1.7,100.0,0.0,0.0,0.0,0.0,0.0,0.0,0.0,0.0,0.0,0.0,0.0,0.0,0.0,0.0,0.0,     46,     44,      5,      8,     13,      5,     13,      9,     14,     27,     36,109,    114,     46,     44,      5,      8,     13,      5,     13,      9,     14,     27,     36,    109,    114,      0,      0,      0,      0,      0,      0,      0,      0,      0,      0,      0,      0,      0,43.2,33.6,55.0,44.4,38.1,26.5,43.7,34.3,43.2,33.6,55.0,44.4,38.1,26.5,43.7,34.3,0.0,0.0,0.0,0.0,0.0,0.0,0.0,0.0
2024-12-03,2024-12-06,0,134738,18266,40276,41904,34623,3206,0,0,0,42121,23944,5830,111327,107879,23411,26859,134738,18266,40276,41904,34623,3206,0,0,0,42121,23944,5830,111327,107879,23411,26859,0,0,0,0,0,0,0,0,0,0,0,0,0,0,0,0,  -14924,   -6185,   -5935,   -1298,   -2420,    -920,       0,       0,       0,   -4153,   -3768,    -198,  -12754,  -13241,   -2170,   -1683,100.0,13.6,29.9,31.1,25.7,2.4,0.0,0.0,0.0,31.3,17.8,4.3,82.6,80.1,17.4,19.9,100.0,13.6,29.9,31.1,25.7,2.4,0.0,0.0,0.0,31.3,17.8,4.3,82.6,80.1,17.4,19.9,100.0,0.0,0.0,0.0,0.0,0.0,0.0,0.0,0.0,0.0,0.0,0.0,0.0,0.0,0.0,0.0,     15,     17,      7,      4,      6,      0,      0,      0,      5,      6,      6,31,     35,     15,     17,      7,      4,      6,      0,      0,      0,      5,      6,      6,     31,     35,      0,      0,      0,      0,      0,      0,      0,      0,      0,      0,      0,      0,      0,46.6,37.2,63.2,52.6,46.0,37.0,60.8,50.9,46.6,37.2,63.2,52.6,46.0,37.0,60.8,50.9,0.0,0.0,0.0,0.0,0.0,0.0,0.0,0.0
2024-12-03,2024-12-06,0,703087,402399,346527,11925,53890,29071,7337,63414,19828,76381,32946,146596,693537,692272,9550,10815,703087,402399,346527,11925,53890,29071,7337,63414,19828,76381,32946,146596,693537,692272,9550,10815,0,0,0,0,0,0,0,0,0,0,0,0,0,0,0,0,     404,  -14372,   -1668,     407,   -1571,    -133,     318,    2529,    -741,    9288,   -3415,    6581,    1348,    1582,    -944,   -1178,100.0,57.2,49.3,1.7,7.7,4.1,1.0,9.0,2.8,10.9,4.7,20.9,98.6,98.5,1.4,1.5,100.0,57.2,49.3,1.7,7.7,4.1,1.0,9.0,2.8,10.9,4.7,20.9,98.6,98.5,1.4,1.5,100.0,0.0,0.0,0.0,0.0,0.0,0.0,0.0,0.0,0.0,0.0,0.0,0.0,0.0,0.0,0.0,     45,     43,      5,      8,     13,      6,     13,     10,     15,     27,     37,111,    114,     45,     43,      5,      8,     13,      6,     13,     10,     15,     27,     37,    111,    114,      0,      0,      0,      0,      0,      0,      0,      0,      0,      0,      0,      0,      0,44.3,33.8,57.0,44.9,38.7,26.4,43.8,34.6,44.3,33.8,57.0,44.9,38.7,26.4,43.8,34.6,0.0,0.0,0.0,0.0,0.0,0.0,0.0,0.0
2024-12-10,2024-12-13,0,714185,408378,353710,12701,55897,27718,7154,64218,19219,82501,34144,145242,702913,700148,11272,14037,714185,408378,353710,12701,55897,27718,7154,64218,19219,82501,34144,145242,702913,700148,11272,14037,0,0,0,0,0,0,0,0,0,0,0,0,0,0,0,0,   11098,    5979,    7183,     776,    2007,   -1353,    -183,     804,    -609,    6120,    1198,   -1354,    9376,    7876,    1722,    3222,100.0,57.2,49.5,1.8,7.8,3.9,1.0,9.0,2.7,11.6,4.8,20.3,98.4,98.0,1.6,2.0,100.0,57.2,49.5,1.8,7.8,3.9,1.0,9.0,2.7,11.6,4.8,20.3,98.4,98.0,1.6,2.0,100.0,0.0,0.0,0.0,0.0,0.0,0.0,0.0,0.0,0.0,0.0,0.0,0.0,0.0,0.0,0.0,     47,     45,      6,      8,     13,      6,     13,     11,     14,     26,     36,113,    114,     47,     45,      6,      8,     13,      6,     13,     11,     14,     26,     36,    113,    114,      0,      0,      0,      0,      0,      0,      0,      0,      0,      0,      0,      0,      0,43.5,32.9,55.8,44.0,37.8,25.5,42.7,33.8,43.5,32.9,55.8,44.0,37.8,25.5,42.7,33.8,0.0,0.0,0.0,0.0,0.0,0.0,0.0,0.0
2024-12-10,2024-12-13,0,151130,33426,40350,41921,51016,3741,0,0,0,41915,24205,6700,127703,126012,23427,25118,151130,33426,40350,41921,51016,3741,0,0,0,41915,24205,6700,127703,126012,23427,25118,0,0,0,0,0,0,0,0,0,0,0,0,0,0,0,0,   16392,   15160,      74,      17,   16393,     535,       0,       0,       0,    -206,     261,     870,   16376,   18133,      16,   -1741,100.0,22.1,26.7,27.7,33.8,2.5,0.0,0.0,0.0,27.7,16.0,4.4,84.5,83.4,15.5,16.6,100.0,22.1,26.7,27.7,33.8,2.5,0.0,0.0,0.0,27.7,16.0,4.4,84.5,83.4,15.5,16.6,100.0,0.0,0.0,0.0,0.0,0.0,0.0,0.0,0.0,0.0,0.0,0.0,0.0,0.0,0.0,0.0,     19,     18,      7,      5,      7,      0,      0,      0,      5,      6,      6,36,     37,     19,     18,      7,      5,      7,      0,      0,      0,      5,      6,      6,     36,     37,      0,      0,      0,      0,      0,      0,      0,      0,      0,      0,      0,      0,      0,45.1,39.2,62.1,53.7,41.4,39.0,57.6,52.5,45.1,39.2,62.1,53.7,41.4,39.0,57.6,52.5,0.0,0.0,0.0,0.0,0.0,0.0,0.0,0.0
2024-12-17,2024-12-20,0,710746,398124,358199,10958,53254,26967,7996,62508,19986,87355,30050,149222,700608,700186,10138,10560,710746,398124,358199,10958,53254,26967,7996,62508,19986,87355,30050,149222,700608,700186,10138,10560,0,0,0,0,0,0,0,0,0,0,0,0,0,0,0,0,   -3439,  -10254,    4489,   -1743,   -2643,    -751,     842,   -1710,     767,    4854,   -4094,    3980,   -2305,      38,   -1134,   -3477,100.0,56.0,50.4,1.5,7.5,3.8,1.1,8.8,2.8,12.3,4.2,21.0,98.6,98.5,1.4,1.5,100.0,56.0,50.4,1.5,7.5,3.8,1.1,8.8,2.8,12.3,4.2,21.0,98.6,98.5,1.4,1.5,100.0,0.0,0.0,0.0,0.0,0.0,0.0,0.0,0.0,0.0,0.0,0.0,0.0,0.0,0.0,0.0,     48,     46,      6,      8,     14,      7,     14,     14,     17,     25,     38,121,    122,     48,     46,      6,      8,     14,      7,     14,     14,     17,     25,     38,    121,    122,      0,      0,      0,      0,      0,      0,      0,      0,      0,      0,      0,      0,      0,42.3,33.3,54.2,44.8,35.5,25.3,41.7,33.9,42.3,33.3,54.2,44.8,35.5,25.3,41.7,33.9,0.0,0.0,0.0,0.0,0.0,0.0,0.0,0.0
2024-12-17,2024-12-20,0,162902,37491,42068,42283,52989,3923,0,0,0,44819,27193,10317,138833,136490,24069,26412,162902,37491,42068,42283,52989,3923,0,0,0,44819,27193,10317,138833,136490,24069,26412,0,0,0,0,0,0,0,0,0,0,0,0,0,0,0,0,   11772,    4065,    1718,     362,    1973,     182,       0,       0,       0,    2904,    2988,    3617,   11130,   10478,     642,    1294,100.0,23.0,25.8,26.0,32.5,2.4,0.0,0.0,0.0,27.5,16.7,6.3,85.2,83.8,14.8,16.2,100.0,23.0,25.8,26.0,32.5,2.4,0.0,0.0,0.0,27.5,16.7,6.3,85.2,83.8,14.8,16.2,100.0,0.0,0.0,0.0,0.0,0.0,0.0,0.0,0.0,0.0,0.0,0.0,0.0,0.0,0.0,0.0,     19,     17,      7,      5,      6,      0,      0,      0,      4,      7,      6,36,     35,     19,     17,      7,      5,      6,      0,      0,      0,      4,      7,      6,     36,     35,      0,      0,      0,      0,      0,      0,      0,      0,      0,      0,      0,      0,      0,45.4,37.4,61.8,51.3,40.9,37.3,56.4,50.1,45.4,37.4,61.8,51.3,40.9,37.3,56.4,50.1,0.0,0.0,0.0,0.0,0.0,0.0,0.0,0.0
2024-12-24,2024-12-27,0,721736,406528,378815,12469,55949,24900,8287,50246,20394,82733,24902,155353,710664,710559,11072,11177,721736,406528,378815,12469,55949,24900,8287,50246,20394,82733,24902,155353,710664,710559,11072,11177,0,0,0,0,0,0,0,0,0,0,0,0,0,0,0,0,   10990,    8404,   20616,    1511,    2695,   -2067,     291,  -12262,     408,   -4622,   -5148,    6131,   10056,   10373,     934,     617,100.0,56.3,52.5,1.7,7.8,3.5,1.1,7.0,2.8,11.5,3.5,21.5,98.5,98.5,1.5,1.5,100.0,56.3,52.5,1.7,7.8,3.5,1.1,7.0,2.8,11.5,3.5,21.5,98.5,98.5,1.5,1.5,100.0,0.0,0.0,0.0,0.0,0.0,0.0,0.0,0.0,0.0,0.0,0.0,0.0,0.0,0.0,0.0,     49,     46,      6,      8,     14,      7,     13,     12,     21,     21,     39,121,    122,     49,     46,      6,      8,     14,      7,     13,     12,     21,     21,     39,    121,    122,      0,      0,      0,      0,      0,      0,      0,      0,      0,      0,      0,      0,      0,40.6,33.9,52.8,45.1,33.2,25.7,40.2,32.9,40.6,33.9,52.8,45.1,33.2,25.7,40.2,32.9,0.0,0.0,0.0,0.0,0.0,0.0,0.0,0.0
2024-12-24,2024-12-27,0,166999,38625,44182,47626,50445,3968,0,0,0,43519,28850,10562,144300,138007,22699,28992,166999,38625,44182,47626,50445,3968,0,0,0,43519,28850,10562,144300,138007,22699,28992,0,0,0,0,0,0,0,0,0,0,0,0,0,0,0,0,    4097,    1134,    2114,    5343,   -2544,      45,       0,       0,       0,   -1300,    1657,     245,    5467,    1517,   -1370,    2580,100.0,23.1,26.5,28.5,30.2,2.4,0.0,0.0,0.0,26.1,17.3,6.3,86.4,82.6,13.6,17.4,100.0,23.1,26.5,28.5,30.2,2.4,0.0,0.0,0.0,26.1,17.3,6.3,86.4,82.6,13.6,17.4,100.0,0.0,0.0,0.0,0.0,0.0,0.0,0.0,0.0,0.0,0.0,0.0,0.0,0.0,0.0,0.0,     19,     18,      8,      5,      6,      0,      0,      0,.,      7,      5,36,     35,     19,     18,      8,      5,      6,      0,      0,      0,.,      7,      5,     36,     35,      0,      0,      0,      0,      0,      0,      0,      0,      0,      0,      0,      0,      0,44.0,37.1,60.1,49.8,39.7,36.9,54.9,47.8,44.0,37.1,60.1,49.8,39.7,36.9,54.9,47.8,0.0,0.0,0.0,0.0,0.0,0.0,0.0,0.0
2024-12-31,2025-01-03,0,167767,38300,43779,48122,51567,3359,0,0,0,44604,28938,10457,144842,138100,22925,29667,167767,38300,43779,48122,51567,3359,0,0,0,44604,28938,10457,144842,138100,22925,29667,0,0,0,0,0,0,0,0,0,0,0,0,0,0,0,0,     768,    -325,    -403,     496,    1122,    -609,       0,       0,       0,    1085,      88,    -105,     542,      93,     226,     675,100.0,22.8,26.1,28.7,30.7,2.0,0.0,0.0,0.0,26.6,17.2,6.2,86.3,82.3,13.7,17.7,100.0,22.8,26.1,28.7,30.7,2.0,0.0,0.0,0.0,26.6,17.2,6.2,86.3,82.3,13.7,17.7,100.0,0.0,0.0,0.0,0.0,0.0,0.0,0.0,0.0,0.0,0.0,0.0,0.0,0.0,0.0,0.0,     19,     19,      8,      5,      6,      0,      0,      0,.,      7,      5,36,     36,     19,     19,      8,      5,      6,      0,      0,      0,.,      7,      5,     36,     36,      0,      0,      0,      0,      0,      0,      0,      0,      0,      0,      0,      0,      0,43.7,37.3,60.5,49.4,39.8,37.2,55.1,48.4,43.7,37.3,60.5,49.4,39.8,37.2,55.1,48.4,0.0,0.0,0.0,0.0,0.0,0.0,0.0,0.0
2024-12-31,2025-01-03,0,718014,403735,380357,16015,55768,22655,8226,50490,19665,83219,24296,154019,707534,707250,10480,10764,718014,403735,380357,16015,55768,22655,8226,50490,19665,83219,24296,154019,707534,707250,10480,10764,0,0,0,0,0,0,0,0,0,0,0,0,0,0,0,0,   -3722,   -2793,    1542,    3546,    -181,   -2245,     -61,     244,    -729,     486,    -606,   -1334,   -3130,   -3309,    -592,    -413,100.0,56.2,53.0,2.2,7.8,3.2,1.1,7.0,2.7,11.6,3.4,21.5,98.5,98.5,1.5,1.5,100.0,56.2,53.0,2.2,7.8,3.2,1.1,7.0,2.7,11.6,3.4,21.5,98.5,98.5,1.5,1.5,100.0,0.0,0.0,0.0,0.0,0.0,0.0,0.0,0.0,0.0,0.0,0.0,0.0,0.0,0.0,0.0,     47,     42,      7,      8,     14,      7,     13,     12,     22,     22,     41,122,    119,     47,     42,      7,      8,     14,      7,     13,     12,     22,     22,     41,    122,    119,      0,      0,      0,      0,      0,      0,      0,      0,      0,      0,      0,      0,      0,40.6,34.2,53.0,46.1,32.9,26.2,39.7,33.4,40.6,34.2,53.0,46.1,32.9,26.2,39.7,33.4,0.0,0.0,0.0,0.0,0.0,0.0,0.0,0.0
