REPORT_DATE_AS_YYYY-MM-DD,REF_WEEK_END,CFTC_NET_LONG,OPEN_INTEREST_ALL,PROD_MERC_POSITIONS_LONG_ALL,PROD_MERC_POSITIONS_SHORT_ALL,SWAP_POSITIONS_LONG_ALL,SWAP__POSITIONS_SHORT_ALL,SWAP__POSITIONS_SPREAD_ALL,M_MONEY_POSITIONS_LONG_ALL,M_MONEY_POSITIONS_SHORT_ALL,M_MONEY_POSITIONS_SPREAD_ALL,OTHER_REPT_POSITIONS_LONG_ALL,OTHER_REPT_POSITIONS_SHORT_ALL,OTHER_REPT_POSITIONS_SPREAD_ALL,TOT_REPT_POSITIONS_LONG_ALL,TOT_REPT_POSITIONS_SHORT_ALL,NONREPT_POSITIONS_LONG_ALL,NONREPT_POSITIONS_SHORT_ALL,OPEN_INTEREST_OLD,PROD_MERC_POSITIONS_LONG_OLD,PROD_MERC_POSITIONS_SHORT_OLD,SWAP_POSITIONS_LONG_OLD,SWAP__POSITIONS_SHORT_OLD,SWAP__POSITIONS_SPREAD_OLD,M_MONEY_POSITIONS_LONG_OLD,M_MONEY_POSITIONS_SHORT_OLD,M_MONEY_POSITIONS_SPREAD_OLD,OTHER_REPT_POSITIONS_LONG_OLD,OTHER_REPT_POSITIONS_SHORT_OLD,OTHER_REPT_POSITIONS_SPREAD_OLD,TOT_REPT_POSITIONS_LONG_OLD,TOT_REPT_POSITIONS_SHORT_OLD,NONREPT_POSITIONS_LONG_OLD,NONREPT_POSITIONS_SHORT_OLD,OPEN_INTEREST_OTHER,PROD_MERC_POSITIONS_LONG_OTHER,PROD_MERC_POSITIONS_SHORT_OTHER,SWAP_POSITIONS_LONG_OTHER,SWAP__POSITIONS_SHORT_OTHER,SWAP__POSITIONS_SPREAD_OTHER,M_MONEY_POSITIONS_LONG_OTHER,M_MONEY_POSITIONS_SHORT_OTHER,M_MONEY_POSITIONS_SPREAD_OTHER,OTHER_REPT_POSITIONS_LONG_OTHER,OTHER_REPT_POSITIONS_SHORT_OTHER,OTHER_REPT_POSITIONS_SPREAD_OTHER,TOT_REPT_POSITIONS_LONG_OTHER,TOT_REPT_POSITIONS_SHORT_OTHER,NONREPT_POSITIONS_LONG_OTHER,NONREPT_POSITIONS_SHORT_OTHER,CHANGE_IN_OPEN_INTEREST_ALL,CHANGE_IN_PROD_MERC_LONG_ALL,CHANGE_IN_PROD_MERC_SHORT_ALL,CHANGE_IN_SWAP_LONG_ALL,CHANGE_IN_SWAP_SHORT_ALL,CHANGE_IN_SWAP_SPREAD_ALL,CHANGE_IN_M_MONEY_LONG_ALL,CHANGE_IN_M_MONEY_SHORT_ALL,CHANGE_IN_M_MONEY_SPREAD_ALL,CHANGE_IN_OTHER_REPT_LONG_ALL,CHANGE_IN_OTHER_REPT_SHORT_ALL,CHANGE_IN_OTHER_REPT_SPREAD_ALL,CHANGE_IN_TOT_REPT_LONG_ALL,CHANGE_IN_TOT_REPT_SHORT_ALL,CHANGE_IN_NONREPT_LONG_ALL,CHANGE_IN_NONREPT_SHORT_ALL,PCT_OF_OPEN_INTEREST_ALL,PCT_OF_OI_PROD_MERC_LONG_ALL,PCT_OF_OI_PROD_MERC_SHORT_ALL,PCT_OF_OI_SWAP_LONG_ALL,PCT_OF_OI_SWAP_SHORT_ALL,PCT_OF_OI_SWAP_SPREAD_ALL,PCT_OF_OI_M_MONEY_LONG_ALL,PCT_OF_OI_M_MONEY_SHORT_ALL,PCT_OF_OI_M_MONEY_SPREAD_ALL,PCT_OF_OI_OTHER_REPT_LONG_ALL,PCT_OF_OI_OTHER_REPT_SHORT_ALL,PCT_OF_OI_OTHER_REPT_SPREAD_ALL,PCT_OF_OI_TOT_REPT_LONG_ALL,PCT_OF_OI_TOT_REPT_SHORT_ALL,PCT_OF_OI_NONREPT_LONG_ALL,PCT_OF_OI_NONREPT_SHORT_ALL,PCT_OF_OPEN_INTEREST_OLD,PCT_OF_OI_PROD_MERC_LONG_OLD,PCT_OF_OI_PROD_MERC_SHORT_OLD,PCT_OF_OI_SWAP_LONG_OLD,PCT_OF_OI_SWAP_SHORT_OLD,PCT_OF_OI_SWAP_SPREAD_OLD,PCT_OF_OI_M_MONEY_LONG_OLD,PCT_OF_OI_M_MONEY_SHORT_OLD,PCT_OF_OI_M_MONEY_SPREAD_OLD,PCT_OF_OI_OTHER_REPT_LONG_OLD,PCT_OF_OI_OTHER_REPT_SHORT_OLD,PCT_OF_OI_OTHER_REPT_SPREAD_OLD,PCT_OF_OI_TOT_REPT_LONG_OLD,PCT_OF_OI_TOT_REPT_SHORT_OLD,PCT_OF_OI_NONREPT_LONG_OLD,PCT_OF_OI_NONREPT_SHORT_OLD,PCT_OF_OPEN_INTEREST_OTHER,PCT_OF_OI_PROD_MERC_LONG_OTHER,PCT_OF_OI_PROD_MERC_SHORT_OTHER,PCT_OF_OI_SWAP_LONG_OTHER,PCT_OF_OI_SWAP_SHORT_OTHER,PCT_OF_OI_SWAP_SPREAD_OTHER,PCT_OF_OI_M_MONEY_LONG_OTHER,PCT_OF_OI_M_MONEY_SHORT_OTHER,PCT_OF_OI_M_MONEY_SPREAD_OTHER,PCT_OF_OI_OTHER_REPT_LONG_OTHER,PCT_OF_OI_OTHER_REPT_SHORT_OTHER,PCT_OF_OI_OTHER_REPT_SPREAD_OTHER,PCT_OF_OI_TOT_REPT_LONG_OTHER,PCT_OF_OI_TOT_REPT_SHORT_OTHER,PCT_OF_OI_NONREPT_LONG_OTHER,PCT_OF_OI_NONREPT_SHORT_OTHER,TRADERS_PROD_MERC_LONG_ALL,TRADERS_PROD_MERC_SHORT_ALL,TRADERS_SWAP_LONG_ALL,TRADERS_SWAP_SHORT_ALL,TRADERS_SWAP_SPREAD_ALL,TRADERS_M_MONEY_LONG_ALL,TRADERS_M_MONEY_SHORT_ALL,TRADERS_M_MONEY_SPREAD_ALL,TRADERS_OTHER_REPT_LONG_ALL,TRADERS_OTHER_REPT_SHORT_ALL,TRADERS_OTHER_REPT_SPREAD_ALL,TRADERS_TOT_REPT_LONG_ALL,TRADERS_TOT_REPT_SHORT_ALL,TRADERS_PROD_MERC_LONG_OLD,TRADERS_PROD_MERC_SHORT_OLD,TRADERS_SWAP_LONG_OLD,TRADERS_SWAP_SHORT_OLD,TRADERS_SWAP_SPREAD_OLD,TRADERS_M_MONEY_LONG_OLD,TRADERS_M_MONEY_SHORT_OLD,TRADERS_M_MONEY_SPREAD_OLD,TRADERS_OTHER_REPT_LONG_OLD,TRADERS_OTHER_REPT_SHORT_OLD,TRADERS_OTHER_REPT_SPREAD_OLD,TRADERS_TOT_REPT_LONG_OLD,TRADERS_TOT_REPT_SHORT_OLD,TRADERS_PROD_MERC_LONG_OTHER,TRADERS_PROD_MERC_SHORT_OTHER,TRADERS_SWAP_LONG_OTHER,TRADERS_SWAP_SHORT_OTHER,TRADERS_SWAP_SPREAD_OTHER,TRADERS_M_MONEY_LONG_OTHER,TRADERS_M_MONEY_SHORT_OTHER,TRADERS_M_MONEY_SPREAD_OTHER,TRADERS_OTHER_REPT_LONG_OTHER,TRADERS_OTHER_REPT_SHORT_OTHER,TRADERS_OTHER_REPT_SPREAD_OTHER,TRADERS_TOT_REPT_LONG_OTHER,TRADERS_TOT_REPT_SHORT_OTHER,CONC_GROSS_LE_4_TDR_LONG_ALL,CONC_GROSS_LE_4_TDR_SHORT_ALL,CONC_GROSS_LE_8_TDR_LONG_ALL,CONC_GROSS_LE_8_TDR_SHORT_ALL,CONC_NET_LE_4_TDR_LONG_ALL,CONC_NET_LE_4_TDR_SHORT_ALL,CONC_NET_LE_8_TDR_LONG_ALL,CONC_NET_LE_8_TDR_SHORT_ALL,CONC_GROSS_LE_4_TDR_LONG_OLD,CONC_GROSS_LE_4_TDR_SHORT_OLD,CONC_GROSS_LE_8_TDR_LONG_OLD,CONC_GROSS_LE_8_TDR_SHORT_OLD,CONC_NET_LE_4_TDR_LONG_OLD,CONC_NET_LE_4_TDR_SHORT_OLD,CONC_NET_LE_8_TDR_LONG_OLD,CONC_NET_LE_8_TDR_SHORT_OLD,CONC_GROSS_LE_4_TDR_LONG_OTHER,CONC_GROSS_LE_4_TDR_SHORT_OTHER,CONC_GROSS_LE_8_TDR_LONG_OTHER,CONC_GROSS_LE_8_TDR_SHORT_OTHER,CONC_NET_LE_4_TDR_LONG_OTHER,CONC_NET_LE_4_TDR_SHORT_OTHER,CONC_NET_LE_8_TDR_LONG_OTHER,CONC_NET_LE_8_TDR_SHORT_OTHER
2024-01-02,2024-01-05,0,572387,305561,283938,19080,46720,22453,9426,48967,21539,63729,16968,117501,559289,558086,13098,14301,572387,305561,283938,19080,46720,22453,9426,48967,21539,63729,16968,117501,559289,558086,13098,14301,0,0,0,0,0,0,0,0,0,0,0,0,0,0,0,0,   15188,    8646,    4698,    1050,     648,    2371,    1085,   -1973,       1,   -6714,   -1701,    7902,   14341,   11946,     847,    3242,100.0,53.4,49.6,3.3,8.2,3.9,1.6,8.6,3.8,11.1,3.0,20.5,97.7,97.5,2.3,2.5,100.0,53.4,49.6,3.3,8.2,3.9,1.6,8.6,3.8,11.1,3.0,20.5,97.7,97.5,2.3,2.5,100.0,0.0,0.0,0.0,0.0,0.0,0.0,0.0,0.0,0.0,0.0,0.0,0.0,0.0,0.0,0.0,     41,     37,      6,      9,     13,      5,      8,     13,     18,     18,     34,110,     98,     41,     37,      6,      9,     13,      5,      8,     13,     18,     18,     34,    110,     98,      0,      0,      0,      0,      0,      0,      0,      0,      0,      0,      0,      0,      0,34.2,34.7,47.0,48.8,25.1,26.3,35.0,33.8,34.2,34.7,47.0,48.8,25.1,26.3,35.0,33.8,0.0,0.0,0.0,0.0,0.0,0.0,0.0,0.0
2024-01-02,2024-01-05,0,126163,22977,38809,22823,27347,2021,0,0,0,51094,14604,6006,104921,88787,21242,37376,126163,22977,38809,22823,27347,2021,0,0,0,51094,14604,6006,104921,88787,21242,37376,0,0,0,0,0,0,0,0,0,0,0,0,0,0,0,0,  -21893,  -14675,   -7178,   -4683,   -7748,    -802,       0,       0,       0,    2676,   -5116,   -5654,  -23138,  -26498,    1245,    4605,100.0,18.2,30.8,18.1,21.7,1.6,0.0,0.0,0.0,40.5,11.6,4.8,83.2,70.4,16.8,29.6,100.0,18.2,30.8,18.1,21.7,1.6,0.0,0.0,0.0,40.5,11.6,4.8,83.2,70.4,16.8,29.6,100.0,0.0,0.0,0.0,0.0,0.0,0.0,0.0,0.0,0.0,0.0,0.0,0.0,0.0,0.0,0.0,     10,     16,      5,      5,      4,      0,      0,      0,      6,.,      5,24,     30,     10,     16,      5,      5,      4,      0,      0,      0,      6,.,      5,     24,     30,      0,      0,      0,      0,      0,      0,      0,      0,      0,      0,      0,      0,      0,50.6,30.1,67.1,44.3,48.8,30.1,62.0,42.6,50.6,30.1,67.1,44.3,48.8,30.1,62.0,42.6,0.0,0.0,0.0,0.0,0.0,0.0,0.0,0.0
2024-01-09,2024-01-12,0,127095,24454,37833,22823,28379,4060,0,0,0,49143,14604,6810,107290,91686,19805,35409,127095,24454,37833,22823,28379,4060,0,0,0,49143,14604,6810,107290,91686,19805,35409,0,0,0,0,0,0,0,0,0,0,0,0,0,0,0,0,     932,    1477,    -976,       0,    1032,    2039,       0,       0,       0,   -1951,       0,     804,    2369,    2899,   -1437,   -1967,100.0,19.2,29.8,18.0,22.3,3.2,0.0,0.0,0.0,38.7,11.5,5.4,84.4,72.1,15.6,27.9,100.0,19.2,29.8,18.0,22.3,3.2,0.0,0.0,0.0,38.7,11.5,5.4,84.4,72.1,15.6,27.9,100.0,0.0,0.0,0.0,0.0,0.0,0.0,0.0,0.0,0.0,0.0,0.0,0.0,0.0,0.0,0.0,     12,     15,      5,      6,      5,      0,      0,      0,      6,.,      5,27,     30,     12,     15,      5,      6,      5,      0,      0,      0,      6,.,      5,     27,     30,      0,      0,      0,      0,      0,      0,      0,      0,      0,      0,      0,      0,      0,50.1,29.7,67.3,43.5,48.3,29.7,62.7,42.4,50.1,29.7,67.3,43.5,48.3,29.7,62.7,42.4,0.0,0.0,0.0,0.0,0.0,0.0,0.0,0.0
2024-01-09,2024-01-12,0,584069,303816,284640,19766,49066,23095,5206,50335,28522,74400,16242,114636,569441,566536,14628,17533,584069,303816,284640,19766,49066,23095,5206,50335,28522,74400,16242,114636,569441,566536,14628,17533,0,0,0,0,0,0,0,0,0,0,0,0,0,0,0,0,   11682,   -1745,     702,     686,    2346,     642,   -4220,    1368,    6983,   10671,    -726,   -2865,   10152,    8450,    1530,    3232,100.0,52.0,48.7,3.4,8.4,4.0,0.9,8.6,4.9,12.7,2.8,19.6,97.5,97.0,2.5,3.0,100.0,52.0,48.7,3.4,8.4,4.0,0.9,8.6,4.9,12.7,2.8,19.6,97.5,97.0,2.5,3.0,100.0,0.0,0.0,0.0,0.0,0.0,0.0,0.0,0.0,0.0,0.0,0.0,0.0,0.0,0.0,0.0,     40,     36,      5,     10,     13,      4,      8,     12,     17,     17,     32,105,     94,     40,     36,      5,     10,     13,      4,      8,     12,     17,     17,     32,    105,     94,      0,      0,      0,      0,      0,      0,      0,      0,      0,      0,      0,      0,      0,34.7,33.7,48.3,48.4,26.3,25.7,36.1,33.4,34.7,33.7,48.3,48.4,26.3,25.7,36.1,33.4,0.0,0.0,0.0,0.0,0.0,0.0,0.0,0.0
2024-01-16,2024-01-19,0,623387,324876,303389,21696,50291,23515,3010,51760,34694,75905,17112,125699,609395,606460,13992,16927,623387,324876,303389,21696,50291,23515,3010,51760,34694,75905,17112,125699,609395,606460,13992,16927,0,0,0,0,0,0,0,0,0,0,0,0,0,0,0,0,   39318,   21060,   18749,    1930,    1225,     420,   -2196,    1425,    6172,    1505,     870,   11063,   39954,   39924,    -636,    -606,100.0,52.1,48.7,3.5,8.1,3.8,0.5,8.3,5.6,12.2,2.7,20.2,97.8,97.3,2.2,2.7,100.0,52.1,48.7,3.5,8.1,3.8,0.5,8.3,5.6,12.2,2.7,20.2,97.8,97.3,2.2,2.7,100.0,0.0,0.0,0.0,0.0,0.0,0.0,0.0,0.0,0.0,0.0,0.0,0.0,0.0,0.0,0.0,     43,     40,      5,     10,     15,.,     10,     13,     16,     20,     33,111,    101,     43,     40,      5,     10,     15,.,     10,     13,     16,     20,     33,    111,    101,      0,      0,      0,      0,      0,      0,      0,      0,      0,      0,      0,      0,      0,34.1,32.4,48.8,47.3,26.3,23.8,35.8,30.9,34.1,32.4,48.8,47.3,26.3,23.8,35.8,30.9,0.0,0.0,0.0,0.0,0.0,0.0,0.0,0.0
2024-01-16,2024-01-19,0,130893,28297,39005,22769,29976,4050,0,0,0,48038,14832,7562,110716,95425,20177,35468,130893,28297,39005,22769,29976,4050,0,0,0,48038,14832,7562,110716,95425,20177,35468,0,0,0,0,0,0,0,0,0,0,0,0,0,0,0,0,    3798,    3843,    1172,     -54,    1597,     -10,       0,       0,       0,   -1105,     228,     752,    3426,    3739,     372,      59,100.0,21.6,29.8,17.4,22.9,3.1,0.0,0.0,0.0,36.7,11.3,5.8,84.6,72.9,15.4,27.1,100.0,21.6,29.8,17.4,22.9,3.1,0.0,0.0,0.0,36.7,11.3,5.8,84.6,72.9,15.4,27.1,100.0,0.0,0.0,0.0,0.0,0.0,0.0,0.0,0.0,0.0,0.0,0.0,0.0,0.0,0.0,0.0,     15,     17,      5,      6,      5,      0,      0,      0,      6,.,      5,30,     32,     15,     17,      5,      6,      5,      0,      0,      0,      6,.,      5,     30,     32,      0,      0,      0,      0,      0,      0,      0,      0,      0,      0,      0,      0,      0,48.3,30.3,65.9,43.6,46.6,30.2,61.6,42.5,48.3,30.3,65.9,43.6,46.6,30.2,61.6,42.5,0.0,0.0,0.0,0.0,0.0,0.0,0.0,0.0
2024-01-23,2024-01-26,0,133918,29603,39134,22769,31007,4059,0,0,0,48232,15198,8150,112813,97548,21105,36370,133918,29603,39134,22769,31007,4059,0,0,0,48232,15198,8150,112813,97548,21105,36370,0,0,0,0,0,0,0,0,0,0,0,0,0,0,0,0,    3025,    1306,     129,       0,    1031,       9,       0,       0,       0,     194,     366,     588,    2097,    2123,     928,     902,100.0,22.1,29.2,17.0,23.2,3.0,0.0,0.0,0.0,36.0,11.3,6.1,84.2,72.8,15.8,27.2,100.0,22.1,29.2,17.0,23.2,3.0,0.0,0.0,0.0,36.0,11.3,6.1,84.2,72.8,15.8,27.2,100.0,0.0,0.0,0.0,0.0,0.0,0.0,0.0,0.0,0.0,0.0,0.0,0.0,0.0,0.0,0.0,     15,     17,      5,      6,      5,      0,      0,      0,      6,.,      6,30,     33,     15,     17,      5,      6,      5,      0,      0,      0,      6,.,      6,     30,     33,      0,      0,      0,      0,      0,      0,      0,      0,      0,      0,      0,      0,      0,47.6,30.2,65.0,43.5,46.7,30.1,61.5,42.2,47.6,30.2,65.0,43.5,46.7,30.1,61.5,42.2,0.0,0.0,0.0,0.0,0.0,0.0,0.0,0.0
2024-01-23,2024-01-26,0,597807,292847,309146,21524,41853,26895,10907,47489,24571,85890,12042,121577,584211,583573,13596,14234,597807,292847,309146,21524,41853,26895,10907,47489,24571,85890,12042,121577,584211,583573,13596,14234,0,0,0,0,0,0,0,0,0,0,0,0,0,0,0,0,  -25580,  -32029,    5757,    -172,   -8438,    3380,    7897,   -4271,  -10123,    9985,   -5070,   -4122,  -25184,  -22887,    -396,   -2693,100.0,49.0,51.7,3.6,7.0,4.5,1.8,7.9,4.1,14.4,2.0,20.3,97.7,97.6,2.3,2.4,100.0,49.0,51.7,3.6,7.0,4.5,1.8,7.9,4.1,14.4,2.0,20.3,97.7,97.6,2.3,2.4,100.0,0.0,0.0,0.0,0.0,0.0,0.0,0.0,0.0,0.0,0.0,0.0,0.0,0.0,0.0,0.0,     43,     44,      5,     10,     13,      6,     12,     11,     18,     20,     32,110,    107,     43,     44,      5,     10,     13,      6,     12,     11,     18,     20,     32,    110,    107,      0,      0,      0,      0,      0,      0,      0,      0,      0,      0,      0,      0,      0,35.9,31.1,48.2,46.2,25.8,23.0,35.8,31.6,35.9,31.1,48.2,46.2,25.8,23.0,35.8,31.6,0.0,0.0,0.0,0.0,0.0,0.0,0.0,0.0
2024-01-30,2024-02-02,0,140646,30529,42159,25184,31386,4189,0,0,0,50363,16544,8611,118876,102889,21770,37757,140646,30529,42159,25184,31386,4189,0,0,0,50363,16544,8611,118876,102889,21770,37757,0,0,0,0,0,0,0,0,0,0,0,0,0,0,0,0,    6728,     926,    3025,    2415,     379,     130,       0,       0,       0,    2131,    1346,     461,    6063,    5341,     665,    1387,100.0,21.7,30.0,17.9,22.3,3.0,0.0,0.0,0.0,35.8,11.8,6.1,84.5,73.2,15.5,26.8,100.0,21.7,30.0,17.9,22.3,3.0,0.0,0.0,0.0,35.8,11.8,6.1,84.5,73.2,15.5,26.8,100.0,0.0,0.0,0.0,0.0,0.0,0.0,0.0,0.0,0.0,0.0,0.0,0.0,0.0,0.0,0.0,     16,     19,      5,      6,      5,      0,      0,      0,      6,.,      6,31,     35,     16,     19,      5,      6,      5,      0,      0,      0,      6,.,      6,     31,     35,      0,      0,      0,      0,      0,      0,      0,      0,      0,      0,      0,      0,      0,47.1,30.2,64.8,43.1,46.1,30.2,61.7,41.8,47.1,30.2,64.8,43.1,46.1,30.2,61.7,41.8,0.0,0.0,0.0,0.0,0.0,0.0,0.0,0.0
2024-01-30,2024-02-02,0,603073,293103,319206,20185,40442,28123,8893,43416,26723,86291,8353,125934,589252,592197,13821,10876,603073,293103,319206,20185,40442,28123,8893,43416,26723,86291,8353,125934,589252,592197,13821,10876,0,0,0,0,0,0,0,0,0,0,0,0,0,0,0,0,    5266,     256,   10060,   -1339,   -1411,    1228,   -2014,   -4073,    2152,     401,   -3689,    4357,    5041,    8624,     225,   -3358,100.0,48.6,52.9,3.3,6.7,4.7,1.5,7.2,4.4,14.3,1.4,20.9,97.7,98.2,2.3,1.8,100.0,48.6,52.9,3.3,6.7,4.7,1.5,7.2,4.4,14.3,1.4,20.9,97.7,98.2,2.3,1.8,100.0,0.0,0.0,0.0,0.0,0.0,0.0,0.0,0.0,0.0,0.0,0.0,0.0,0.0,0.0,0.0,     43,     45,      6,     10,     13,      6,     12,     11,     19,     18,     33,110,    109,     43,     45,      6,     10,     13,      6,     12,     11,     19,     18,     33,    110,    109,      0,      0,      0,      0,      0,      0,      0,      0,      0,      0,      0,      0,      0,35.9,30.6,47.2,46.4,25.4,22.0,34.1,31.3,35.9,30.6,47.2,46.4,25.4,22.0,34.1,31.3,0.0,0.0,0.0,0.0,0.0,0.0,0.0,0.0
2024-02-06,2024-02-09,0,135521,24043,40423,24176,29361,4478,0,0,0,52681,15841,8912,114290,99015,21231,36506,135521,24043,40423,24176,29361,4478,0,0,0,52681,15841,8912,114290,99015,21231,36506,0,0,0,0,0,0,0,0,0,0,0,0,0,0,0,0,   -5125,   -6486,   -1736,   -1008,   -2025,     289,       0,       0,       0,    2318,    -703,     301,   -4586,   -3874,    -539,   -1251,100.0,17.7,29.8,17.8,21.7,3.3,0.0,0.0,0.0,38.9,11.7,6.6,84.3,73.1,15.7,26.9,100.0,17.7,29.8,17.8,21.7,3.3,0.0,0.0,0.0,38.9,11.7,6.6,84.3,73.1,15.7,26.9,100.0,0.0,0.0,0.0,0.0,0.0,0.0,0.0,0.0,0.0,0.0,0.0,0.0,0.0,0.0,0.0,     12,     18,      5,      6,      5,      0,      0,      0,      6,      4,      7,28,     35,     12,     18,      5,      6,      5,      0,      0,      0,      6,      4,      7,     28,     35,      0,      0,      0,      0,      0,      0,      0,      0,      0,      0,      0,      0,      0,46.5,29.5,63.1,43.1,44.7,29.5,58.9,42.0,46.5,29.5,63.1,43.1,44.7,29.5,58.9,42.0,0.0,0.0,0.0,0.0,0.0,0.0,0.0,0.0
2024-02-06,2024-02-09,0,619955,310277,322727,20962,40092,26006,8346,49065,27363,78853,8123,133782,605589,607158,14366,12797,619955,310277,322727,20962,40092,26006,8346,49065,27363,78853,8123,133782,605589,607158,14366,12797,0,0,0,0,0,0,0,0,0,0,0,0,0,0,0,0,   16882,   17174,    3521,     777,    -350,   -2117,    -547,    5649,     640,   -7438,    -230,    7848,   16337,   14961,     545,    1921,100.0,50.0,52.1,3.4,6.5,4.2,1.3,7.9,4.4,12.7,1.3,21.6,97.7,97.9,2.3,2.1,100.0,50.0,52.1,3.4,6.5,4.2,1.3,7.9,4.4,12.7,1.3,21.6,97.7,97.9,2.3,2.1,100.0,0.0,0.0,0.0,0.0,0.0,0.0,0.0,0.0,0.0,0.0,0.0,0.0,0.0,0.0,0.0,     47,     48,      6,     11,     14,      6,     13,     12,     23,     16,     35,117,    116,     47,     48,      6,     11,     14,      6,     13,     12,     23,     16,     35,    117,    116,      0,      0,      0,      0,      0,      0,      0,      0,      0,      0,      0,      0,      0,34.9,30.5,45.8,45.5,23.8,20.9,32.5,30.1,34.9,30.5,45.8,45.5,23.8,20.9,32.5,30.1,0.0,0.0,0.0,0.0,0.0,0.0,0.0,0.0
2024-02-13,2024-02-16,0,613065,303373,322615,19309,38478,28620,9223,46159,28575,82899,7460,127635,599634,599542,13431,13523,613065,303373,322615,19309,38478,28620,9223,46159,28575,82899,7460,127635,599634,599542,13431,13523,0,0,0,0,0,0,0,0,0,0,0,0,0,0,0,0,   -6890,   -6904,    -112,   -1653,   -1614,    2614,     877,   -2906,    1212,    4046,    -663,   -6147,   -5955,   -7616,    -935,     726,100.0,49.5,52.6,3.1,6.3,4.7,1.5,7.5,4.7,13.5,1.2,20.8,97.8,97.8,2.2,2.2,100.0,49.5,52.6,3.1,6.3,4.7,1.5,7.5,4.7,13.5,1.2,20.8,97.8,97.8,2.2,2.2,100.0,0.0,0.0,0.0,0.0,0.0,0.0,0.0,0.0,0.0,0.0,0.0,0.0,0.0,0.0,0.0,     43,     45,      6,     11,     14,      6,     13,     12,     25,     15,     35,114,    113,     43,     45,      6,     11,     14,      6,     13,     12,     25,     15,     35,    114,    113,      0,      0,      0,      0,      0,      0,      0,      0,      0,      0,      0,      0,      0,35.3,30.5,46.7,45.6,23.8,21.4,33.0,30.6,35.3,30.5,46.7,45.6,23.8,21.4,33.0,30.6,0.0,0.0,0.0,0.0,0.0,0.0,0.0,0.0
2024-02-13,2024-02-16,0,142610,27695,44079,24493,29729,5004,0,0,0,52303,16204,11154,120649,106170,21961,36440,142610,27695,44079,24493,29729,5004,0,0,0,52303,16204,11154,120649,106170,21961,36440,0,0,0,0,0,0,0,0,0,0,0,0,0,0,0,0,    7089,    3652,    3656,     317,     368,     526,       0,       0,       0,    -378,     363,    2242,    6359,    7155,     730,     -66,100.0,19.4,30.9,17.2,20.8,3.5,0.0,0.0,0.0,36.7,11.4,7.8,84.6,74.4,15.4,25.6,100.0,19.4,30.9,17.2,20.8,3.5,0.0,0.0,0.0,36.7,11.4,7.8,84.6,74.4,15.4,25.6,100.0,0.0,0.0,0.0,0.0,0.0,0.0,0.0,0.0,0.0,0.0,0.0,0.0,0.0,0.0,0.0,     13,     20,      5,      6,      5,      0,      0,      0,      6,      4,      7,29,     37,     13,     20,      5,      6,      5,      0,      0,      0,      6,      4,      7,     29,     37,      0,      0,      0,      0,      0,      0,      0,      0,      0,      0,      0,      0,      0,44.7,28.8,62.2,43.1,42.7,28.8,57.5,40.7,44.7,28.8,62.2,43.1,42.7,28.8,57.5,40.7,0.0,0.0,0.0,0.0,0.0,0.0,0.0,0.0
2024-02-20,2024-02-23,0,145874,27631,44573,24788,30420,5124,0,0,0,53117,16406,12017,122677,108540,23197,37334,145874,27631,44573,24788,30420,5124,0,0,0,53117,16406,12017,122677,108540,23197,37334,0,0,0,0,0,0,0,0,0,0,0,0,0,0,0,0,    3264,     -64,     494,     295,     691,     120,       0,       0,       0,     814,     202,     863,    2028,    2370,    1236,     894,100.0,18.9,30.6,17.0,20.9,3.5,0.0,0.0,0.0,36.4,11.2,8.2,84.1,74.4,15.9,25.6,100.0,18.9,30.6,17.0,20.9,3.5,0.0,0.0,0.0,36.4,11.2,8.2,84.1,74.4,15.9,25.6,100.0,0.0,0.0,0.0,0.0,0.0,0.0,0.0,0.0,0.0,0.0,0.0,0.0,0.0,0.0,0.0,     14,     20,      5,      6,      5,      0,      0,      0,      6,      4,      7,30,     37,     14,     20,      5,      6,      5,      0,      0,      0,      6,      4,      7,     30,     37,      0,      0,      0,      0,      0,      0,      0,      0,      0,      0,      0,      0,      0,44.2,28.8,61.9,43.2,42.4,28.8,56.9,40.4,44.2,28.8,61.9,43.2,42.4,28.8,56.9,40.4,0.0,0.0,0.0,0.0,0.0,0.0,0.0,0.0
2024-02-20,2024-02-23,0,545588,263015,294406,20510,34145,25262,12873,39060,25085,79609,7564,107676,534030,533198,11558,12390,545588,263015,294406,20510,34145,25262,12873,39060,25085,79609,7564,107676,534030,533198,11558,12390,0,0,0,0,0,0,0,0,0,0,0,0,0,0,0,0,  -67477,  -40358,  -28209,    1201,   -4333,   -3358,    3650,   -7099,   -3490,   -3290,     104,  -19959,  -65604,  -66344,   -1873,   -1133,100.0,48.2,54.0,3.8,6.3,4.6,2.4,7.2,4.6,14.6,1.4,19.7,97.9,97.7,2.1,2.3,100.0,48.2,54.0,3.8,6.3,4.6,2.4,7.2,4.6,14.6,1.4,19.7,97.9,97.7,2.1,2.3,100.0,0.0,0.0,0.0,0.0,0.0,0.0,0.0,0.0,0.0,0.0,0.0,0.0,0.0,0.0,0.0,     47,     47,      8,      7,     13,      6,     13,     13,     25,     15,     35,118,    114,     47,     47,      8,      7,     13,      6,     13,     13,     25,     15,     35,    118,    114,      0,      0,      0,      0,      0,      0,      0,      0,      0,      0,      0,      0,      0,37.1,31.1,48.0,46.8,26.9,23.1,35.3,34.3,37.1,31.1,48.0,46.8,26.9,23.1,35.3,34.3,0.0,0.0,0.0,0.0,0.0,0.0,0.0,0.0
2024-02-27,2024-03-01,0,151319,31087,44874,24865,33426,5289,0,0,0,54281,16786,12118,127640,112493,23679,38826,151319,31087,44874,24865,33426,5289,0,0,0,54281,16786,12118,127640,112493,23679,38826,0,0,0,0,0,0,0,0,0,0,0,0,0,0,0,0,    5445,    3456,     301,      77,    3006,     165,       0,       0,       0,    1164,     380,     101,    4963,    3953,     482,    1492,100.0,20.5,29.7,16.4,22.1,3.5,0.0,0.0,0.0,35.9,11.1,8.0,84.4,74.3,15.6,25.7,100.0,20.5,29.7,16.4,22.1,3.5,0.0,0.0,0.0,35.9,11.1,8.0,84.4,74.3,15.6,25.7,100.0,0.0,0.0,0.0,0.0,0.0,0.0,0.0,0.0,0.0,0.0,0.0,0.0,0.0,0.0,0.0,     15,     19,      5,      6,      5,      0,      0,      0,      6,      4,      6,30,     36,     15,     19,      5,      6,      5,      0,      0,      0,      6,      4,      6,     30,     36,      0,      0,      0,      0,      0,      0,      0,      0,      0,      0,      0,      0,      0,44.6,29.6,62.4,43.5,42.9,29.6,57.5,40.9,44.6,29.6,62.4,43.5,42.9,29.6,57.5,40.9,0.0,0.0,0.0,0.0,0.0,0.0,0.0,0.0
2024-02-27,2024-03-01,0,553479,266045,303098,20422,32293,24510,14414,45945,24639,88936,7652,103084,542050,541221,11429,12258,553479,266045,303098,20422,32293,24510,14414,45945,24639,88936,7652,103084,542050,541221,11429,12258,0,0,0,0,0,0,0,0,0,0,0,0,0,0,0,0,    7891,    3030,    8692,     -88,   -1852,    -752,    1541,    6885,    -446,    9327,      88,   -4592,    8020,    8023,    -129,    -132,100.0,48.1,54.8,3.7,5.8,4.4,2.6,8.3,4.5,16.1,1.4,18.6,97.9,97.8,2.1,2.2,100.0,48.1,54.8,3.7,5.8,4.4,2.6,8.3,4.5,16.1,1.4,18.6,97.9,97.8,2.1,2.2,100.0,0.0,0.0,0.0,0.0,0.0,0.0,0.0,0.0,0.0,0.0,0.0,0.0,0.0,0.0,0.0,     45,     45,      8,      7,     13,      6,     12,     13,     23,     16,     38,119,    114,     45,     45,      8,      7,     13,      6,     12,     13,     23,     16,     38,    119,    114,      0,      0,      0,      0,      0,      0,      0,      0,      0,      0,      0,      0,      0,35.8,28.7,45.9,45.5,26.8,21.7,33.3,32.1,35.8,28.7,45.9,45.5,26.8,21.7,33.3,32.1,0.0,0.0,0.0,0.0,0.0,0.0,0.0,0.0
2024-03-05,2024-03-08,0,136071,18237,41192,26477,30373,3562,0,0,0,59103,21289,6326,113705,102742,22366,33329,136071,18237,41192,26477,30373,3562,0,0,0,59103,21289,6326,113705,102742,22366,33329,0,0,0,0,0,0,0,0,0,0,0,0,0,0,0,0,  -15248,  -12850,   -3682,    1612,   -3053,   -1727,       0,       0,       0,    4822,    4503,   -5792,  -13935,   -9751,   -1313,   -5497,100.0,13.4,30.3,19.5,22.3,2.6,0.0,0.0,0.0,43.4,15.6,4.6,83.6,75.5,16.4,24.5,100.0,13.4,30.3,19.5,22.3,2.6,0.0,0.0,0.0,43.4,15.6,4.6,83.6,75.5,16.4,24.5,100.0,0.0,0.0,0.0,0.0,0.0,0.0,0.0,0.0,0.0,0.0,0.0,0.0,0.0,0.0,0.0,     14,     18,      5,      6,      5,      0,      0,      0,      6,      5,      7,30,     36,     14,     18,      5,      6,      5,      0,      0,      0,      6,      5,      7,     30,     36,      0,      0,      0,      0,      0,      0,      0,      0,      0,      0,      0,      0,      0,47.2,31.2,64.4,46.3,46.4,31.2,60.8,45.5,47.2,31.2,64.4,46.3,46.4,31.2,60.8,45.5,0.0,0.0,0.0,0.0,0.0,0.0,0.0,0.0
2024-03-05,2024-03-08,0,572853,261179,307095,22097,31852,30039,15241,41641,26734,87776,7001,116404,559470,560766,13383,12087,572853,261179,307095,22097,31852,30039,15241,41641,26734,87776,7001,116404,559470,560766,13383,12087,0,0,0,0,0,0,0,0,0,0,0,0,0,0,0,0,   19374,   -4866,    3997,    1675,    -441,    5529,     827,   -4304,    2095,   -1160,    -651,   13320,   17420,   19545,    1954,    -171,100.0,45.6,53.6,3.9,5.6,5.2,2.7,7.3,4.7,15.3,1.2,20.3,97.7,97.9,2.3,2.1,100.0,45.6,53.6,3.9,5.6,5.2,2.7,7.3,4.7,15.3,1.2,20.3,97.7,97.9,2.3,2.1,100.0,0.0,0.0,0.0,0.0,0.0,0.0,0.0,0.0,0.0,0.0,0.0,0.0,0.0,0.0,0.0,     47,     45,      8,      8,     14,      7,     11,     14,     29,     15,     40,123,    120,     47,     45,      8,      8,     14,      7,     11,     14,     29,     15,     40,    123,    120,      0,      0,      0,      0,      0,      0,      0,      0,      0,      0,      0,      0,      0,35.7,28.9,45.5,44.7,25.9,20.3,32.4,30.5,35.7,28.9,45.5,44.7,25.9,20.3,32.4,30.5,0.0,0.0,0.0,0.0,0.0,0.0,0.0,0.0
2024-03-12,2024-03-15,0,150126,29022,47204,28386,31454,3943,0,0,0,56016,22493,11353,128720,116447,21406,33679,150126,29022,47204,28386,31454,3943,0,0,0,56016,22493,11353,128720,116447,21406,33679,0,0,0,0,0,0,0,0,0,0,0,0,0,0,0,0,   14055,   10785,    6012,    1909,    1081,     381,       0,       0,       0,   -3087,    1204,    5027,   15015,   13705,    -960,     350,100.0,19.3,31.4,18.9,21.0,2.6,0.0,0.0,0.0,37.3,15.0,7.6,85.7,77.6,14.3,22.4,100.0,19.3,31.4,18.9,21.0,2.6,0.0,0.0,0.0,37.3,15.0,7.6,85.7,77.6,14.3,22.4,100.0,0.0,0.0,0.0,0.0,0.0,0.0,0.0,0.0,0.0,0.0,0.0,0.0,0.0,0.0,0.0,     18,     20,      6,      6,      7,      0,      0,      0,      6,      5,      7,36,     39,     18,     20,      6,      6,      7,      0,      0,      0,      6,      5,      7,     36,     39,      0,      0,      0,      0,      0,      0,      0,      0,      0,      0,      0,      0,      0,45.6,30.2,63.1,44.1,43.9,28.5,56.7,41.5,45.6,30.2,63.1,44.1,43.9,28.5,56.7,41.5,0.0,0.0,0.0,0.0,0.0,0.0,0.0,0.0
2024-03-12,2024-03-15,0,586254,281554,319680,21385,32337,37954,12339,37872,29136,84314,10076,102755,569437,569810,16817,16444,586254,281554,319680,21385,32337,37954,12339,37872,29136,84314,10076,102755,569437,569810,16817,16444,0,0,0,0,0,0,0,0,0,0,0,0,0,0,0,0,   13401,   20375,   12585,    -712,     485,    7915,   -2902,   -3769,    2402,   -3462,    3075,  -13649,    9967,    9044,    3434,    4357,100.0,48.0,54.5,3.6,5.5,6.5,2.1,6.5,5.0,14.4,1.7,17.5,97.1,97.2,2.9,2.8,100.0,48.0,54.5,3.6,5.5,6.5,2.1,6.5,5.0,14.4,1.7,17.5,97.1,97.2,2.9,2.8,100.0,0.0,0.0,0.0,0.0,0.0,0.0,0.0,0.0,0.0,0.0,0.0,0.0,0.0,0.0,0.0,     46,     44,      8,      8,     14,      6,     12,     13,     25,     15,     36,119,    113,     46,     44,      8,      8,     14,      6,     12,     13,     25,     15,     36,    119,    113,      0,      0,      0,      0,      0,      0,      0,      0,      0,      0,      0,      0,      0,32.9,26.8,42.8,41.5,23.7,19.9,30.2,29.9,32.9,26.8,42.8,41.5,23.7,19.9,30.2,29.9,0.0,0.0,0.0,0.0,0.0,0.0,0.0,0.0
2024-03-19,2024-03-22,0,160575,31576,49613,30980,33106,3995,0,0,0,57677,23756,13334,137562,123804,23013,36771,160575,31576,49613,30980,33106,3995,0,0,0,57677,23756,13334,137562,123804,23013,36771,0,0,0,0,0,0,0,0,0,0,0,0,0,0,0,0,   10449,    2554,    2409,    2594,    1652,      52,       0,       0,       0,    1661,    1263,    1981,    8842,    7357,    1607,    3092,100.0,19.7,30.9,19.3,20.6,2.5,0.0,0.0,0.0,35.9,14.8,8.3,85.7,77.1,14.3,22.9,100.0,19.7,30.9,19.3,20.6,2.5,0.0,0.0,0.0,35.9,14.8,8.3,85.7,77.1,14.3,22.9,100.0,0.0,0.0,0.0,0.0,0.0,0.0,0.0,0.0,0.0,0.0,0.0,0.0,0.0,0.0,0.0,     21,     20,      6,      6,      7,      0,      0,      0,      6,      5,      7,39,     39,     21,     20,      6,      6,      7,      0,      0,      0,      6,      5,      7,     39,     39,      0,      0,      0,      0,      0,      0,      0,      0,      0,      0,      0,      0,      0,44.9,29.8,61.7,44.6,42.5,27.8,55.0,40.4,44.9,29.8,61.7,44.6,42.5,27.8,55.0,40.4,0.0,0.0,0.0,0.0,0.0,0.0,0.0,0.0
2024-03-19,2024-03-22,0,578096,274996,325297,21209,29436,37622,13555,32464,26209,88645,10430,100552,562788,562010,15308,16086,578096,274996,325297,21209,29436,37622,13555,32464,26209,88645,10430,100552,562788,562010,15308,16086,0,0,0,0,0,0,0,0,0,0,0,0,0,0,0,0,   -8158,   -6558,    5617,    -176,   -2901,    -332,    1216,   -5408,   -2927,    4331,     354,   -2203,   -6649,   -7800,   -1509,    -358,100.0,47.6,56.3,3.7,5.1,6.5,2.3,5.6,4.5,15.3,1.8,17.4,97.4,97.2,2.6,2.8,100.0,47.6,56.3,3.7,5.1,6.5,2.3,5.6,4.5,15.3,1.8,17.4,97.4,97.2,2.6,2.8,100.0,0.0,0.0,0.0,0.0,0.0,0.0,0.0,0.0,0.0,0.0,0.0,0.0,0.0,0.0,0.0,     48,     45,      7,      8,     14,      5,     12,     11,     24,     18,     36,117,    115,     48,     45,      7,      8,     14,      5,     12,     11,     24,     18,     36,    117,    115,      0,      0,      0,      0,      0,      0,      0,      0,      0,      0,      0,      0,      0,31.8,26.6,42.0,40.9,22.1,19.4,28.7,28.7,31.8,26.6,42.0,40.9,22.1,19.4,28.7,28.7,0.0,0.0,0.0,0.0,0.0,0.0,0.0,0.0
2024-03-26,2024-03-29,0,164232,33423,49929,31163,35415,4199,0,0,0,59189,24445,13366,141340,127354,22892,36878,164232,33423,49929,31163,35415,4199,0,0,0,59189,24445,13366,141340,127354,22892,36878,0,0,0,0,0,0,0,0,0,0,0,0,0,0,0,0,    3657,    1847,     316,     183,    2309,     204,       0,       0,       0,    1512,     689,      32,    3778,    3550,    -121,     107,100.0,20.4,30.4,19.0,21.6,2.6,0.0,0.0,0.0,36.0,14.9,8.1,86.1,77.5,13.9,22.5,100.0,20.4,30.4,19.0,21.6,2.6,0.0,0.0,0.0,36.0,14.9,8.1,86.1,77.5,13.9,22.5,100.0,0.0,0.0,0.0,0.0,0.0,0.0,0.0,0.0,0.0,0.0,0.0,0.0,0.0,0.0,0.0,     22,     20,      6,      6,      7,      0,      0,      0,      6,      6,      9,41,     41,     22,     20,      6,      6,      7,      0,      0,      0,      6,      6,      9,     41,     41,      0,      0,      0,      0,      0,      0,      0,      0,      0,      0,      0,      0,      0,44.7,30.8,61.9,45.5,42.1,28.9,55.3,41.3,44.7,30.8,61.9,45.5,42.1,28.9,55.3,41.3,0.0,0.0,0.0,0.0,0.0,0.0,0.0,0.0
2024-03-26,2024-03-29,0,569734,282393,319032,19134,25938,35419,10420,31441,27514,79809,14332,98561,553250,552237,16484,17497,569734,282393,319032,19134,25938,35419,10420,31441,27514,79809,14332,98561,553250,552237,16484,17497,0,0,0,0,0,0,0,0,0,0,0,0,0,0,0,0,   -8362,    7397,   -6265,   -2075,   -3498,   -2203,   -3135,   -1023,    1305,   -8836,    3902,   -1991,   -9538,   -9773,    1176,    1411,100.0,49.6,56.0,3.4,4.6,6.2,1.8,5.5,4.8,14.0,2.5,17.3,97.1,96.9,2.9,3.1,100.0,49.6,56.0,3.4,4.6,6.2,1.8,5.5,4.8,14.0,2.5,17.3,97.1,96.9,2.9,3.1,100.0,0.0,0.0,0.0,0.0,0.0,0.0,0.0,0.0,0.0,0.0,0.0,0.0,0.0,0.0,0.0,     48,     46,      7,      8,     14,      6,     13,     13,     22,     15,     31,115,    111,     48,     46,      7,      8,     14,      6,     13,     13,     22,     15,     31,    115,    111,      0,      0,      0,      0,      0,      0,      0,      0,      0,      0,      0,      0,      0,32.3,26.6,42.8,40.9,22.5,18.6,28.5,27.1,32.3,26.6,42.8,40.9,22.5,18.6,28.5,27.1,0.0,0.0,0.0,0.0,0.0,0.0,0.0,0.0
2024-04-02,2024-04-05,0,145033,25319,47287,30287,31759,4040,0,0,0,58035,22923,4579,122260,110588,22773,34445,145033,25319,47287,30287,31759,4040,0,0,0,58035,22923,4579,122260,110588,22773,34445,0,0,0,0,0,0,0,0,0,0,0,0,0,0,0,0,  -19199,   -8104,   -2642,    -876,   -3656,    -159,       0,       0,       0,   -1154,   -1522,   -8787,  -19080,  -16766,    -119,   -2433,100.0,17.5,32.6,20.9,21.9,2.8,0.0,0.0,0.0,40.0,15.8,3.2,84.3,76.3,15.7,23.7,100.0,17.5,32.6,20.9,21.9,2.8,0.0,0.0,0.0,40.0,15.8,3.2,84.3,76.3,15.7,23.7,100.0,0.0,0.0,0.0,0.0,0.0,0.0,0.0,0.0,0.0,0.0,0.0,0.0,0.0,0.0,0.0,     15,     18,      6,      6,      7,      0,      0,      0,      5,      5,      6,32,     36,     15,     18,      6,      6,      7,      0,      0,      0,      5,      5,      6,     32,     36,      0,      0,      0,      0,      0,      0,      0,      0,      0,      0,      0,      0,      0,47.7,33.0,65.5,48.4,46.0,33.0,62.0,47.8,47.7,33.0,65.5,48.4,46.0,33.0,62.0,47.8,0.0,0.0,0.0,0.0,0.0,0.0,0.0,0.0
2024-04-02,2024-04-05,0,568166,296844,314529,17849,27895,31903,9540,32740,26909,75469,25243,95231,553745,554450,14421,13716,568166,296844,314529,17849,27895,31903,9540,32740,26909,75469,25243,95231,553745,554450,14421,13716,0,0,0,0,0,0,0,0,0,0,0,0,0,0,0,0,   -1568,   14451,   -4503,   -1285,    1957,   -3516,    -880,    1299,    -605,   -4340,   10911,   -3330,     495,    2213,   -2063,   -3781,100.0,52.2,55.4,3.1,4.9,5.6,1.7,5.8,4.7,13.3,4.4,16.8,97.5,97.6,2.5,2.4,100.0,52.2,55.4,3.1,4.9,5.6,1.7,5.8,4.7,13.3,4.4,16.8,97.5,97.6,2.5,2.4,100.0,0.0,0.0,0.0,0.0,0.0,0.0,0.0,0.0,0.0,0.0,0.0,0.0,0.0,0.0,0.0,     52,     48,      7,      8,     14,      7,     12,     14,     24,     17,     34,123,    117,     52,     48,      7,      8,     14,      7,     12,     14,     24,     17,     34,    123,    117,      0,      0,      0,      0,      0,      0,      0,      0,      0,      0,      0,      0,      0,31.1,25.6,41.4,39.7,22.4,18.6,28.8,26.9,31.1,25.6,41.4,39.7,22.4,18.6,28.8,26.9,0.0,0.0,0.0,0.0,0.0,0.0,0.0,0.0
2024-04-09,2024-04-12,0,571895,286400,306271,13647,29337,43327,10777,31559,26972,77475,20866,99251,557849,557583,14046,14312,571895,286400,306271,13647,29337,43327,10777,31559,26972,77475,20866,99251,557849,557583,14046,14312,0,0,0,0,0,0,0,0,0,0,0,0,0,0,0,0,    3729,  -10444,   -8258,   -4202,    1442,   11424,    1237,   -1181,      63,    2006,   -4377,    4020,    4104,    3133,    -375,     596,100.0,50.1,53.6,2.4,5.1,7.6,1.9,5.5,4.7,13.5,3.6,17.4,97.5,97.5,2.5,2.5,100.0,50.1,53.6,2.4,5.1,7.6,1.9,5.5,4.7,13.5,3.6,17.4,97.5,97.5,2.5,2.5,100.0,0.0,0.0,0.0,0.0,0.0,0.0,0.0,0.0,0.0,0.0,0.0,0.0,0.0,0.0,0.0,     52,     49,      7,      8,     14,      6,     12,     14,     24,     18,     39,127,    121,     52,     49,      7,      8,     14,      6,     12,     14,     24,     18,     39,    127,    121,      0,      0,      0,      0,      0,      0,      0,      0,      0,      0,      0,      0,      0,31.8,25.4,42.6,38.9,23.7,19.8,30.6,26.7,31.8,25.4,42.6,38.9,23.7,19.8,30.6,26.7,0.0,0.0,0.0,0.0,0.0,0.0,0.0,0.0
2024-04-09,2024-04-12,0,160242,34572,52415,34002,41859,4338,0,0,0,61866,27403,4804,139582,130819,20660,29423,160242,34572,52415,34002,41859,4338,0,0,0,61866,27403,4804,139582,130819,20660,29423,0,0,0,0,0,0,0,0,0,0,0,0,0,0,0,0,   15209,    9253,    5128,    3715,   10100,     298,       0,       0,       0,    3831,    4480,     225,   17322,   20231,   -2113,   -5022,100.0,21.6,32.7,21.2,26.1,2.7,0.0,0.0,0.0,38.6,17.1,3.0,87.1,81.6,12.9,18.4,100.0,21.6,32.7,21.2,26.1,2.7,0.0,0.0,0.0,38.6,17.1,3.0,87.1,81.6,12.9,18.4,100.0,0.0,0.0,0.0,0.0,0.0,0.0,0.0,0.0,0.0,0.0,0.0,0.0,0.0,0.0,0.0,     16,     19,      6,      7,      8,      0,      0,      0,      5,      6,      7,35,     39,     16,     19,      6,      7,      8,      0,      0,      0,      5,      6,      7,     35,     39,      0,      0,      0,      0,      0,      0,      0,      0,      0,      0,      0,      0,      0,45.5,32.4,64.0,48.8,44.0,31.7,59.4,47.7,45.5,32.4,64.0,48.8,44.0,31.7,59.4,47.7,0.0,0.0,0.0,0.0,0.0,0.0,0.0,0.0
2024-04-16,2024-04-19,0,164559,35730,53649,34711,42094,4308,0,0,0,63400,27413,5506,143655,132970,20904,31589,164559,35730,53649,34711,42094,4308,0,0,0,63400,27413,5506,143655,132970,20904,31589,0,0,0,0,0,0,0,0,0,0,0,0,0,0,0,0,    4317,    1158,    1234,     709,     235,     -30,       0,       0,       0,    1534,      10,     702,    4073,    2151,     244,    2166,100.0,21.7,32.6,21.1,25.6,2.6,0.0,0.0,0.0,38.5,16.7,3.3,87.3,80.8,12.7,19.2,100.0,21.7,32.6,21.1,25.6,2.6,0.0,0.0,0.0,38.5,16.7,3.3,87.3,80.8,12.7,19.2,100.0,0.0,0.0,0.0,0.0,0.0,0.0,0.0,0.0,0.0,0.0,0.0,0.0,0.0,0.0,0.0,     16,     20,      6,      7,      8,      0,      0,      0,      5,      5,      7,35,     39,     16,     20,      6,      7,      8,      0,      0,      0,      5,      5,      7,     35,     39,      0,      0,      0,      0,      0,      0,      0,      0,      0,      0,      0,      0,      0,45.0,31.8,63.7,47.9,44.1,31.2,58.9,46.8,45.0,31.8,63.7,47.9,44.1,31.2,58.9,46.8,0.0,0.0,0.0,0.0,0.0,0.0,0.0,0.0
2024-04-16,2024-04-19,0,593161,296845,291124,14728,31788,48363,9621,33013,28953,65775,32733,115524,579809,581498,13352,11663,593161,296845,291124,14728,31788,48363,9621,33013,28953,65775,32733,115524,579809,581498,13352,11663,0,0,0,0,0,0,0,0,0,0,0,0,0,0,0,0,   21266,   10445,  -15147,    1081,    2451,    5036,   -1156,    1454,    1981,  -11700,   11867,   16273,   21960,   23915,    -694,   -2649,100.0,50.0,49.1,2.5,5.4,8.2,1.6,5.6,4.9,11.1,5.5,19.5,97.7,98.0,2.3,2.0,100.0,50.0,49.1,2.5,5.4,8.2,1.6,5.6,4.9,11.1,5.5,19.5,97.7,98.0,2.3,2.0,100.0,0.0,0.0,0.0,0.0,0.0,0.0,0.0,0.0,0.0,0.0,0.0,0.0,0.0,0.0,0.0,     49,     46,      8,      7,     14,      6,     13,     15,     22,     21,     37,124,    119,     49,     46,      8,      7,     14,      6,     13,     15,     22,     21,     37,    124,    119,      0,      0,      0,      0,      0,      0,      0,      0,      0,      0,      0,      0,      0,32.3,26.1,43.2,40.8,23.6,17.9,29.9,25.0,32.3,26.1,43.2,40.8,23.6,17.9,29.9,25.0,0.0,0.0,0.0,0.0,0.0,0.0,0.0,0.0
2024-04-23,2024-04-26,0,561069,282403,289053,17252,26001,49779,9182,33850,23917,69394,31118,97214,549141,550932,11928,10137,561069,282403,289053,17252,26001,49779,9182,33850,23917,69394,31118,97214,549141,550932,11928,10137,0,0,0,0,0,0,0,0,0,0,0,0,0,0,0,0,  -32092,  -14442,   -2071,    2524,   -5787,    1416,    -439,     837,   -5036,    3619,   -1615,  -18310,  -30668,  -30566,   -1424,   -1526,100.0,50.3,51.5,3.1,4.6,8.9,1.6,6.0,4.3,12.4,5.5,17.3,97.9,98.2,2.1,1.8,100.0,50.3,51.5,3.1,4.6,8.9,1.6,6.0,4.3,12.4,5.5,17.3,97.9,98.2,2.1,1.8,100.0,0.0,0.0,0.0,0.0,0.0,0.0,0.0,0.0,0.0,0.0,0.0,0.0,0.0,0.0,0.0,     46,     41,      8,      8,     15,      5,     13,     14,     24,     20,     37,123,    111,     46,     41,      8,      8,     15,      5,     13,     14,     24,     20,     37,    123,    111,      0,      0,      0,      0,      0,      0,      0,      0,      0,      0,      0,      0,      0,33.4,26.8,45.4,40.3,25.1,20.1,32.6,26.8,33.4,26.8,45.4,40.3,25.1,20.1,32.6,26.8,0.0,0.0,0.0,0.0,0.0,0.0,0.0,0.0
2024-04-23,2024-04-26,0,167796,37834,56563,35034,43439,4358,0,0,0,63777,27515,5918,146921,137793,20875,30003,167796,37834,56563,35034,43439,4358,0,0,0,63777,27515,5918,146921,137793,20875,30003,0,0,0,0,0,0,0,0,0,0,0,0,0,0,0,0,    3237,    2104,    2914,     323,    1345,      50,       0,       0,       0,     377,     102,     412,    3266,    4823,     -29,   -1586,100.0,22.5,33.7,20.9,25.9,2.6,0.0,0.0,0.0,38.0,16.4,3.5,87.6,82.1,12.4,17.9,100.0,22.5,33.7,20.9,25.9,2.6,0.0,0.0,0.0,38.0,16.4,3.5,87.6,82.1,12.4,17.9,100.0,0.0,0.0,0.0,0.0,0.0,0.0,0.0,0.0,0.0,0.0,0.0,0.0,0.0,0.0,0.0,     17,     21,      6,      7,      8,      0,      0,      0,      5,      6,      7,36,     41,     17,     21,      6,      7,      8,      0,      0,      0,      5,      6,      7,     36,     41,      0,      0,      0,      0,      0,      0,      0,      0,      0,      0,      0,      0,      0,44.8,31.4,64.3,47.4,43.9,30.7,59.7,46.3,44.8,31.4,64.3,47.4,43.9,30.7,59.7,46.3,0.0,0.0,0.0,0.0,0.0,0.0,0.0,0.0
2024-04-30,2024-05-03,0,567663,294689,278680,16513,28523,47827,8084,43525,25418,69057,39383,92211,553799,555567,13864,12096,567663,294689,278680,16513,28523,47827,8084,43525,25418,69057,39383,92211,553799,555567,13864,12096,0,0,0,0,0,0,0,0,0,0,0,0,0,0,0,0,    6594,   12286,  -10373,    -739,    2522,   -1952,   -1098,    9675,    1501,    -337,    8265,   -5003,    4658,    4635,    1936,    1959,100.0,51.9,49.1,2.9,5.0,8.4,1.4,7.7,4.5,12.2,6.9,16.2,97.6,97.9,2.4,2.1,100.0,51.9,49.1,2.9,5.0,8.4,1.4,7.7,4.5,12.2,6.9,16.2,97.6,97.9,2.4,2.1,100.0,0.0,0.0,0.0,0.0,0.0,0.0,0.0,0.0,0.0,0.0,0.0,0.0,0.0,0.0,0.0,     48,     41,      7,      9,     16,      4,     14,     14,     24,     18,     36,123,    111,     48,     41,      7,      9,     16,      4,     14,     14,     24,     18,     36,    123,    111,      0,      0,      0,      0,      0,      0,      0,      0,      0,      0,      0,      0,      0,33.8,25.7,45.5,39.1,25.6,18.8,33.4,26.3,33.8,25.7,45.5,39.1,25.6,18.8,33.4,26.3,0.0,0.0,0.0,0.0,0.0,0.0,0.0,0.0
2024-04-30,2024-05-03,0,173697,42334,62695,35340,44846,4456,0,0,0,67273,27471,5980,155383,145448,18314,28249,173697,42334,62695,35340,44846,4456,0,0,0,67273,27471,5980,155383,145448,18314,28249,0,0,0,0,0,0,0,0,0,0,0,0,0,0,0,0,    5901,    4500,    6132,     306,    1407,      98,       0,       0,       0,    3496,     -44,      62,    8462,    7655,   -2561,   -1754,100.0,24.4,36.1,20.3,25.8,2.6,0.0,0.0,0.0,38.7,15.8,3.4,89.5,83.7,10.5,16.3,100.0,24.4,36.1,20.3,25.8,2.6,0.0,0.0,0.0,38.7,15.8,3.4,89.5,83.7,10.5,16.3,100.0,0.0,0.0,0.0,0.0,0.0,0.0,0.0,0.0,0.0,0.0,0.0,0.0,0.0,0.0,0.0,     21,     24,      6,      7,      8,      0,      0,      0,      5,      6,      7,40,     44,     21,     24,      6,      7,      8,      0,      0,      0,      5,      6,      7,     40,     44,      0,      0,      0,      0,      0,      0,      0,      0,      0,      0,      0,      0,      0,44.1,30.2,63.6,46.8,42.6,29.6,59.7,45.5,44.1,30.2,63.6,46.8,42.6,29.6,59.7,45.5,0.0,0.0,0.0,0.0,0.0,0.0,0.0,0.0
2024-05-07,2024-05-10,0,575862,300802,284803,15159,30467,46595,7885,44944,28590,73988,38354,89375,562394,563128,13468,12734,575862,300802,284803,15159,30467,46595,7885,44944,28590,73988,38354,89375,562394,563128,13468,12734,0,0,0,0,0,0,0,0,0,0,0,0,0,0,0,0,    8199,    6113,    6123,   -1354,    1944,   -1232,    -199,    1419,    3172,    4931,   -1029,   -2836,    8595,    7561,    -396,     638,100.0,52.2,49.5,2.6,5.3,8.1,1.4,7.8,5.0,12.8,6.7,15.5,97.7,97.8,2.3,2.2,100.0,52.2,49.5,2.6,5.3,8.1,1.4,7.8,5.0,12.8,6.7,15.5,97.7,97.8,2.3,2.2,100.0,0.0,0.0,0.0,0.0,0.0,0.0,0.0,0.0,0.0,0.0,0.0,0.0,0.0,0.0,0.0,     51,     41,      7,      9,     16,      4,     14,     13,     24,     18,     36,124,    111,     51,     41,      7,      9,     16,      4,     14,     13,     24,     18,     36,    124,    111,      0,      0,      0,      0,      0,      0,      0,      0,      0,      0,      0,      0,      0,32.0,23.5,43.9,38.0,24.9,19.2,33.1,27.0,32.0,23.5,43.9,38.0,24.9,19.2,33.1,27.0,0.0,0.0,0.0,0.0,0.0,0.0,0.0,0.0
2024-05-07,2024-05-10,0,150745,32391,48226,31084,42001,3847,0,0,0,61918,26835,3853,133093,124762,17652,25983,150745,32391,48226,31084,42001,3847,0,0,0,61918,26835,3853,133093,124762,17652,25983,0,0,0,0,0,0,0,0,0,0,0,0,0,0,0,0,  -22952,   -9943,  -14469,   -4256,   -2845,    -609,       0,       0,       0,   -5355,    -636,   -2127,  -22290,  -20686,    -662,   -2266,100.0,21.5,32.0,20.6,27.9,2.6,0.0,0.0,0.0,41.1,17.8,2.6,88.3,82.8,11.7,17.2,100.0,21.5,32.0,20.6,27.9,2.6,0.0,0.0,0.0,41.1,17.8,2.6,88.3,82.8,11.7,17.2,100.0,0.0,0.0,0.0,0.0,0.0,0.0,0.0,0.0,0.0,0.0,0.0,0.0,0.0,0.0,0.0,     20,     22,      6,      7,      7,      0,      0,      0,      4,      7,      6,38,     41,     20,     22,      6,      7,      7,      0,      0,      0,      4,      7,      6,     38,     41,      0,      0,      0,      0,      0,      0,      0,      0,      0,      0,      0,      0,      0,44.1,32.1,62.4,47.1,41.6,31.6,57.8,46.2,44.1,32.1,62.4,47.1,41.6,31.6,57.8,46.2,0.0,0.0,0.0,0.0,0.0,0.0,0.0,0.0
2024-05-14,2024-05-17,0,565264,286319,298305,14266,31882,42340,12087,42604,24291,82553,21542,91836,553692,552800,11572,12464,565264,286319,298305,14266,31882,42340,12087,42604,24291,82553,21542,91836,553692,552800,11572,12464,0,0,0,0,0,0,0,0,0,0,0,0,0,0,0,0,  -10598,  -14483,   13502,    -893,    1415,   -4255,    4202,   -2340,   -4299,    8565,  -16812,    2461,   -8702,  -10328,   -1896,    -270,100.0,50.7,52.8,2.5,5.6,7.5,2.1,7.5,4.3,14.6,3.8,16.2,98.0,97.8,2.0,2.2,100.0,50.7,52.8,2.5,5.6,7.5,2.1,7.5,4.3,14.6,3.8,16.2,98.0,97.8,2.0,2.2,100.0,0.0,0.0,0.0,0.0,0.0,0.0,0.0,0.0,0.0,0.0,0.0,0.0,0.0,0.0,0.0,     53,     47,      7,      9,     16,      6,     15,     15,     28,     14,     36,128,    120,     53,     47,      7,      9,     16,      6,     15,     15,     28,     14,     36,    128,    120,      0,      0,      0,      0,      0,      0,      0,      0,      0,      0,      0,      0,      0,32.4,24.1,44.3,37.0,25.7,20.6,32.8,27.8,32.4,24.1,44.3,37.0,25.7,20.6,32.8,27.8,0.0,0.0,0.0,0.0,0.0,0.0,0.0,0.0
2024-05-14,2024-05-17,0,156490,37300,50701,31358,44778,4353,0,0,0,61377,27035,5014,139402,131881,17088,24609,156490,37300,50701,31358,44778,4353,0,0,0,61377,27035,5014,139402,131881,17088,24609,0,0,0,0,0,0,0,0,0,0,0,0,0,0,0,0,    5745,    4909,    2475,     274,    2777,     506,       0,       0,       0,    -541,     200,    1161,    6309,    7119,    -564,   -1374,100.0,23.8,32.4,20.0,28.6,2.8,0.0,0.0,0.0,39.2,17.3,3.2,89.1,84.3,10.9,15.7,100.0,23.8,32.4,20.0,28.6,2.8,0.0,0.0,0.0,39.2,17.3,3.2,89.1,84.3,10.9,15.7,100.0,0.0,0.0,0.0,0.0,0.0,0.0,0.0,0.0,0.0,0.0,0.0,0.0,0.0,0.0,0.0,     22,     23,      6,      8,      8,      0,      0,      0,      4,      7,      7,41,     44,     22,     23,      6,      8,      8,      0,      0,      0,      4,      7,      7,     41,     44,      0,      0,      0,      0,      0,      0,      0,      0,      0,      0,      0,      0,      0,42.3,30.9,61.4,46.1,39.7,30.4,56.3,44.7,42.3,30.9,61.4,46.1,39.7,30.4,56.3,44.7,0.0,0.0,0.0,0.0,0.0,0.0,0.0,0.0
2024-05-21,2024-05-24,0,532593,264533,284403,11782,29003,42414,13353,47642,17849,89534,19247,81288,520753,521846,11840,10747,532593,264533,284403,11782,29003,42414,13353,47642,17849,89534,19247,81288,520753,521846,11840,10747,0,0,0,0,0,0,0,0,0,0,0,0,0,0,0,0,  -32671,  -21786,  -13902,   -2484,   -2879,      74,    1266,    5038,   -6442,    6981,   -2295,  -10548,  -32939,  -30954,     268,   -1717,100.0,49.7,53.4,2.2,5.4,8.0,2.5,8.9,3.4,16.8,3.6,15.3,97.8,98.0,2.2,2.0,100.0,49.7,53.4,2.2,5.4,8.0,2.5,8.9,3.4,16.8,3.6,15.3,97.8,98.0,2.2,2.0,100.0,0.0,0.0,0.0,0.0,0.0,0.0,0.0,0.0,0.0,0.0,0.0,0.0,0.0,0.0,0.0,     51,     45,      7,      8,     14,      6,     13,     11,     23,     18,     35,119,    114,     51,     45,      7,      8,     14,      6,     13,     11,     23,     18,     35,    119,    114,      0,      0,      0,      0,      0,      0,      0,      0,      0,      0,      0,      0,      0,32.4,22.7,45.3,35.9,26.7,19.6,34.8,26.9,32.4,22.7,45.3,35.9,26.7,19.6,34.8,26.9,0.0,0.0,0.0,0.0,0.0,0.0,0.0,0.0
2024-05-21,2024-05-24,0,161286,40461,53553,32103,45456,4173,0,0,0,60702,26861,6395,143834,136438,17452,24848,161286,40461,53553,32103,45456,4173,0,0,0,60702,26861,6395,143834,136438,17452,24848,0,0,0,0,0,0,0,0,0,0,0,0,0,0,0,0,    4796,    3161,    2852,     745,     678,    -180,       0,       0,       0,    -675,    -174,    1381,    4432,    4557,     364,     239,100.0,25.1,33.2,19.9,28.2,2.6,0.0,0.0,0.0,37.6,16.7,4.0,89.2,84.6,10.8,15.4,100.0,25.1,33.2,19.9,28.2,2.6,0.0,0.0,0.0,37.6,16.7,4.0,89.2,84.6,10.8,15.4,100.0,0.0,0.0,0.0,0.0,0.0,0.0,0.0,0.0,0.0,0.0,0.0,0.0,0.0,0.0,0.0,     21,     23,      6,      8,      8,      0,      0,      0,      4,      7,      8,41,     44,     21,     23,      6,      8,      8,      0,      0,      0,      4,      7,      8,     41,     44,      0,      0,      0,      0,      0,      0,      0,      0,      0,      0,      0,      0,      0,41.1,30.0,60.4,45.4,38.2,29.4,54.7,43.2,41.1,30.0,60.4,45.4,38.2,29.4,54.7,43.2,0.0,0.0,0.0,0.0,0.0,0.0,0.0,0.0
2024-05-28,2024-05-31,0,530025,264616,286337,11269,31776,27115,15396,47354,18224,89434,16971,91738,517792,519515,12233,10510,530025,264616,286337,11269,31776,27115,15396,47354,18224,89434,16971,91738,517792,519515,12233,10510,0,0,0,0,0,0,0,0,0,0,0,0,0,0,0,0,   -2568,      83,    1934,    -513,    2773,  -15299,    2043,    -288,     375,    -100,   -2276,   10450,   -2961,   -2331,     393,    -237,100.0,49.9,54.0,2.1,6.0,5.1,2.9,8.9,3.4,16.9,3.2,17.3,97.7,98.0,2.3,2.0,100.0,49.9,54.0,2.1,6.0,5.1,2.9,8.9,3.4,16.9,3.2,17.3,97.7,98.0,2.3,2.0,100.0,0.0,0.0,0.0,0.0,0.0,0.0,0.0,0.0,0.0,0.0,0.0,0.0,0.0,0.0,0.0,     46,     45,      7,      7,     14,      6,     13,     11,     25,     18,     39,118,    116,     46,     45,      7,      7,     14,      6,     13,     11,     25,     18,     39,    118,    116,      0,      0,      0,      0,      0,      0,      0,      0,      0,      0,      0,      0,      0,32.8,22.3,43.8,35.1,26.4,19.7,34.6,27.2,32.8,22.3,43.8,35.1,26.4,19.7,34.6,27.2,0.0,0.0,0.0,0.0,0.0,0.0,0.0,0.0
2024-05-28,2024-05-31,0,165320,42865,53822,32777,49004,4173,0,0,0,61531,26940,6403,147749,140342,17571,24978,165320,42865,53822,32777,49004,4173,0,0,0,61531,26940,6403,147749,140342,17571,24978,0,0,0,0,0,0,0,0,0,0,0,0,0,0,0,0,    4034,    2404,     269,     674,    3548,       0,       0,       0,       0,     829,      79,       8,    3915,    3904,     119,     130,100.0,25.9,32.6,19.8,29.6,2.5,0.0,0.0,0.0,37.2,16.3,3.9,89.4,84.9,10.6,15.1,100.0,25.9,32.6,19.8,29.6,2.5,0.0,0.0,0.0,37.2,16.3,3.9,89.4,84.9,10.6,15.1,100.0,0.0,0.0,0.0,0.0,0.0,0.0,0.0,0.0,0.0,0.0,0.0,0.0,0.0,0.0,0.0,     22,     23,      6,      8,      8,      0,      0,      0,      4,      7,      8,42,     44,     22,     23,      6,      8,      8,      0,      0,      0,      4,      7,      8,     42,     44,      0,      0,      0,      0,      0,      0,      0,      0,      0,      0,      0,      0,      0,40.3,30.0,59.5,46.1,37.8,29.5,54.5,44.2,40.3,30.0,59.5,46.1,37.8,29.5,54.5,44.2,0.0,0.0,0.0,0.0,0.0,0.0,0.0,0.0
2024-06-04,2024-06-07,0,146326,33145,45726,31260,44167,4044,0,0,0,56174,24346,5088,129711,123371,16615,22955,146326,33145,45726,31260,44167,4044,0,0,0,56174,24346,5088,129711,123371,16615,22955,0,0,0,0,0,0,0,0,0,0,0,0,0,0,0,0,  -18994,   -9720,   -8096,   -1517,   -4837,    -129,       0,       0,       0,   -5357,   -2594,   -1315,  -18038,  -16971,    -956,   -2023,100.0,22.7,31.2,21.4,30.2,2.8,0.0,0.0,0.0,38.4,16.6,3.5,88.6,84.3,11.4,15.7,100.0,22.7,31.2,21.4,30.2,2.8,0.0,0.0,0.0,38.4,16.6,3.5,88.6,84.3,11.4,15.7,100.0,0.0,0.0,0.0,0.0,0.0,0.0,0.0,0.0,0.0,0.0,0.0,0.0,0.0,0.0,0.0,     18,     18,      6,      7,      7,      0,      0,      0,      5,      5,      7,37,     36,     18,     18,      6,      7,      7,      0,      0,      0,      5,      5,      7,     37,     36,      0,      0,      0,      0,      0,      0,      0,      0,      0,      0,      0,      0,      0,41.9,31.3,61.1,48.5,39.4,30.7,56.8,47.0,41.9,31.3,61.1,48.5,39.4,30.7,56.8,47.0,0.0,0.0,0.0,0.0,0.0,0.0,0.0,0.0
2024-06-04,2024-06-07,0,530681,279806,278401,10928,27638,25842,13650,49455,20521,64801,15139,101831,517379,518827,13302,11854,530681,279806,278401,10928,27638,25842,13650,49455,20521,64801,15139,101831,517379,518827,13302,11854,0,0,0,0,0,0,0,0,0,0,0,0,0,0,0,0,     656,   15190,   -7936,    -341,   -4138,   -1273,   -1746,    2101,    2297,  -24633,   -1832,   10093,    -413,    -688,    1069,    1344,100.0,52.7,52.5,2.1,5.2,4.9,2.6,9.3,3.9,12.2,2.9,19.2,97.5,97.8,2.5,2.2,100.0,52.7,52.5,2.1,5.2,4.9,2.6,9.3,3.9,12.2,2.9,19.2,97.5,97.8,2.5,2.2,100.0,0.0,0.0,0.0,0.0,0.0,0.0,0.0,0.0,0.0,0.0,0.0,0.0,0.0,0.0,0.0,     48,     48,      6,      8,     14,      6,     12,     11,     17,     23,     35,116,    114,     48,     48,      6,      8,     14,      6,     12,     11,     17,     23,     35,    116,    114,      0,      0,      0,      0,      0,      0,      0,      0,      0,      0,      0,      0,      0,31.2,22.4,43.1,36.1,23.0,17.5,30.2,24.7,31.2,22.4,43.1,36.1,23.0,17.5,30.2,24.7,0.0,0.0,0.0,0.0,0.0,0.0,0.0,0.0
2024-06-11,2024-06-14,0,634583,372036,372880,11068,27018,27924,15077,49194,20647,70093,17955,107913,624758,623531,9825,11052,634583,372036,372880,11068,27018,27924,15077,49194,20647,70093,17955,107913,624758,623531,9825,11052,0,0,0,0,0,0,0,0,0,0,0,0,0,0,0,0,  103902,   92230,   94479,     140,    -620,    2082,    1427,    -261,     126,    5292,    2816,    6082,  107379,  104704,   -3477,    -802,100.0,58.6,58.8,1.7,4.3,4.4,2.4,7.8,3.3,11.0,2.8,17.0,98.5,98.3,1.5,1.7,100.0,58.6,58.8,1.7,4.3,4.4,2.4,7.8,3.3,11.0,2.8,17.0,98.5,98.3,1.5,1.7,100.0,0.0,0.0,0.0,0.0,0.0,0.0,0.0,0.0,0.0,0.0,0.0,0.0,0.0,0.0,0.0,     46,     46,      7,      7,     14,      7,     12,     11,     18,     26,     38,119,    116,     46,     46,      7,      7,     14,      7,     12,     11,     18,     26,     38,    119,    116,      0,      0,      0,      0,      0,      0,      0,      0,      0,      0,      0,      0,      0,41.2,34.9,51.6,45.9,33.6,29.2,39.1,35.2,41.2,34.9,51.6,45.9,33.6,29.2,39.1,35.2,0.0,0.0,0.0,0.0,0.0,0.0,0.0,0.0
2024-06-11,2024-06-14,0,147285,34514,45800,31612,44785,4038,0,0,0,55509,24028,4760,130433,123411,16852,23874,147285,34514,45800,31612,44785,4038,0,0,0,55509,24028,4760,130433,123411,16852,23874,0,0,0,0,0,0,0,0,0,0,0,0,0,0,0,0,     959,    1369,      74,     352,     618,      -6,       0,       0,       0,    -665,    -318,    -328,     722,      40,     237,     919,100.0,23.4,31.1,21.5,30.4,2.7,0.0,0.0,0.0,37.7,16.3,3.2,88.6,83.8,11.4,16.2,100.0,23.4,31.1,21.5,30.4,2.7,0.0,0.0,0.0,37.7,16.3,3.2,88.6,83.8,11.4,16.2,100.0,0.0,0.0,0.0,0.0,0.0,0.0,0.0,0.0,0.0,0.0,0.0,0.0,0.0,0.0,0.0,     18,     16,      6,      7,      7,      0,      0,      0,      5,      5,      7,37,     34,     18,     16,      6,      7,      7,      0,      0,      0,      5,      5,      7,     37,     34,      0,      0,      0,      0,      0,      0,      0,      0,      0,      0,      0,      0,      0,40.9,32.2,60.1,49.0,38.6,31.6,56.0,47.8,40.9,32.2,60.1,49.0,38.6,31.6,56.0,47.8,0.0,0.0,0.0,0.0,0.0,0.0,0.0,0.0
2024-06-18,2024-06-21,0,614012,360015,344703,11245,34740,27358,12796,45822,21215,62403,20206,107180,602212,601224,11800,12788,614012,360015,344703,11245,34740,27358,12796,45822,21215,62403,20206,107180,602212,601224,11800,12788,0,0,0,0,0,0,0,0,0,0,0,0,0,0,0,0,  -20571,  -12021,  -28177,     177,    7722,    -566,   -2281,   -3372,     568,   -7690,    2251,    -733,  -22546,  -22307,    1975,    1736,100.0,58.6,56.1,1.8,5.7,4.5,2.1,7.5,3.5,10.2,3.3,17.5,98.1,97.9,1.9,2.1,100.0,58.6,56.1,1.8,5.7,4.5,2.1,7.5,3.5,10.2,3.3,17.5,98.1,97.9,1.9,2.1,100.0,0.0,0.0,0.0,0.0,0.0,0.0,0.0,0.0,0.0,0.0,0.0,0.0,0.0,0.0,0.0,     46,     46,      6,      9,     14,      7,     13,     12,     20,     21,     35,116,    115,     46,     46,      6,      9,     14,      7,     13,     12,     20,     21,     35,    116,    115,      0,      0,      0,      0,      0,      0,      0,      0,      0,      0,      0,      0,      0,40.8,36.2,52.1,48.2,34.3,30.1,39.1,35.1,40.8,36.2,52.1,48.2,34.3,30.1,39.1,35.1,0.0,0.0,0.0,0.0,0.0,0.0,0.0,0.0
2024-06-18,2024-06-21,0,151094,36227,48097,32358,47582,3999,0,0,0,57658,24363,3970,134212,128011,16882,23083,151094,36227,48097,32358,47582,3999,0,0,0,57658,24363,3970,134212,128011,16882,23083,0,0,0,0,0,0,0,0,0,0,0,0,0,0,0,0,    3809,    1713,    2297,     746,    2797,     -39,       0,       0,       0,    2149,     335,    -790,    3779,    4600,      30,    -791,100.0,24.0,31.8,21.4,31.5,2.6,0.0,0.0,0.0,38.2,16.1,2.6,88.8,84.7,11.2,15.3,100.0,24.0,31.8,21.4,31.5,2.6,0.0,0.0,0.0,38.2,16.1,2.6,88.8,84.7,11.2,15.3,100.0,0.0,0.0,0.0,0.0,0.0,0.0,0.0,0.0,0.0,0.0,0.0,0.0,0.0,0.0,0.0,     19,     19,      6,      8,      8,      0,      0,      0,      5,      5,      7,39,     38,     19,     19,      6,      8,      8,      0,      0,      0,      5,      5,      7,     39,     38,      0,      0,      0,      0,      0,      0,      0,      0,      0,      0,      0,      0,      0,41.1,32.2,59.6,49.3,39.7,32.0,56.3,48.2,41.1,32.2,59.6,49.3,39.7,32.0,56.3,48.2,0.0,0.0,0.0,0.0,0.0,0.0,0.0,0.0
2024-06-25,2024-06-28,0,629261,352089,363057,10858,31984,28335,15220,40254,22003,73295,15882,114879,616679,616394,12582,12867,629261,352089,363057,10858,31984,28335,15220,40254,22003,73295,15882,114879,616679,616394,12582,12867,0,0,0,0,0,0,0,0,0,0,0,0,0,0,0,0,   15249,   -7926,   18354,    -387,   -2756,     977,    2424,   -5568,     788,   10892,   -4324,    7699,   14467,   15170,     782,      79,100.0,56.0,57.7,1.7,5.1,4.5,2.4,6.4,3.5,11.6,2.5,18.3,98.0,98.0,2.0,2.0,100.0,56.0,57.7,1.7,5.1,4.5,2.4,6.4,3.5,11.6,2.5,18.3,98.0,98.0,2.0,2.0,100.0,0.0,0.0,0.0,0.0,0.0,0.0,0.0,0.0,0.0,0.0,0.0,0.0,0.0,0.0,0.0,     47,     51,      6,      9,     14,      7,     11,     11,     23,     17,     34,117,    118,     47,     51,      6,      9,     14,      7,     11,     11,     23,     17,     34,    117,    118,      0,      0,      0,      0,      0,      0,      0,      0,      0,      0,      0,      0,      0,40.7,35.2,51.4,47.2,32.3,28.9,37.3,33.8,40.7,35.2,51.4,47.2,32.3,28.9,37.3,33.8,0.0,0.0,0.0,0.0,0.0,0.0,0.0,0.0
2024-06-25,2024-06-28,0,156911,38446,50862,33570,49168,3986,0,0,0,58541,25244,4890,139433,134150,17478,22761,156911,38446,50862,33570,49168,3986,0,0,0,58541,25244,4890,139433,134150,17478,22761,0,0,0,0,0,0,0,0,0,0,0,0,0,0,0,0,    5817,    2219,    2765,    1212,    1586,     -13,       0,       0,       0,     883,     881,     920,    5221,    6139,     596,    -322,100.0,24.5,32.4,21.4,31.3,2.5,0.0,0.0,0.0,37.3,16.1,3.1,88.9,85.5,11.1,14.5,100.0,24.5,32.4,21.4,31.3,2.5,0.0,0.0,0.0,37.3,16.1,3.1,88.9,85.5,11.1,14.5,100.0,0.0,0.0,0.0,0.0,0.0,0.0,0.0,0.0,0.0,0.0,0.0,0.0,0.0,0.0,0.0,     20,     19,      6,      8,      8,      0,      0,      0,      5,      5,      7,40,     38,     20,     19,      6,      8,      8,      0,      0,      0,      5,      5,      7,     40,     38,      0,      0,      0,      0,      0,      0,      0,      0,      0,      0,      0,      0,      0,40.6,32.1,58.7,49.5,39.0,32.0,55.6,48.6,40.6,32.1,58.7,49.5,39.0,32.0,55.6,48.6,0.0,0.0,0.0,0.0,0.0,0.0,0.0,0.0
2024-07-02,2024-07-05,0,613245,345772,344084,11591,31747,29537,13819,38198,22814,52360,13232,122651,598544,602263,14701,10982,613245,345772,344084,11591,31747,29537,13819,38198,22814,52360,13232,122651,598544,602263,14701,10982,0,0,0,0,0,0,0,0,0,0,0,0,0,0,0,0,  -16016,   -6317,  -18973,     733,    -237,    1202,   -1401,   -2056,     811,  -20935,   -2650,    7772,  -18135,  -14131,    2119,   -1885,100.0,56.4,56.1,1.9,5.2,4.8,2.3,6.2,3.7,8.5,2.2,20.0,97.6,98.2,2.4,1.8,100.0,56.4,56.1,1.9,5.2,4.8,2.3,6.2,3.7,8.5,2.2,20.0,97.6,98.2,2.4,1.8,100.0,0.0,0.0,0.0,0.0,0.0,0.0,0.0,0.0,0.0,0.0,0.0,0.0,0.0,0.0,0.0,     49,     53,      6,      9,     14,      6,     10,     11,     22,     17,     35,118,    120,     49,     53,      6,      9,     14,      6,     10,     11,     22,     17,     35,    118,    120,      0,      0,      0,      0,      0,      0,      0,      0,      0,      0,      0,      0,      0,40.4,34.8,50.0,46.2,31.0,27.6,35.5,32.4,40.4,34.8,50.0,46.2,31.0,27.6,35.5,32.4,0.0,0.0,0.0,0.0,0.0,0.0,0.0,0.0
2024-07-02,2024-07-05,0,139381,24855,41790,29688,41711,3754,0,0,0,55460,23904,3719,117476,114878,21905,24503,139381,24855,41790,29688,41711,3754,0,0,0,55460,23904,3719,117476,114878,21905,24503,0,0,0,0,0,0,0,0,0,0,0,0,0,0,0,0,  -17530,  -13591,   -9072,   -3882,   -7457,    -232,       0,       0,       0,   -3081,   -1340,   -1171,  -21957,  -19272,    4427,    1742,100.0,17.8,30.0,21.3,29.9,2.7,0.0,0.0,0.0,39.8,17.2,2.7,84.3,82.4,15.7,17.6,100.0,17.8,30.0,21.3,29.9,2.7,0.0,0.0,0.0,39.8,17.2,2.7,84.3,82.4,15.7,17.6,100.0,0.0,0.0,0.0,0.0,0.0,0.0,0.0,0.0,0.0,0.0,0.0,0.0,0.0,0.0,0.0,     16,     15,      5,      7,      7,      0,      0,      0,      5,      5,      6,33,     33,     16,     15,      5,      7,      7,      0,      0,      0,      5,      5,      6,     33,     33,      0,      0,      0,      0,      0,      0,      0,      0,      0,      0,      0,      0,      0,43.7,34.8,60.8,50.0,41.7,34.4,57.3,48.1,43.7,34.8,60.8,50.0,41.7,34.4,57.3,48.1,0.0,0.0,0.0,0.0,0.0,0.0,0.0,0.0
2024-07-09,2024-07-12,0,635639,349023,348358,12153,31692,28638,12019,39574,22965,55719,12012,139732,620249,622971,15390,12668,635639,349023,348358,12153,31692,28638,12019,39574,22965,55719,12012,139732,620249,622971,15390,12668,0,0,0,0,0,0,0,0,0,0,0,0,0,0,0,0,   22394,    3251,    4274,     562,     -55,    -899,   -1800,    1376,     151,    3359,   -1220,   17081,   21705,   20708,     689,    1686,100.0,54.9,54.8,1.9,5.0,4.5,1.9,6.2,3.6,8.8,1.9,22.0,97.6,98.0,2.4,2.0,100.0,54.9,54.8,1.9,5.0,4.5,1.9,6.2,3.6,8.8,1.9,22.0,97.6,98.0,2.4,2.0,100.0,0.0,0.0,0.0,0.0,0.0,0.0,0.0,0.0,0.0,0.0,0.0,0.0,0.0,0.0,0.0,     44,     49,      6,      9,     13,      6,     10,     12,     22,     18,     37,114,    117,     44,     49,      6,      9,     13,      6,     10,     12,     22,     18,     37,    114,    117,      0,      0,      0,      0,      0,      0,      0,      0,      0,      0,      0,      0,      0,40.5,34.5,50.3,45.2,29.8,26.3,34.5,30.8,40.5,34.5,50.3,45.2,29.8,26.3,34.5,30.8,0.0,0.0,0.0,0.0,0.0,0.0,0.0,0.0
2024-07-09,2024-07-12,0,143363,25615,42784,31384,42272,4020,0,0,0,55491,24992,3939,120449,118007,22914,25356,143363,25615,42784,31384,42272,4020,0,0,0,55491,24992,3939,120449,118007,22914,25356,0,0,0,0,0,0,0,0,0,0,0,0,0,0,0,0,    3982,     760,     994,    1696,     561,     266,       0,       0,       0,      31,    1088,     220,    2973,    3129,    1009,     853,100.0,17.9,29.8,21.9,29.5,2.8,0.0,0.0,0.0,38.7,17.4,2.7,84.0,82.3,16.0,17.7,100.0,17.9,29.8,21.9,29.5,2.8,0.0,0.0,0.0,38.7,17.4,2.7,84.0,82.3,16.0,17.7,100.0,0.0,0.0,0.0,0.0,0.0,0.0,0.0,0.0,0.0,0.0,0.0,0.0,0.0,0.0,0.0,     16,     15,      5,      7,      7,      0,      0,      0,      5,      5,      6,33,     33,     16,     15,      5,      7,      7,      0,      0,      0,      5,      5,      6,     33,     33,      0,      0,      0,      0,      0,      0,      0,      0,      0,      0,      0,      0,      0,43.4,34.6,60.4,49.8,41.2,34.3,56.8,48.0,43.4,34.6,60.4,49.8,41.2,34.3,56.8,48.0,0.0,0.0,0.0,0.0,0.0,0.0,0.0,0.0
2024-07-16,2024-07-19,0,624660,337688,349053,11599,31461,28629,13560,39878,22154,66186,10521,129715,609531,611411,15129,13249,624660,337688,349053,11599,31461,28629,13560,39878,22154,66186,10521,129715,609531,611411,15129,13249,0,0,0,0,0,0,0,0,0,0,0,0,0,0,0,0,  -10979,  -11335,     695,    -554,    -231,      -9,    1541,     304,    -811,   10467,   -1491,  -10017,  -10718,  -11560,    -261,     581,100.0,54.1,55.9,1.9,5.0,4.6,2.2,6.4,3.5,10.6,1.7,20.8,97.6,97.9,2.4,2.1,100.0,54.1,55.9,1.9,5.0,4.6,2.2,6.4,3.5,10.6,1.7,20.8,97.6,97.9,2.4,2.1,100.0,0.0,0.0,0.0,0.0,0.0,0.0,0.0,0.0,0.0,0.0,0.0,0.0,0.0,0.0,0.0,     45,     47,      5,     10,     13,      6,     11,     14,     25,     16,     36,117,    115,     45,     47,      5,     10,     13,      6,     11,     14,     25,     16,     36,    117,    115,      0,      0,      0,      0,      0,      0,      0,      0,      0,      0,      0,      0,      0,39.4,34.6,50.0,44.8,29.3,26.4,34.0,31.4,39.4,34.6,50.0,44.8,29.3,26.4,34.0,31.4,0.0,0.0,0.0,0.0,0.0,0.0,0.0,0.0
2024-07-16,2024-07-19,0,146363,26698,46024,31591,42362,4020,0,0,0,57721,25255,3418,123448,121079,22915,25284,146363,26698,46024,31591,42362,4020,0,0,0,57721,25255,3418,123448,121079,22915,25284,0,0,0,0,0,0,0,0,0,0,0,0,0,0,0,0,    3000,    1083,    3240,     207,      90,       0,       0,       0,       0,    2230,     263,    -521,    2999,    3072,       1,     -72,100.0,18.2,31.4,21.6,28.9,2.7,0.0,0.0,0.0,39.4,17.3,2.3,84.3,82.7,15.7,17.3,100.0,18.2,31.4,21.6,28.9,2.7,0.0,0.0,0.0,39.4,17.3,2.3,84.3,82.7,15.7,17.3,100.0,0.0,0.0,0.0,0.0,0.0,0.0,0.0,0.0,0.0,0.0,0.0,0.0,0.0,0.0,0.0,     18,     17,      5,      7,      7,      0,      0,      0,      5,      5,      7,35,     36,     18,     17,      5,      7,      7,      0,      0,      0,      5,      5,      7,     35,     36,      0,      0,      0,      0,      0,      0,      0,      0,      0,      0,      0,      0,      0,43.4,34.2,60.5,49.0,41.3,34.0,57.3,47.4,43.4,34.2,60.5,49.0,41.3,34.0,57.3,47.4,0.0,0.0,0.0,0.0,0.0,0.0,0.0,0.0
2024-07-23,2024-07-26,0,607921,341074,330713,9022,31906,33541,14179,48158,20910,59059,14337,116640,594425,596205,13496,11716,607921,341074,330713,9022,31906,33541,14179,48158,20910,59059,14337,116640,594425,596205,13496,11716,0,0,0,0,0,0,0,0,0,0,0,0,0,0,0,0,  -16739,    3386,  -18340,   -2577,     445,    4912,     619,    8280,   -1244,   -7127,    3816,  -13075,  -15106,  -15206,   -1633,   -1533,100.0,56.1,54.4,1.5,5.2,5.5,2.3,7.9,3.4,9.7,2.4,19.2,97.8,98.1,2.2,1.9,100.0,56.1,54.4,1.5,5.2,5.5,2.3,7.9,3.4,9.7,2.4,19.2,97.8,98.1,2.2,1.9,100.0,0.0,0.0,0.0,0.0,0.0,0.0,0.0,0.0,0.0,0.0,0.0,0.0,0.0,0.0,0.0,     43,     45,      4,     11,     13,      4,     12,     14,     23,     17,     35,112,    113,     43,     45,      4,     11,     13,      4,     12,     14,     23,     17,     35,    112,    113,      0,      0,      0,      0,      0,      0,      0,      0,      0,      0,      0,      0,      0,38.8,34.2,49.4,46.3,29.6,26.9,34.3,32.6,38.8,34.2,49.4,46.3,29.6,26.9,34.3,32.6,0.0,0.0,0.0,0.0,0.0,0.0,0.0,0.0
2024-07-23,2024-07-26,0,154799,30480,51064,31606,44490,5051,0,0,0,60282,25757,3235,130654,129597,24145,25202,154799,30480,51064,31606,44490,5051,0,0,0,60282,25757,3235,130654,129597,24145,25202,0,0,0,0,0,0,0,0,0,0,0,0,0,0,0,0,    8436,    3782,    5040,      15,    2128,    1031,       0,       0,       0,    2561,     502,    -183,    7206,    8518,    1230,     -82,100.0,19.7,33.0,20.4,28.7,3.3,0.0,0.0,0.0,38.9,16.6,2.1,84.4,83.7,15.6,16.3,100.0,19.7,33.0,20.4,28.7,3.3,0.0,0.0,0.0,38.9,16.6,2.1,84.4,83.7,15.6,16.3,100.0,0.0,0.0,0.0,0.0,0.0,0.0,0.0,0.0,0.0,0.0,0.0,0.0,0.0,0.0,0.0,     19,     18,      5,      7,      7,      0,      0,      0,      5,      5,      7,36,     37,     19,     18,      5,      7,      7,      0,      0,      0,      5,      5,      7,     36,     37,      0,      0,      0,      0,      0,      0,      0,      0,      0,      0,      0,      0,      0,42.7,32.8,59.4,47.9,40.2,32.5,55.8,46.6,42.7,32.8,59.4,47.9,40.2,32.5,55.8,46.6,0.0,0.0,0.0,0.0,0.0,0.0,0.0,0.0
2024-07-30,2024-08-02,0,606826,348750,325616,9022,34883,32511,11360,49078,20732,55588,16213,116603,594566,595636,12260,11190,606826,348750,325616,9022,34883,32511,11360,49078,20732,55588,16213,116603,594566,595636,12260,11190,0,0,0,0,0,0,0,0,0,0,0,0,0,0,0,0,   -1095,    7676,   -5097,       0,    2977,   -1030,   -2819,     920,    -178,   -3471,    1876,     -37,     141,    -569,   -1236,    -526,100.0,57.5,53.7,1.5,5.7,5.4,1.9,8.1,3.4,9.2,2.7,19.2,98.0,98.2,2.0,1.8,100.0,57.5,53.7,1.5,5.7,5.4,1.9,8.1,3.4,9.2,2.7,19.2,98.0,98.2,2.0,1.8,100.0,0.0,0.0,0.0,0.0,0.0,0.0,0.0,0.0,0.0,0.0,0.0,0.0,0.0,0.0,0.0,     44,     44,      4,     10,     13,.,     13,     14,     19,     20,     36,113,    111,     44,     44,      4,     10,     13,.,     13,     14,     19,     20,     36,    113,    111,      0,      0,      0,      0,      0,      0,      0,      0,      0,      0,      0,      0,      0,39.3,33.4,50.6,45.6,30.3,26.1,34.7,31.9,39.3,33.4,50.6,45.6,30.3,26.1,34.7,31.9,0.0,0.0,0.0,0.0,0.0,0.0,0.0,0.0
2024-07-30,2024-08-02,0,162325,33445,54754,31784,46900,6426,0,0,0,63738,25267,3212,138605,136559,23720,25766,162325,33445,54754,31784,46900,6426,0,0,0,63738,25267,3212,138605,136559,23720,25766,0,0,0,0,0,0,0,0,0,0,0,0,0,0,0,0,    7526,    2965,    3690,     178,    2410,    1375,       0,       0,       0,    3456,    -490,     -23,    7951,    6962,    -425,     564,100.0,20.6,33.7,19.6,28.9,4.0,0.0,0.0,0.0,39.3,15.6,2.0,85.4,84.1,14.6,15.9,100.0,20.6,33.7,19.6,28.9,4.0,0.0,0.0,0.0,39.3,15.6,2.0,85.4,84.1,14.6,15.9,100.0,0.0,0.0,0.0,0.0,0.0,0.0,0.0,0.0,0.0,0.0,0.0,0.0,0.0,0.0,0.0,     19,     20,      5,      7,      7,      0,      0,      0,      5,      5,      7,36,     39,     19,     20,      5,      7,      7,      0,      0,      0,      5,      5,      7,     36,     39,      0,      0,      0,      0,      0,      0,      0,      0,      0,      0,      0,      0,      0,43.3,32.8,59.8,47.4,40.0,32.6,55.5,46.2,43.3,32.8,59.8,47.4,40.0,32.6,55.5,46.2,0.0,0.0,0.0,0.0,0.0,0.0,0.0,0.0
2024-08-06,2024-08-09,0,140769,22516,45836,30359,39057,6205,0,0,0,54871,22920,2625,116576,116643,24193,24126,140769,22516,45836,30359,39057,6205,0,0,0,54871,22920,2625,116576,116643,24193,24126,0,0,0,0,0,0,0,0,0,0,0,0,0,0,0,0,  -21556,  -10929,   -8918,   -1425,   -7843,    -221,       0,       0,       0,   -8867,   -2347,    -587,  -22029,  -19916,     473,   -1640,100.0,16.0,32.6,21.6,27.7,4.4,0.0,0.0,0.0,39.0,16.3,1.9,82.8,82.9,17.2,17.1,100.0,16.0,32.6,21.6,27.7,4.4,0.0,0.0,0.0,39.0,16.3,1.9,82.8,82.9,17.2,17.1,100.0,0.0,0.0,0.0,0.0,0.0,0.0,0.0,0.0,0.0,0.0,0.0,0.0,0.0,0.0,0.0,     18,     19,      5,      7,      6,      0,      0,      0,      4,      5,      6,34,     36,     18,     19,      5,      7,      6,      0,      0,      0,      4,      5,      6,     34,     36,      0,      0,      0,      0,      0,      0,      0,      0,      0,      0,      0,      0,      0,45.1,33.6,61.9,47.7,41.3,33.4,58.0,46.0,45.1,33.6,61.9,47.7,41.3,33.4,58.0,46.0,0.0,0.0,0.0,0.0,0.0,0.0,0.0,0.0
2024-08-06,2024-08-09,0,634719,383230,335594,8856,41889,29130,4695,48858,23995,54877,24444,118456,623239,622366,11480,12353,634719,383230,335594,8856,41889,29130,4695,48858,23995,54877,24444,118456,623239,622366,11480,12353,0,0,0,0,0,0,0,0,0,0,0,0,0,0,0,0,   27893,   34480,    9978,    -166,    7006,   -3381,   -6665,    -220,    3263,    -711,    8231,    1853,   28673,   26730,    -780,    1163,100.0,60.4,52.9,1.4,6.6,4.6,0.7,7.7,3.8,8.6,3.9,18.7,98.2,98.1,1.8,1.9,100.0,60.4,52.9,1.4,6.6,4.6,0.7,7.7,3.8,8.6,3.9,18.7,98.2,98.1,1.8,1.9,100.0,0.0,0.0,0.0,0.0,0.0,0.0,0.0,0.0,0.0,0.0,0.0,0.0,0.0,0.0,0.0,     47,     45,      4,     10,     13,      4,     12,     15,     16,     22,     34,114,    110,     47,     45,      4,     10,     13,      4,     12,     15,     16,     22,     34,    114,    110,      0,      0,      0,      0,      0,      0,      0,      0,      0,      0,      0,      0,      0,42.5,33.3,52.6,45.5,32.6,25.2,37.1,30.9,42.5,33.3,52.6,45.5,32.6,25.2,37.1,30.9,0.0,0.0,0.0,0.0,0.0,0.0,0.0,0.0
2024-08-13,2024-08-16,0,652448,372270,343753,9660,47305,32355,4707,43742,23138,63154,16066,134223,639507,640582,12941,11866,652448,372270,343753,9660,47305,32355,4707,43742,23138,63154,16066,134223,639507,640582,12941,11866,0,0,0,0,0,0,0,0,0,0,0,0,0,0,0,0,   17729,  -10960,    8159,     804,    5416,    3225,      12,   -5116,    -857,    8277,   -8378,   15767,   16268,   18216,    1461,    -487,100.0,57.1,52.7,1.5,7.3,5.0,0.7,6.7,3.5,9.7,2.5,20.6,98.0,98.2,2.0,1.8,100.0,57.1,52.7,1.5,7.3,5.0,0.7,6.7,3.5,9.7,2.5,20.6,98.0,98.2,2.0,1.8,100.0,0.0,0.0,0.0,0.0,0.0,0.0,0.0,0.0,0.0,0.0,0.0,0.0,0.0,0.0,0.0,     46,     45,      4,     10,     13,.,     14,     15,     21,     19,     37,116,    113,     46,     45,      4,     10,     13,.,     14,     15,     21,     19,     37,    116,    113,      0,      0,      0,      0,      0,      0,      0,      0,      0,      0,      0,      0,      0,42.5,33.3,52.0,44.6,32.5,24.6,36.5,30.1,42.5,33.3,52.0,44.6,32.5,24.6,36.5,30.1,0.0,0.0,0.0,0.0,0.0,0.0,0.0,0.0
2024-08-13,2024-08-16,0,147407,26118,49258,30996,39236,7888,0,0,0,55162,22954,2710,122874,122046,24533,25361,147407,26118,49258,30996,39236,7888,0,0,0,55162,22954,2710,122874,122046,24533,25361,0,0,0,0,0,0,0,0,0,0,0,0,0,0,0,0,    6638,    3602,    3422,     637,     179,    1683,       0,       0,       0,     291,      34,      85,    6298,    5403,     340,    1235,100.0,17.7,33.4,21.0,26.6,5.4,0.0,0.0,0.0,37.4,15.6,1.8,83.4,82.8,16.6,17.2,100.0,17.7,33.4,21.0,26.6,5.4,0.0,0.0,0.0,37.4,15.6,1.8,83.4,82.8,16.6,17.2,100.0,0.0,0.0,0.0,0.0,0.0,0.0,0.0,0.0,0.0,0.0,0.0,0.0,0.0,0.0,0.0,     18,     18,      5,      7,      6,      0,      0,      0,      4,      5,      6,34,     35,     18,     18,      5,      7,      6,      0,      0,      0,      4,      5,      6,     34,     35,      0,      0,      0,      0,      0,      0,      0,      0,      0,      0,      0,      0,      0,44.2,32.1,60.8,46.4,39.6,31.9,55.9,44.0,44.2,32.1,60.8,46.4,39.6,31.9,55.9,44.0,0.0,0.0,0.0,0.0,0.0,0.0,0.0,0.0
2024-08-20,2024-08-23,0,606596,350709,313458,11257,48943,26297,5117,40913,21155,52382,18790,124286,591203,593842,15393,12754,606596,350709,313458,11257,48943,26297,5117,40913,21155,52382,18790,124286,591203,593842,15393,12754,0,0,0,0,0,0,0,0,0,0,0,0,0,0,0,0,  -45852,  -21561,  -30295,    1597,    1638,   -6058,     410,   -2829,   -1983,  -10772,    2724,   -9937,  -48304,  -46740,    2452,     888,100.0,57.8,51.7,1.9,8.1,4.3,0.8,6.7,3.5,8.6,3.1,20.5,97.5,97.9,2.5,2.1,100.0,57.8,51.7,1.9,8.1,4.3,0.8,6.7,3.5,8.6,3.1,20.5,97.5,97.9,2.5,2.1,100.0,0.0,0.0,0.0,0.0,0.0,0.0,0.0,0.0,0.0,0.0,0.0,0.0,0.0,0.0,0.0,     43,     41,      6,      9,     13,.,     12,     12,     18,     20,     35,108,    106,     43,     41,      6,      9,     13,.,     12,     12,     18,     20,     35,    108,    106,      0,      0,      0,      0,      0,      0,      0,      0,      0,      0,      0,      0,      0,43.7,33.1,53.2,44.1,33.6,24.2,37.7,29.8,43.7,33.1,53.2,44.1,33.6,24.2,37.7,29.8,0.0,0.0,0.0,0.0,0.0,0.0,0.0,0.0
2024-08-20,2024-08-23,0,148882,27570,49441,30996,40365,7526,0,0,0,56901,22885,2845,125838,123062,23044,25820,148882,27570,49441,30996,40365,7526,0,0,0,56901,22885,2845,125838,123062,23044,25820,0,0,0,0,0,0,0,0,0,0,0,0,0,0,0,0,    1475,    1452,     183,       0,    1129,    -362,       0,       0,       0,    1739,     -69,     135,    2964,    1016,   -1489,     459,100.0,18.5,33.2,20.8,27.1,5.1,0.0,0.0,0.0,38.2,15.4,1.9,84.5,82.7,15.5,17.3,100.0,18.5,33.2,20.8,27.1,5.1,0.0,0.0,0.0,38.2,15.4,1.9,84.5,82.7,15.5,17.3,100.0,0.0,0.0,0.0,0.0,0.0,0.0,0.0,0.0,0.0,0.0,0.0,0.0,0.0,0.0,0.0,     18,     18,      5,      7,      6,      0,      0,      0,      5,      5,      8,36,     36,     18,     18,      5,      7,      6,      0,      0,      0,      5,      5,      8,     36,     36,      0,      0,      0,      0,      0,      0,      0,      0,      0,      0,      0,      0,      0,43.6,32.5,59.8,46.3,39.4,32.4,55.4,44.4,43.6,32.5,59.8,46.3,39.4,32.4,55.4,44.4,0.0,0.0,0.0,0.0,0.0,0.0,0.0,0.0
2024-08-27,2024-08-30,0,603068,342605,295831,12817,53802,23937,8083,43896,20806,47311,21760,131979,587538,592011,15530,11057,603068,342605,295831,12817,53802,23937,8083,43896,20806,47311,21760,131979,587538,592011,15530,11057,0,0,0,0,0,0,0,0,0,0,0,0,0,0,0,0,   -3528,   -8104,  -17627,    1560,    4859,   -2360,    2966,    2983,    -349,   -5071,    2970,    7693,   -3665,   -1831,     137,   -1697,100.0,56.8,49.1,2.1,8.9,4.0,1.3,7.3,3.5,7.8,3.6,21.9,97.4,98.2,2.6,1.8,100.0,56.8,49.1,2.1,8.9,4.0,1.3,7.3,3.5,7.8,3.6,21.9,97.4,98.2,2.6,1.8,100.0,0.0,0.0,0.0,0.0,0.0,0.0,0.0,0.0,0.0,0.0,0.0,0.0,0.0,0.0,0.0,     41,     42,      6,     10,     14,      4,     11,     11,     14,     26,     37,109,    111,     41,     42,      6,     10,     14,      4,     11,     11,     14,     26,     37,    109,    111,      0,      0,      0,      0,      0,      0,      0,      0,      0,      0,      0,      0,      0,45.9,33.6,55.0,45.3,34.2,23.7,38.3,30.1,45.9,33.6,55.0,45.3,34.2,23.7,38.3,30.1,0.0,0.0,0.0,0.0,0.0,0.0,0.0,0.0
2024-08-27,2024-08-30,0,153870,30092,51949,27691,42946,6499,0,0,0,59594,26567,3016,126892,130977,26978,22893,153870,30092,51949,27691,42946,6499,0,0,0,59594,26567,3016,126892,130977,26978,22893,0,0,0,0,0,0,0,0,0,0,0,0,0,0,0,0,    4988,    2522,    2508,   -3305,    2581,   -1027,       0,       0,       0,    2693,    3682,     171,    1054,    7915,    3934,   -2927,100.0,19.6,33.8,18.0,27.9,4.2,0.0,0.0,0.0,38.7,17.3,2.0,82.5,85.1,17.5,14.9,100.0,19.6,33.8,18.0,27.9,4.2,0.0,0.0,0.0,38.7,17.3,2.0,82.5,85.1,17.5,14.9,100.0,0.0,0.0,0.0,0.0,0.0,0.0,0.0,0.0,0.0,0.0,0.0,0.0,0.0,0.0,0.0,     21,     18,      4,      7,      6,      0,      0,      0,      5,      6,      8,38,     37,     21,     18,      4,      7,      6,      0,      0,      0,      5,      6,      8,     38,     37,      0,      0,      0,      0,      0,      0,      0,      0,      0,      0,      0,      0,      0,43.0,32.7,59.3,46.0,39.6,32.6,55.7,44.4,43.0,32.7,59.3,46.0,39.6,32.6,55.7,44.4,0.0,0.0,0.0,0.0,0.0,0.0,0.0,0.0
2024-09-03,2024-09-06,0,600494,344439,287239,12759,52582,22504,5275,44771,21125,50101,31018,128851,585054,588090,15440,12404,600494,344439,287239,12759,52582,22504,5275,44771,21125,50101,31018,128851,585054,588090,15440,12404,0,0,0,0,0,0,0,0,0,0,0,0,0,0,0,0,   -2574,    1834,   -8592,     -58,   -1220,   -1433,   -2808,     875,     319,    2790,    9258,   -3128,   -2484,   -3921,     -90,    1347,100.0,57.4,47.8,2.1,8.8,3.7,0.9,7.5,3.5,8.3,5.2,21.5,97.4,97.9,2.6,2.1,100.0,57.4,47.8,2.1,8.8,3.7,0.9,7.5,3.5,8.3,5.2,21.5,97.4,97.9,2.6,2.1,100.0,0.0,0.0,0.0,0.0,0.0,0.0,0.0,0.0,0.0,0.0,0.0,0.0,0.0,0.0,0.0,     45,     41,      6,     10,     14,.,     12,     11,     17,     24,     38,112,    112,     45,     41,      6,     10,     14,.,     12,     11,     17,     24,     38,    112,    112,      0,      0,      0,      0,      0,      0,      0,      0,      0,      0,      0,      0,      0,45.6,34.2,55.2,46.2,35.2,24.4,39.3,30.4,45.6,34.2,55.2,46.2,35.2,24.4,39.3,30.4,0.0,0.0,0.0,0.0,0.0,0.0,0.0,0.0
2024-09-03,2024-09-06,0,132232,21337,41393,26425,36071,5976,0,0,0,50387,23182,2806,106931,109428,25301,22804,132232,21337,41393,26425,36071,5976,0,0,0,50387,23182,2806,106931,109428,25301,22804,0,0,0,0,0,0,0,0,0,0,0,0,0,0,0,0,  -21638,   -8755,  -10556,   -1266,   -6875,    -523,       0,       0,       0,   -9207,   -3385,    -210,  -19961,  -21549,   -1677,     -89,100.0,16.1,31.3,20.0,27.3,4.5,0.0,0.0,0.0,38.1,17.5,2.1,80.9,82.8,19.1,17.2,100.0,16.1,31.3,20.0,27.3,4.5,0.0,0.0,0.0,38.1,17.5,2.1,80.9,82.8,19.1,17.2,100.0,0.0,0.0,0.0,0.0,0.0,0.0,0.0,0.0,0.0,0.0,0.0,0.0,0.0,0.0,0.0,     17,     15,      4,      7,      6,      0,      0,      0,      5,      5,      8,34,     33,     17,     15,      4,      7,      6,      0,      0,      0,      5,      5,      8,     34,     33,      0,      0,      0,      0,      0,      0,      0,      0,      0,      0,      0,      0,      0,45.5,34.6,61.3,47.4,41.8,34.5,57.3,45.5,45.5,34.6,61.3,47.4,41.8,34.5,57.3,45.5,0.0,0.0,0.0,0.0,0.0,0.0,0.0,0.0
2024-09-10,2024-09-13,0,597403,352427,289348,12470,58159,22540,4808,51928,19565,53388,26445,116742,581940,584727,15463,12676,597403,352427,289348,12470,58159,22540,4808,51928,19565,53388,26445,116742,581940,584727,15463,12676,0,0,0,0,0,0,0,0,0,0,0,0,0,0,0,0,   -3091,    7988,    2109,    -289,    5577,      36,    -467,    7157,   -1560,    3287,   -4573,  -12109,   -3114,   -3363,      23,     272,100.0,59.0,48.4,2.1,9.7,3.8,0.8,8.7,3.3,8.9,4.4,19.5,97.4,97.9,2.6,2.1,100.0,59.0,48.4,2.1,9.7,3.8,0.8,8.7,3.3,8.9,4.4,19.5,97.4,97.9,2.6,2.1,100.0,0.0,0.0,0.0,0.0,0.0,0.0,0.0,0.0,0.0,0.0,0.0,0.0,0.0,0.0,0.0,     45,     47,      6,     10,     14,.,     13,     13,     17,     25,     37,113,    119,     45,     47,      6,     10,     14,.,     13,     13,     17,     25,     37,    113,    119,      0,      0,      0,      0,      0,      0,      0,      0,      0,      0,      0,      0,      0,45.5,32.2,55.3,44.5,37.0,25.2,41.2,31.7,45.5,32.2,55.3,44.5,37.0,25.2,41.2,31.7,0.0,0.0,0.0,0.0,0.0,0.0,0.0,0.0
2024-09-10,2024-09-13,0,133970,22501,42070,26680,36161,5756,0,0,0,50265,23443,2943,108145,110373,25825,23597,133970,22501,42070,26680,36161,5756,0,0,0,50265,23443,2943,108145,110373,25825,23597,0,0,0,0,0,0,0,0,0,0,0,0,0,0,0,0,    1738,    1164,     677,     255,      90,    -220,       0,       0,       0,    -122,     261,     137,    1214,     945,     524,     793,100.0,16.8,31.4,19.9,27.0,4.3,0.0,0.0,0.0,37.5,17.5,2.2,80.7,82.4,19.3,17.6,100.0,16.8,31.4,19.9,27.0,4.3,0.0,0.0,0.0,37.5,17.5,2.2,80.7,82.4,19.3,17.6,100.0,0.0,0.0,0.0,0.0,0.0,0.0,0.0,0.0,0.0,0.0,0.0,0.0,0.0,0.0,0.0,     17,     15,      4,      7,      6,      0,      0,      0,      5,      5,      8,34,     33,     17,     15,      4,      7,      6,      0,      0,      0,      5,      5,      8,     34,     33,      0,      0,      0,      0,      0,      0,      0,      0,      0,      0,      0,      0,      0,44.7,34.4,60.6,47.1,41.1,34.3,56.7,45.1,44.7,34.4,60.6,47.1,41.1,34.3,56.7,45.1,0.0,0.0,0.0,0.0,0.0,0.0,0.0,0.0
2024-09-17,2024-09-20,0,601000,341998,298663,13201,52230,25006,6063,50637,21830,59454,17951,120252,587804,586569,13196,14431,601000,341998,298663,13201,52230,25006,6063,50637,21830,59454,17951,120252,587804,586569,13196,14431,0,0,0,0,0,0,0,0,0,0,0,0,0,0,0,0,    3597,  -10429,    9315,     731,   -5929,    2466,    1255,   -1291,    2265,    6066,   -8494,    3510,    5864,    1842,   -2267,    1755,100.0,56.9,49.7,2.2,8.7,4.2,1.0,8.4,3.6,9.9,3.0,20.0,97.8,97.6,2.2,2.4,100.0,56.9,49.7,2.2,8.7,4.2,1.0,8.4,3.6,9.9,3.0,20.0,97.8,97.6,2.2,2.4,100.0,0.0,0.0,0.0,0.0,0.0,0.0,0.0,0.0,0.0,0.0,0.0,0.0,0.0,0.0,0.0,     46,     44,      6,     10,     14,.,     12,     12,     16,     23,     35,111,    112,     46,     44,      6,     10,     14,.,     12,     12,     16,     23,     35,    111,    112,      0,      0,      0,      0,      0,      0,      0,      0,      0,      0,      0,      0,      0,45.5,31.9,56.2,44.6,37.3,25.2,41.1,31.5,45.5,31.9,56.2,44.6,37.3,25.2,41.1,31.5,0.0,0.0,0.0,0.0,0.0,0.0,0.0,0.0
2024-09-17,2024-09-20,0,135441,26485,44676,29626,36006,4752,0,0,0,48732,23550,2767,112362,111751,23079,23690,135441,26485,44676,29626,36006,4752,0,0,0,48732,23550,2767,112362,111751,23079,23690,0,0,0,0,0,0,0,0,0,0,0,0,0,0,0,0,    1471,    3984,    2606,    2946,    -155,   -1004,       0,       0,       0,   -1533,     107,    -176,    4217,    1378,   -2746,      93,100.0,19.6,33.0,21.9,26.6,3.5,0.0,0.0,0.0,36.0,17.4,2.0,83.0,82.5,17.0,17.5,100.0,19.6,33.0,21.9,26.6,3.5,0.0,0.0,0.0,36.0,17.4,2.0,83.0,82.5,17.0,17.5,100.0,0.0,0.0,0.0,0.0,0.0,0.0,0.0,0.0,0.0,0.0,0.0,0.0,0.0,0.0,0.0,     20,     16,      6,      6,      6,      0,      0,      0,      5,      5,      8,38,     34,     20,     16,      6,      6,      6,      0,      0,      0,      5,      5,      8,     38,     34,      0,      0,      0,      0,      0,      0,      0,      0,      0,      0,      0,      0,      0,42.1,34.4,57.5,47.5,39.1,34.3,54.3,45.8,42.1,34.4,57.5,47.5,39.1,34.3,54.3,45.8,0.0,0.0,0.0,0.0,0.0,0.0,0.0,0.0
2024-09-24,2024-09-27,0,607376,340676,310192,9314,50858,24009,7480,47930,23364,69838,15854,119699,594380,591906,12996,15470,607376,340676,310192,9314,50858,24009,7480,47930,23364,69838,15854,119699,594380,591906,12996,15470,0,0,0,0,0,0,0,0,0,0,0,0,0,0,0,0,    6376,   -1322,   11529,   -3887,   -1372,    -997,    1417,   -2707,    1534,   10384,   -2097,    -553,    6576,    5337,    -200,    1039,100.0,56.1,51.1,1.5,8.4,4.0,1.2,7.9,3.8,11.5,2.6,19.7,97.9,97.5,2.1,2.5,100.0,56.1,51.1,1.5,8.4,4.0,1.2,7.9,3.8,11.5,2.6,19.7,97.9,97.5,2.1,2.5,100.0,0.0,0.0,0.0,0.0,0.0,0.0,0.0,0.0,0.0,0.0,0.0,0.0,0.0,0.0,0.0,     43,     41,      6,      9,     14,      5,     10,     12,     20,     21,     39,113,    112,     43,     41,      6,      9,     14,      5,     10,     12,     20,     21,     39,    113,    112,      0,      0,      0,      0,      0,      0,      0,      0,      0,      0,      0,      0,      0,45.5,32.3,55.8,44.5,37.2,24.4,41.3,31.0,45.5,32.3,55.8,44.5,37.2,24.4,41.3,31.0,0.0,0.0,0.0,0.0,0.0,0.0,0.0,0.0
2024-09-24,2024-09-27,0,139146,29220,46895,29272,35778,5320,0,0,0,48988,20361,2804,115604,111158,23542,27988,139146,29220,46895,29272,35778,5320,0,0,0,48988,20361,2804,115604,111158,23542,27988,0,0,0,0,0,0,0,0,0,0,0,0,0,0,0,0,    3705,    2735,    2219,    -354,    -228,     568,       0,       0,       0,     256,   -3189,      37,    3242,    -593,     463,    4298,100.0,21.0,33.7,21.0,25.7,3.8,0.0,0.0,0.0,35.2,14.6,2.0,83.1,79.9,16.9,20.1,100.0,21.0,33.7,21.0,25.7,3.8,0.0,0.0,0.0,35.2,14.6,2.0,83.1,79.9,16.9,20.1,100.0,0.0,0.0,0.0,0.0,0.0,0.0,0.0,0.0,0.0,0.0,0.0,0.0,0.0,0.0,0.0,     21,     18,      6,      6,      6,      0,      0,      0,      5,      4,      7,38,     35,     21,     18,      6,      6,      6,      0,      0,      0,      5,      4,      7,     38,     35,      0,      0,      0,      0,      0,      0,      0,      0,      0,      0,      0,      0,      0,40.9,33.7,56.3,46.5,37.9,33.5,52.7,44.5,40.9,33.7,56.3,46.5,37.9,33.5,52.7,44.5,0.0,0.0,0.0,0.0,0.0,0.0,0.0,0.0
2024-10-01,2024-10-04,0,131676,20917,42763,30180,34394,4858,0,0,0,50936,19092,2588,109479,103695,22197,27981,131676,20917,42763,30180,34394,4858,0,0,0,50936,19092,2588,109479,103695,22197,27981,0,0,0,0,0,0,0,0,0,0,0,0,0,0,0,0,   -7470,   -8303,   -4132,     908,   -1384,    -462,       0,       0,       0,    1948,   -1269,    -216,   -6125,   -7463,   -1345,      -7,100.0,15.9,32.5,22.9,26.1,3.7,0.0,0.0,0.0,38.7,14.5,2.0,83.1,78.8,16.9,21.2,100.0,15.9,32.5,22.9,26.1,3.7,0.0,0.0,0.0,38.7,14.5,2.0,83.1,78.8,16.9,21.2,100.0,0.0,0.0,0.0,0.0,0.0,0.0,0.0,0.0,0.0,0.0,0.0,0.0,0.0,0.0,0.0,     16,     16,      6,      5,      5,      0,      0,      0,      5,      4,      5,31,     31,     16,     16,      6,      5,      5,      0,      0,      0,      5,      4,      5,     31,     31,      0,      0,      0,      0,      0,      0,      0,      0,      0,      0,      0,      0,      0,45.3,35.4,61.4,49.2,43.1,35.2,57.8,47.1,45.3,35.4,61.4,49.2,43.1,35.2,57.8,47.1,0.0,0.0,0.0,0.0,0.0,0.0,0.0,0.0
2024-10-01,2024-10-04,0,617401,366233,295385,8502,54295,20721,6540,50309,22392,53336,33943,125672,603396,602717,14005,14684,617401,366233,295385,8502,54295,20721,6540,50309,22392,53336,33943,125672,603396,602717,14005,14684,0,0,0,0,0,0,0,0,0,0,0,0,0,0,0,0,   10025,   25557,  -14807,    -812,    3437,   -3288,    -940,    2379,    -972,  -16502,   18089,    5973,    9016,   10811,    1009,    -786,100.0,59.3,47.8,1.4,8.8,3.4,1.1,8.1,3.6,8.6,5.5,20.4,97.7,97.6,2.3,2.4,100.0,59.3,47.8,1.4,8.8,3.4,1.1,8.1,3.6,8.6,5.5,20.4,97.7,97.6,2.3,2.4,100.0,0.0,0.0,0.0,0.0,0.0,0.0,0.0,0.0,0.0,0.0,0.0,0.0,0.0,0.0,0.0,     43,     39,      5,      9,     13,.,     14,     12,     18,     22,     37,110,    107,     43,     39,      5,      9,     13,.,     14,     12,     18,     22,     37,    110,    107,      0,      0,      0,      0,      0,      0,      0,      0,      0,      0,      0,      0,      0,44.1,32.7,55.1,45.2,37.4,24.4,42.1,30.9,44.1,32.7,55.1,45.2,37.4,24.4,42.1,30.9,0.0,0.0,0.0,0.0,0.0,0.0,0.0,0.0
2024-10-08,2024-10-11,0,141004,20739,44272,36625,37725,4338,0,0,0,53944,24872,2401,118047,113608,22957,27396,141004,20739,44272,36625,37725,4338,0,0,0,53944,24872,2401,118047,113608,22957,27396,0,0,0,0,0,0,0,0,0,0,0,0,0,0,0,0,    9328,    -178,    1509,    6445,    3331,    -520,       0,       0,       0,    3008,    5780,    -187,    8568,    9913,     760,    -585,100.0,14.7,31.4,26.0,26.8,3.1,0.0,0.0,0.0,38.3,17.6,1.7,83.7,80.6,16.3,19.4,100.0,14.7,31.4,26.0,26.8,3.1,0.0,0.0,0.0,38.3,17.6,1.7,83.7,80.6,16.3,19.4,100.0,0.0,0.0,0.0,0.0,0.0,0.0,0.0,0.0,0.0,0.0,0.0,0.0,0.0,0.0,0.0,     17,     16,      6,      5,      6,      0,      0,      0,      5,      5,      6,33,     33,     17,     16,      6,      5,      6,      0,      0,      0,      5,      5,      6,     33,     33,      0,      0,      0,      0,      0,      0,      0,      0,      0,      0,      0,      0,      0,46.2,36.3,62.8,50.5,44.2,36.1,59.8,48.5,46.2,36.3,62.8,50.5,44.2,36.1,59.8,48.5,0.0,0.0,0.0,0.0,0.0,0.0,0.0,0.0
2024-10-08,2024-10-11,0,637812,376305,293122,10715,61974,26798,7132,53666,20160,56076,45444,124739,621925,625903,15887,11909,637812,376305,293122,10715,61974,26798,7132,53666,20160,56076,45444,124739,621925,625903,15887,11909,0,0,0,0,0,0,0,0,0,0,0,0,0,0,0,0,   20411,   10072,   -2263,    2213,    7679,    6077,     592,    3357,   -2232,    2740,   11501,    -933,   18529,   23186,    1882,   -2775,100.0,59.0,46.0,1.7,9.7,4.2,1.1,8.4,3.2,8.8,7.1,19.6,97.5,98.1,2.5,1.9,100.0,59.0,46.0,1.7,9.7,4.2,1.1,8.4,3.2,8.8,7.1,19.6,97.5,98.1,2.5,1.9,100.0,0.0,0.0,0.0,0.0,0.0,0.0,0.0,0.0,0.0,0.0,0.0,0.0,0.0,0.0,0.0,     44,     42,      6,      8,     14,      4,     14,     12,     15,     28,     39,116,    113,     44,     42,      6,      8,     14,      4,     14,     12,     15,     28,     39,    116,    113,      0,      0,      0,      0,      0,      0,      0,      0,      0,      0,      0,      0,      0,43.3,31.5,53.4,43.4,37.1,23.4,42.7,32.0,43.3,31.5,53.4,43.4,37.1,23.4,42.7,32.0,0.0,0.0,0.0,0.0,0.0,0.0,0.0,0.0
2024-10-15,2024-10-18,0,145464,22263,47218,37252,37478,4341,0,0,0,55078,25846,2466,121400,117349,24064,28115,145464,22263,47218,37252,37478,4341,0,0,0,55078,25846,2466,121400,117349,24064,28115,0,0,0,0,0,0,0,0,0,0,0,0,0,0,0,0,    4460,    1524,    2946,     627,    -247,       3,       0,       0,       0,    1134,     974,      65,    3353,    3741,    1107,     719,100.0,15.3,32.5,25.6,25.8,3.0,0.0,0.0,0.0,37.9,17.8,1.7,83.5,80.7,16.5,19.3,100.0,15.3,32.5,25.6,25.8,3.0,0.0,0.0,0.0,37.9,17.8,1.7,83.5,80.7,16.5,19.3,100.0,0.0,0.0,0.0,0.0,0.0,0.0,0.0,0.0,0.0,0.0,0.0,0.0,0.0,0.0,0.0,     20,     16,      6,      5,      6,      0,      0,      0,      5,      6,      6,37,     33,     20,     16,      6,      5,      6,      0,      0,      0,      5,      6,      6,     37,     33,      0,      0,      0,      0,      0,      0,      0,      0,      0,      0,      0,      0,      0,45.6,35.8,61.9,49.8,43.6,35.3,59.1,47.9,45.6,35.8,61.9,49.8,43.6,35.3,59.1,47.9,0.0,0.0,0.0,0.0,0.0,0.0,0.0,0.0
2024-10-15,2024-10-18,0,627956,354097,274086,11707,65268,26066,6735,57793,20314,59173,38359,133871,611963,615757,15993,12199,627956,354097,274086,11707,65268,26066,6735,57793,20314,59173,38359,133871,611963,615757,15993,12199,0,0,0,0,0,0,0,0,0,0,0,0,0,0,0,0,   -9856,  -22208,  -19036,     992,    3294,    -732,    -397,    4127,     154,    3097,   -7085,    9132,   -9962,  -10146,     106,     290,100.0,56.4,43.6,1.9,10.4,4.2,1.1,9.2,3.2,9.4,6.1,21.3,97.5,98.1,2.5,1.9,100.0,56.4,43.6,1.9,10.4,4.2,1.1,9.2,3.2,9.4,6.1,21.3,97.5,98.1,2.5,1.9,100.0,0.0,0.0,0.0,0.0,0.0,0.0,0.0,0.0,0.0,0.0,0.0,0.0,0.0,0.0,0.0,     40,     37,      6,      8,     13,.,     15,     12,     18,     21,     38,108,    105,     40,     37,      6,      8,     13,.,     15,     12,     18,     21,     38,    108,    105,      0,      0,      0,      0,      0,      0,      0,      0,      0,      0,      0,      0,      0,45.1,32.3,55.6,44.1,37.6,23.3,43.3,31.2,45.1,32.3,55.6,44.1,37.6,23.3,43.3,31.2,0.0,0.0,0.0,0.0,0.0,0.0,0.0,0.0
2024-10-22,2024-10-25,0,146756,23578,48493,37432,37178,4319,0,0,0,53721,25652,2850,121900,118492,24856,28264,146756,23578,48493,37432,37178,4319,0,0,0,53721,25652,2850,121900,118492,24856,28264,0,0,0,0,0,0,0,0,0,0,0,0,0,0,0,0,    1292,    1315,    1275,     180,    -300,     -22,       0,       0,       0,   -1357,    -194,     384,     500,    1143,     792,     149,100.0,16.1,33.0,25.5,25.3,2.9,0.0,0.0,0.0,36.6,17.5,1.9,83.1,80.7,16.9,19.3,100.0,16.1,33.0,25.5,25.3,2.9,0.0,0.0,0.0,36.6,17.5,1.9,83.1,80.7,16.9,19.3,100.0,0.0,0.0,0.0,0.0,0.0,0.0,0.0,0.0,0.0,0.0,0.0,0.0,0.0,0.0,0.0,     20,     17,      6,      5,      6,      0,      0,      0,      5,      6,      6,37,     34,     20,     17,      6,      5,      6,      0,      0,      0,      5,      6,      6,     37,     34,      0,      0,      0,      0,      0,      0,      0,      0,      0,      0,      0,      0,      0,44.7,35.8,61.1,49.7,42.8,35.0,58.4,47.6,44.7,35.8,61.1,49.7,42.8,35.0,58.4,47.6,0.0,0.0,0.0,0.0,0.0,0.0,0.0,0.0
2024-10-22,2024-10-25,0,629344,358062,277968,11145,66422,25586,6518,57719,20019,61904,41262,130979,614213,619955,15131,9389,629344,358062,277968,11145,66422,25586,6518,57719,20019,61904,41262,130979,614213,619955,15131,9389,0,0,0,0,0,0,0,0,0,0,0,0,0,0,0,0,    1388,    3965,    3882,    -562,    1154,    -480,    -217,     -74,    -295,    2731,    2903,   -2892,    2250,    4198,    -862,   -2810,100.0,56.9,44.2,1.8,10.6,4.1,1.0,9.2,3.2,9.8,6.6,20.8,97.6,98.5,2.4,1.5,100.0,56.9,44.2,1.8,10.6,4.1,1.0,9.2,3.2,9.8,6.6,20.8,97.6,98.5,2.4,1.5,100.0,0.0,0.0,0.0,0.0,0.0,0.0,0.0,0.0,0.0,0.0,0.0,0.0,0.0,0.0,0.0,     43,     43,      6,      8,     13,.,     17,     12,     15,     28,     41,113,    117,     43,     43,      6,      8,     13,.,     17,     12,     15,     28,     41,    113,    117,      0,      0,      0,      0,      0,      0,      0,      0,      0,      0,      0,      0,      0,43.9,32.0,54.4,44.2,36.1,23.4,41.2,31.6,43.9,32.0,54.4,44.2,36.1,23.4,41.2,31.6,0.0,0.0,0.0,0.0,0.0,0.0,0.0,0.0
2024-10-29,2024-11-01,0,155520,26738,49692,41322,38911,5279,0,0,0,48760,26670,7275,129374,127827,26146,27693,155520,26738,49692,41322,38911,5279,0,0,0,48760,26670,7275,129374,127827,26146,27693,0,0,0,0,0,0,0,0,0,0,0,0,0,0,0,0,    8764,    3160,    1199,    3890,    1733,     960,       0,       0,       0,   -4961,    1018,    4425,    7474,    9335,    1290,    -571,100.0,17.2,32.0,26.6,25.0,3.4,0.0,0.0,0.0,31.4,17.1,4.7,83.2,82.2,16.8,17.8,100.0,17.2,32.0,26.6,25.0,3.4,0.0,0.0,0.0,31.4,17.1,4.7,83.2,82.2,16.8,17.8,100.0,0.0,0.0,0.0,0.0,0.0,0.0,0.0,0.0,0.0,0.0,0.0,0.0,0.0,0.0,0.0,     21,     17,      7,      5,      7,      0,      0,      0,      4,      7,      7,39,     36,     21,     17,      7,      5,      7,      0,      0,      0,      4,      7,      7,     39,     36,      0,      0,      0,      0,      0,      0,      0,      0,      0,      0,      0,      0,      0,42.5,34.5,57.3,49.6,40.3,34.0,54.0,46.7,42.5,34.5,57.3,49.6,40.3,34.0,54.0,46.7,0.0,0.0,0.0,0.0,0.0,0.0,0.0,0.0
2024-10-29,2024-11-01,0,643322,358530,297397,10344,64148,28751,7048,56064,22026,71417,32163,131557,629673,632106,13649,11216,643322,358530,297397,10344,64148,28751,7048,56064,22026,71417,32163,131557,629673,632106,13649,11216,0,0,0,0,0,0,0,0,0,0,0,0,0,0,0,0,   13978,     468,   19429,    -801,   -2274,    3165,     530,   -1655,    2007,    9513,   -9099,     578,   15460,   12151,   -1482,    1827,100.0,55.7,46.2,1.6,10.0,4.5,1.1,8.7,3.4,11.1,5.0,20.4,97.9,98.3,2.1,1.7,100.0,55.7,46.2,1.6,10.0,4.5,1.1,8.7,3.4,11.1,5.0,20.4,97.9,98.3,2.1,1.7,100.0,0.0,0.0,0.0,0.0,0.0,0.0,0.0,0.0,0.0,0.0,0.0,0.0,0.0,0.0,0.0,     49,     43,      6,      8,     13,.,     15,     10,     20,     23,     40,118,    114,     49,     43,      6,      8,     13,.,     15,     10,     20,     23,     40,    118,    114,      0,      0,      0,      0,      0,      0,      0,      0,      0,      0,      0,      0,      0,41.2,31.1,51.6,43.6,33.4,24.4,39.0,32.4,41.2,31.1,51.6,43.6,33.4,24.4,39.0,32.4,0.0,0.0,0.0,0.0,0.0,0.0,0.0,0.0
2024-11-05,2024-11-08,0,137261,17812,40616,44117,32900,2446,0,0,0,40836,27170,6405,111616,109537,25645,27724,137261,17812,40616,44117,32900,2446,0,0,0,40836,27170,6405,111616,109537,25645,27724,0,0,0,0,0,0,0,0,0,0,0,0,0,0,0,0,  -18259,   -8926,   -9076,    2795,   -6011,   -2833,       0,       0,       0,   -7924,     500,    -870,  -17758,  -18290,    -501,      31,100.0,13.0,29.6,32.1,24.0,1.8,0.0,0.0,0.0,29.8,19.8,4.7,81.3,79.8,18.7,20.2,100.0,13.0,29.6,32.1,24.0,1.8,0.0,0.0,0.0,29.8,19.8,4.7,81.3,79.8,18.7,20.2,100.0,0.0,0.0,0.0,0.0,0.0,0.0,0.0,0.0,0.0,0.0,0.0,0.0,0.0,0.0,0.0,     15,     14,      7,      4,      6,      0,      0,      0,      4,      7,      6,32,     31,     15,     14,      7,      4,      6,      0,      0,      0,      4,      7,      6,     32,     31,      0,      0,      0,      0,      0,      0,      0,      0,      0,      0,      0,      0,      0,45.6,37.4,61.6,53.3,44.6,37.3,58.7,51.4,45.6,37.4,61.6,53.3,44.6,37.3,58.7,51.4,0.0,0.0,0.0,0.0,0.0,0.0,0.0,0.0
2024-11-05,2024-11-08,0,679338,373206,316765,9859,64407,35191,7206,58766,21126,78821,29056,141770,667179,667081,12159,12257,679338,373206,316765,9859,64407,35191,7206,58766,21126,78821,29056,141770,667179,667081,12159,12257,0,0,0,0,0,0,0,0,0,0,0,0,0,0,0,0,   36016,   14676,   19368,    -485,     259,    6440,     158,    2702,    -900,    7404,   -3107,   10213,   37506,   34975,   -1490,    1041,100.0,54.9,46.6,1.5,9.5,5.2,1.1,8.7,3.1,11.6,4.3,20.9,98.2,98.2,1.8,1.8,100.0,54.9,46.6,1.5,9.5,5.2,1.1,8.7,3.1,11.6,4.3,20.9,98.2,98.2,1.8,1.8,100.0,0.0,0.0,0.0,0.0,0.0,0.0,0.0,0.0,0.0,0.0,0.0,0.0,0.0,0.0,0.0,     50,     45,      6,      8,     12,      5,     15,     10,     18,     25,     39,118,    116,     50,     45,      6,      8,     12,      5,     15,     10,     18,     25,     39,    118,    116,      0,      0,      0,      0,      0,      0,      0,      0,      0,      0,      0,      0,      0,41.1,31.2,51.4,43.5,33.7,24.1,39.3,32.4,41.1,31.2,51.4,43.5,33.7,24.1,39.3,32.4,0.0,0.0,0.0,0.0,0.0,0.0,0.0,0.0
2024-11-12,2024-11-15,0,693238,383745,319352,7921,64743,33659,6199,63583,20632,77335,27520,152319,681810,681808,11428,11430,693238,383745,319352,7921,64743,33659,6199,63583,20632,77335,27520,152319,681810,681808,11428,11430,0,0,0,0,0,0,0,0,0,0,0,0,0,0,0,0,   13900,   10539,    2587,   -1938,     336,   -1532,   -1007,    4817,    -494,   -1486,   -1536,   10549,   14631,   14727,    -731,    -827,100.0,55.4,46.1,1.1,9.3,4.9,0.9,9.2,3.0,11.2,4.0,22.0,98.4,98.4,1.6,1.6,100.0,55.4,46.1,1.1,9.3,4.9,0.9,9.2,3.0,11.2,4.0,22.0,98.4,98.4,1.6,1.6,100.0,0.0,0.0,0.0,0.0,0.0,0.0,0.0,0.0,0.0,0.0,0.0,0.0,0.0,0.0,0.0,     45,     44,      6,      8,     13,      5,     17,     11,     20,     23,     40,116,    119,     45,     44,      6,      8,     13,      5,     17,     11,     20,     23,     40,    116,    119,      0,      0,      0,      0,      0,      0,      0,      0,      0,      0,      0,      0,      0,41.8,29.2,52.1,41.2,33.4,21.8,38.7,31.2,41.8,29.2,52.1,41.2,33.4,21.8,38.7,31.2,0.0,0.0,0.0,0.0,0.0,0.0,0.0,0.0
2024-11-12,2024-11-15,0,140729,20270,42423,43962,33313,3144,0,0,0,40706,27343,6936,115018,113159,25711,27570,140729,20270,42423,43962,33313,3144,0,0,0,40706,27343,6936,115018,113159,25711,27570,0,0,0,0,0,0,0,0,0,0,0,0,0,0,0,0,    3468,    2458,    1807,    -155,     413,     698,       0,       0,       0,    -130,     173,     531,    3402,    3622,      66,    -154,100.0,14.4,30.1,31.2,23.7,2.2,0.0,0.0,0.0,28.9,19.4,4.9,81.7,80.4,18.3,19.6,100.0,14.4,30.1,31.2,23.7,2.2,0.0,0.0,0.0,28.9,19.4,4.9,81.7,80.4,18.3,19.6,100.0,0.0,0.0,0.0,0.0,0.0,0.0,0.0,0.0,0.0,0.0,0.0,0.0,0.0,0.0,0.0,     16,     15,      7,      4,      6,      0,      0,      0,      4,      7,      6,33,     32,     16,     15,      7,      4,      6,      0,      0,      0,      4,      7,      6,     33,     32,      0,      0,      0,      0,      0,      0,      0,      0,      0,      0,      0,      0,      0,44.9,36.9,60.7,52.3,43.9,36.9,57.8,51.0,44.9,36.9,60.7,52.3,43.9,36.9,57.8,51.0,0.0,0.0,0.0,0.0,0.0,0.0,0.0,0.0
2024-11-19,2024-11-22,0,708539,412919,338741,8557,60719,35882,6504,61757,21978,67978,34168,144526,698344,697771,10195,10768,708539,412919,338741,8557,60719,35882,6504,61757,21978,67978,34168,144526,698344,697771,10195,10768,0,0,0,0,0,0,0,0,0,0,0,0,0,0,0,0,   15301,   29174,   19389,     636,   -4024,    2223,     305,   -1826,    1346,   -9357,    6648,   -7793,   16534,   15963,   -1233,    -662,100.0,58.3,47.8,1.2,8.6,5.1,0.9,8.7,3.1,9.6,4.8,20.4,98.6,98.5,1.4,1.5,100.0,58.3,47.8,1.2,8.6,5.1,0.9,8.7,3.1,9.6,4.8,20.4,98.6,98.5,1.4,1.5,100.0,0.0,0.0,0.0,0.0,0.0,0.0,0.0,0.0,0.0,0.0,0.0,0.0,0.0,0.0,0.0,     47,     47,      5,      8,     13,      4,     17,     10,     15,     26,     39,112,    122,     47,     47,      5,      8,     13,      4,     17,     10,     15,     26,     39,    112,    122,      0,      0,      0,      0,      0,      0,      0,      0,      0,      0,      0,      0,      0,41.2,31.5,52.1,42.4,34.2,23.3,39.5,32.0,41.2,31.5,52.1,42.4,34.2,23.3,39.5,32.0,0.0,0.0,0.0,0.0,0.0,0.0,0.0,0.0
2024-11-19,2024-11-22,0,147249,24753,47985,43922,35924,3150,0,0,0,45572,27751,5642,123039,120452,24210,26797,147249,24753,47985,43922,35924,3150,0,0,0,45572,27751,5642,123039,120452,24210,26797,0,0,0,0,0,0,0,0,0,0,0,0,0,0,0,0,    6520,    4483,    5562,     -40,    2611,       6,       0,       0,       0,    4866,     408,   -1294,    8021,    7293,   -1501,    -773,100.0,16.8,32.6,29.8,24.4,2.1,0.0,0.0,0.0,30.9,18.8,3.8,83.6,81.8,16.4,18.2,100.0,16.8,32.6,29.8,24.4,2.1,0.0,0.0,0.0,30.9,18.8,3.8,83.6,81.8,16.4,18.2,100.0,0.0,0.0,0.0,0.0,0.0,0.0,0.0,0.0,0.0,0.0,0.0,0.0,0.0,0.0,0.0,     19,     18,      7,      4,      6,      0,      0,      0,      5,      6,      5,35,     35,     19,     18,      7,      4,      6,      0,      0,      0,      5,      6,      5,     35,     35,      0,      0,      0,      0,      0,      0,      0,      0,      0,      0,      0,      0,      0,44.3,35.7,60.9,50.2,43.4,35.5,57.9,49.6,44.3,35.7,60.9,50.2,43.4,35.5,57.9,49.6,0.0,0.0,0.0,0.0,0.0,0.0,0.0,0.0
2024-11-26,2024-11-29,0,149662,24451,46211,43202,37043,4126,0,0,0,46274,27712,6028,124081,121120,25581,28542,149662,24451,46211,43202,37043,4126,0,0,0,46274,27712,6028,124081,121120,25581,28542,0,0,0,0,0,0,0,0,0,0,0,0,0,0,0,0,    2413,    -302,   -1774,    -720,    1119,     976,       0,       0,       0,     702,     -39,     386,    1042,     668,    1371,    1745,100.0,16.3,30.9,28.9,24.8,2.8,0.0,0.0,0.0,30.9,18.5,4.0,82.9,80.9,17.1,19.1,100.0,16.3,30.9,28.9,24.8,2.8,0.0,0.0,0.0,30.9,18.5,4.0,82.9,80.9,17.1,19.1,100.0,0.0,0.0,0.0,0.0,0.0,0.0,0.0,0.0,0.0,0.0,0.0,0.0,0.0,0.0,0.0,     17,     17,      7,      4,      6,      0,      0,      0,      5,      6,      5,33,     34,     17,     17,      7,      4,      6,      0,      0,      0,      5,      6,      5,     33,     34,      0,      0,      0,      0,      0,      0,      0,      0,      0,      0,      0,      0,      0,43.9,35.8,61.0,50.0,43.0,35.6,57.4,49.6,43.9,35.8,61.0,50.0,43.0,35.6,57.4,49.6,0.0,0.0,0.0,0.0,0.0,0.0,0.0,0.0
2024-11-26,2024-11-29,0,702683,416771,348195,11518,55461,29204,7019,60885,20569,67093,36361,140015,692189,690690,10494,11993,702683,416771,348195,11518,55461,29204,7019,60885,20569,67093,36361,140015,692189,690690,10494,11993,0,0,0,0,0,0,0,0,0,0,0,0,0,0,0,0,   -5856,    3852,    9454,    2961,   -5258,   -6678,     515,    -872,   -1409,    -885,    2193,   -4511,   -6155,   -7081,     299,    1225,100.0,59.3,49.6,1.6,7.9,4.2,1.0,8.7,2.9,9.5,5.2,19.9,98.5,98.3,1.5,1.7,100.0,59.3,49.6,1.6,7.9,4.2,1.0,8.7,2.9,9.5,5.2,19.9,98.5,98.3,1.5,1.7,100.0,0.0,0.0,0.0,0.0,0.0,0.0,0.0,0.0,0.0,0.0,0.0,0.0,0.0,0.0,0.0,     46,     44,      5,      8,     13,      5,     13,      9,     14,     27,     36,109,    114,     46,     44,      5,      8,     13,      5,     13,      9,     14,     27,     36,    109,    114,      0,      0,      0,      0,      0,      0,      0,      0,      0,      0,      0,      0,      0,43.2,33.6,55.0,44.4,38.1,26.5,43.7,34.3,43.2,33.6,55.0,44.4,38.1,26.5,43.7,34.3,0.0,0.0,0.0,0.0,0.0,0.0,0.0,0.0
2024-12-03,2024-12-06,0,134738,18266,40276,41904,34623,3206,0,0,0,42121,23944,5830,111327,107879,23411,26859,134738,18266,40276,41904,34623,3206,0,0,0,42121,23944,5830,111327,107879,23411,26859,0,0,0,0,0,0,0,0,0,0,0,0,0,0,0,0,  -14924,   -6185,   -5935,   -1298,   -2420,    -920,       0,       0,       0,   -4153,   -3768,    -198,  -12754,  -13241,   -2170,   -1683,100.0,13.6,29.9,31.1,25.7,2.4,0.0,0.0,0.0,31.3,17.8,4.3,82.6,80.1,17.4,19.9,100.0,13.6,29.9,31.1,25.7,2.4,0.0,0.0,0.0,31.3,17.8,4.3,82.6,80.1,17.4,19.9,100.0,0.0,0.0,0.0,0.0,0.0,0.0,0.0,0.0,0.0,0.0,0.0,0.0,0.0,0.0,0.0,     15,     17,      7,      4,      6,      0,      0,      0,      5,      6,      6,31,     35,     15,     17,      7,      4,      6,      0,      0,      0,      5,      6,      6,     31,     35,      0,      0,      0,      0,      0,      0,      0,      0,      0,      0,      0,      0,      0,46.6,37.2,63.2,52.6,46.0,37.0,60.8,50.9,46.6,37.2,63.2,52.6,46.0,37.0,60.8,50.9,0.0,0.0,0.0,0.0,0.0,0.0,0.0,0.0
2024-12-03,2024-12-06,0,703087,402399,346527,11925,53890,29071,7337,63414,19828,76381,32946,146596,693537,692272,9550,10815,703087,402399,346527,11925,53890,29071,7337,63414,19828,76381,32946,146596,693537,692272,9550,10815,0,0,0,0,0,0,0,0,0,0,0,0,0,0,0,0,     404,  -14372,   -1668,     407,   -1571,    -133,     318,    2529,    -741,    9288,   -3415,    6581,    1348,    1582,    -944,   -1178,100.0,57.2,49.3,1.7,7.7,4.1,1.0,9.0,2.8,10.9,4.7,20.9,98.6,98.5,1.4,1.5,100.0,57.2,49.3,1.7,7.7,4.1,1.0,9.0,2.8,10.9,4.7,20.9,98.6,98.5,1.4,1.5,100.0,0.0,0.0,0.0,0.0,0.0,0.0,0.0,0.0,0.0,0.0,0.0,0.0,0.0,0.0,0.0,     45,     43,      5,      8,     13,      6,     13,     10,     15,     27,     37,111,    114,     45,     43,      5,      8,     13,      6,     13,     10,     15,     27,     37,    111,    114,      0,      0,      0,      0,      0,      0,      0,      0,      0,      0,      0,      0,      0,44.3,33.8,57.0,44.9,38.7,26.4,43.8,34.6,44.3,33.8,57.0,44.9,38.7,26.4,43.8,34.6,0.0,0.0,0.0,0.0,0.0,0.0,0.0,0.0
2024-12-10,2024-12-13,0,714185,408378,353710,12701,55897,27718,7154,64218,19219,82501,34144,145242,702913,700148,11272,14037,714185,408378,353710,12701,55897,27718,7154,64218,19219,82501,34144,145242,702913,700148,11272,14037,0,0,0,0,0,0,0,0,0,0,0,0,0,0,0,0,   11098,    5979,    7183,     776,    2007,   -1353,    -183,     804,    -609,    6120,    1198,   -1354,    9376,    7876,    1722,    3222,100.0,57.2,49.5,1.8,7.8,3.9,1.0,9.0,2.7,11.6,4.8,20.3,98.4,98.0,1.6,2.0,100.0,57.2,49.5,1.8,7.8,3.9,1.0,9.0,2.7,11.6,4.8,20.3,98.4,98.0,1.6,2.0,100.0,0.0,0.0,0.0,0.0,0.0,0.0,0.0,0.0,0.0,0.0,0.0,0.0,0.0,0.0,0.0,     47,     45,      6,      8,     13,      6,     13,     11,     14,     26,     36,113,    114,     47,     45,      6,      8,     13,      6,     13,     11,     14,     26,     36,    113,    114,      0,      0,      0,      0,      0,      0,      0,      0,      0,      0,      0,      0,      0,43.5,32.9,55.8,44.0,37.8,25.5,42.7,33.8,43.5,32.9,55.8,44.0,37.8,25.5,42.7,33.8,0.0,0.0,0.0,0.0,0.0,0.0,0.0,0.0
2024-12-10,2024-12-13,0,151130,33426,40350,41921,51016,3741,0,0,0,41915,24205,6700,127703,126012,23427,25118,151130,33426,40350,41921,51016,3741,0,0,0,41915,24205,6700,127703,126012,23427,25118,0,0,0,0,0,0,0,0,0,0,0,0,0,0,0,0,   16392,   15160,      74,      17,   16393,     535,       0,       0,       0,    -206,     261,     870,   16376,   18133,      16,   -1741,100.0,22.1,26.7,27.7,33.8,2.5,0.0,0.0,0.0,27.7,16.0,4.4,84.5,83.4,15.5,16.6,100.0,22.1,26.7,27.7,33.8,2.5,0.0,0.0,0.0,27.7,16.0,4.4,84.5,83.4,15.5,16.6,100.0,0.0,0.0,0.0,0.0,0.0,0.0,0.0,0.0,0.0,0.0,0.0,0.0,0.0,0.0,0.0,     19,     18,      7,      5,      7,      0,      0,      0,      5,      6,      6,36,     37,     19,     18,      7,      5,      7,      0,      0,      0,      5,      6,      6,     36,     37,      0,      0,      0,      0,      0,      0,      0,      0,      0,      0,      0,      0,      0,45.1,39.2,62.1,53.7,41.4,39.0,57.6,52.5,45.1,39.2,62.1,53.7,41.4,39.0,57.6,52.5,0.0,0.0,0.0,0.0,0.0,0.0,0.0,0.0
2024-12-17,2024-12-20,0,710746,398124,358199,10958,53254,26967,7996,62508,19986,87355,30050,149222,700608,700186,10138,10560,710746,398124,358199,10958,53254,26967,7996,62508,19986,87355,30050,149222,700608,700186,10138,10560,0,0,0,0,0,0,0,0,0,0,0,0,0,0,0,0,   -3439,  -10254,    4489,   -1743,   -2643,    -751,     842,   -1710,     767,    4854,   -4094,    3980,   -2305,      38,   -1134,   -3477,100.0,56.0,50.4,1.5,7.5,3.8,1.1,8.8,2.8,12.3,4.2,21.0,98.6,98.5,1.4,1.5,100.0,56.0,50.4,1.5,7.5,3.8,1.1,8.8,2.8,12.3,4.2,21.0,98.6,98.5,1.4,1.5,100.0,0.0,0.0,0.0,0.0,0.0,0.0,0.0,0.0,0.0,0.0,0.0,0.0,0.0,0.0,0.0,     48,     46,      6,      8,     14,      7,     14,     14,     17,     25,     38,121,    122,     48,     46,      6,      8,     14,      7,     14,     14,     17,     25,     38,    121,    122,      0,      0,      0,      0,      0,      0,      0,      0,      0,      0,      0,      0,      0,42.3,33.3,54.2,44.8,35.5,25.3,41.7,33.9,42.3,33.3,54.2,44.8,35.5,25.3,41.7,33.9,0.0,0.0,0.0,0.0,0.0,0.0,0.0,0.0
2024-12-17,2024-12-20,0,162902,37491,42068,42283,52989,3923,0,0,0,44819,27193,10317,138833,136490,24069,26412,162902,37491,42068,42283,52989,3923,0,0,0,44819,27193,10317,138833,136490,24069,26412,0,0,0,0,0,0,0,0,0,0,0,0,0,0,0,0,   11772,    4065,    1718,     362,    1973,     182,       0,       0,       0,    2904,    2988,    3617,   11130,   10478,     642,    1294,100.0,23.0,25.8,26.0,32.5,2.4,0.0,0.0,0.0,27.5,16.7,6.3,85.2,83.8,14.8,16.2,100.0,23.0,25.8,26.0,32.5,2.4,0.0,0.0,0.0,27.5,16.7,6.3,85.2,83.8,14.8,16.2,100.0,0.0,0.0,0.0,0.0,0.0,0.0,0.0,0.0,0.0,0.0,0.0,0.0,0.0,0.0,0.0,     19,     17,      7,      5,      6,      0,      0,      0,      4,      7,      6,36,     35,     19,     17,      7,      5,      6,      0,      0,      0,      4,      7,      6,     36,     35,      0,      0,      0,      0,      0,      0,      0,      0,      0,      0,      0,      0,      0,45.4,37.4,61.8,51.3,40.9,37.3,56.4,50.1,45.4,37.4,61.8,51.3,40.9,37.3,56.4,50.1,0.0,0.0,0.0,0.0,0.0,0.0,0.0,0.0
2024-12-24,2024-12-27,0,721736,406528,378815,12469,55949,24900,8287,50246,20394,82733,24902,155353,710664,710559,11072,11177,721736,406528,378815,12469,55949,24900,8287,50246,20394,82733,24902,155353,710664,710559,11072,11177,0,0,0,0,0,0,0,0,0,0,0,0,0,0,0,0,   10990,    8404,   20616,    1511,    2695,   -2067,     291,  -12262,     408,   -4622,   -5148,    6131,   10056,   10373,     934,     617,100.0,56.3,52.5,1.7,7.8,3.5,1.1,7.0,2.8,11.5,3.5,21.5,98.5,98.5,1.5,1.5,100.0,56.3,52.5,1.7,7.8,3.5,1.1,7.0,2.8,11.5,3.5,21.5,98.5,98.5,1.5,1.5,100.0,0.0,0.0,0.0,0.0,0.0,0.0,0.0,0.0,0.0,0.0,0.0,0.0,0.0,0.0,0.0,     49,     46,      6,      8,     14,      7,     13,     12,     21,     21,     39,121,    122,     49,     46,      6,      8,     14,      7,     13,     12,     21,     21,     39,    121,    122,      0,      0,      0,      0,      0,      0,      0,      0,      0,      0,      0,      0,      0,40.6,33.9,52.8,45.1,33.2,25.7,40.2,32.9,40.6,33.9,52.8,45.1,33.2,25.7,40.2,32.9,0.0,0.0,0.0,0.0,0.0,0.0,0.0,0.0
2024-12-24,2024-12-27,0,166999,38625,44182,47626,50445,3968,0,0,0,43519,28850,10562,144300,138007,22699,28992,166999,38625,44182,47626,50445,3968,0,0,0,43519,28850,10562,144300,138007,22699,28992,0,0,0,0,0,0,0,0,0,0,0,0,0,0,0,0,    4097,    1134,    2114,    5343,   -2544,      45,       0,       0,       0,   -1300,    1657,     245,    5467,    1517,   -1370,    2580,100.0,23.1,26.5,28.5,30.2,2.4,0.0,0.0,0.0,26.1,17.3,6.3,86.4,82.6,13.6,17.4,100.0,23.1,26.5,28.5,30.2,2.4,0.0,0.0,0.0,26.1,17.3,6.3,86.4,82.6,13.6,17.4,100.0,0.0,0.0,0.0,0.0,0.0,0.0,0.0,0.0,0.0,0.0,0.0,0.0,0.0,0.0,0.0,     19,     18,      8,      5,      6,      0,      0,      0,.,      7,      5,36,     35,     19,     18,      8,      5,      6,      0,      0,      0,.,      7,      5,     36,     35,      0,      0,      0,      0,      0,      0,      0,      0,      0,      0,      0,      0,      0,44.0,37.1,60.1,49.8,39.7,36.9,54.9,47.8,44.0,37.1,60.1,49.8,39.7,36.9,54.9,47.8,0.0,0.0,0.0,0.0,0.0,0.0,0.0,0.0
2024-12-31,2025-01-03,0,167767,38300,43779,48122,51567,3359,0,0,0,44604,28938,10457,144842,138100,22925,29667,167767,38300,43779,48122,51567,3359,0,0,0,44604,28938,10457,144842,138100,22925,29667,0,0,0,0,0,0,0,0,0,0,0,0,0,0,0,0,     768,    -325,    -403,     496,    1122,    -609,       0,       0,       0,    1085,      88,    -105,     542,      93,     226,     675,100.0,22.8,26.1,28.7,30.7,2.0,0.0,0.0,0.0,26.6,17.2,6.2,86.3,82.3,13.7,17.7,100.0,22.8,26.1,28.7,30.7,2.0,0.0,0.0,0.0,26.6,17.2,6.2,86.3,82.3,13.7,17.7,100.0,0.0,0.0,0.0,0.0,0.0,0.0,0.0,0.0,0.0,0.0,0.0,0.0,0.0,0.0,0.0,     19,     19,      8,      5,      6,      0,      0,      0,.,      7,      5,36,     36,     19,     19,      8,      5,      6,      0,      0,      0,.,      7,      5,     36,     36,      0,      0,      0,      0,      0,      0,      0,      0,      0,      0,      0,      0,      0,43.7,37.3,60.5,49.4,39.8,37.2,55.1,48.4,43.7,37.3,60.5,49.4,39.8,37.2,55.1,48.4,0.0,0.0,0.0,0.0,0.0,0.0,0.0,0.0
2024-12-31,2025-01-03,0,718014,403735,380357,16015,55768,22655,8226,50490,19665,83219,24296,154019,707534,707250,10480,10764,718014,403735,380357,16015,55768,22655,8226,50490,19665,83219,24296,154019,707534,707250,10480,10764,0,0,0,0,0,0,0,0,0,0,0,0,0,0,0,0,   -3722,   -2793,    1542,    3546,    -181,   -2245,     -61,     244,    -729,     486,    -606,   -1334,   -3130,   -3309,    -592,    -413,100.0,56.2,53.0,2.2,7.8,3.2,1.1,7.0,2.7,11.6,3.4,21.5,98.5,98.5,1.5,1.5,100.0,56.2,53.0,2.2,7.8,3.2,1.1,7.0,2.7,11.6,3.4,21.5,98.5,98.5,1.5,1.5,100.0,0.0,0.0,0.0,0.0,0.0,0.0,0.0,0.0,0.0,0.0,0.0,0.0,0.0,0.0,0.0,     47,     42,      7,      8,     14,      7,     13,     12,     22,     22,     41,122,    119,     47,     42,      7,      8,     14,      7,     13,     12,     22,     22,     41,    122,    119,      0,      0,      0,      0,      0,      0,      0,      0,      0,      0,      0,      0,      0,40.6,34.2,53.0,46.1,32.9,26.2,39.7,33.4,40.6,34.2,53.0,46.1,32.9,26.2,39.7,33.4,0.0,0.0,0.0,0.0,0.0,0.0,0.0,0.0
